comment_id,video_id,author,comment,like_count,published_at,creator,domain,video_title,video_views,video_likes,video_comment_count
Ugzmn0h0UJT_mWOl24J4AaABAg,3GNyw4uaAqU,@MrBeast,"Subscribe to have your name added


NO PURCHASE NECESSARY TO ENTER OR WIN. Takes place from 12:00 p.m. ET on January 13, 2026 through11:59 a.m. ET on February 12, 2026.  See Official Rules at https://bit.ly/subthrow for eligibility requirements, individual entry periodsand complete details. Void where prohibited. Sponsor: MrBeastYouTube, LLC.",59173,2026-01-13T18:58:08Z,MrBeast,Gaming,Subscribe for an iPhone,1226347073,6874284,184396
UgzhXzyjdp7z-iRyu1F4AaABAg,3GNyw4uaAqU,@body-i1y,"New follower:  😊😁
Old follower :  🗿😐",41946,2026-01-14T18:55:43Z,MrBeast,Gaming,Subscribe for an iPhone,1226347073,6874284,184396
UgxO1yPZr84iJhZaSFB4AaABAg,3GNyw4uaAqU,@lyricfeel-yuvi,Kaushal kumar I swear he's from India fr. 😂,27968,2026-01-14T04:14:27Z,MrBeast,Gaming,Subscribe for an iPhone,1226347073,6874284,184396
Ugw8p213biPArtfVtNV4AaABAg,3GNyw4uaAqU,@rakeshanonymous3969,Bro won the lottery 💰🤑,1,2026-09-30T11:51:10Z,MrBeast,Gaming,Subscribe for an iPhone,1226347073,6874284,184396
Ugw7b8ICeKsnHGnV_gh4AaABAg,3GNyw4uaAqU,@jaimaakali8311,Old and loyal fans-😐🙃😶😑,637,2026-07-29T02:57:28Z,MrBeast,Gaming,Subscribe for an iPhone,1226347073,6874284,184396
UgyPRuBLfcZ4yXjXpR14AaABAg,3GNyw4uaAqU,@VadersPrime,The one person in the corner 😭😭,18119,2026-01-13T22:23:44Z,MrBeast,Gaming,Subscribe for an iPhone,1226347073,6874284,184396
UgxkcS66WyJS8J49Skd4AaABAg,3GNyw4uaAqU,@nakhodagah,مستر بیست یکی از خصوصیات خوبش اینه که اگر خودش به جایی رسیده ،خسیس نیست و توی هر کلیپش داره به مردم میبخشه از مالش و مردم هم لذت میبرن از دیدن بخشندگیش و کلیپهای خوبش,6,2026-09-22T15:05:53Z,MrBeast,Gaming,Subscribe for an iPhone,1226347073,6874284,184396
UgxQ8uarDWAlNnZ6uWl4AaABAg,3GNyw4uaAqU,@krzyiwl,Justice For Old Subsribers😢,115,2026-09-21T12:53:42Z,MrBeast,Gaming,Subscribe for an iPhone,1226347073,6874284,184396
UgxJZLWio2s4Z5UloOZ4AaABAg,3GNyw4uaAqU,@Anujkumar1_1,Justice for old subscriber,5673,2026-01-19T10:18:35Z,MrBeast,Gaming,Subscribe for an iPhone,1226347073,6874284,184396
Ugy2SicoOhYt42DIkp14AaABAg,3GNyw4uaAqU,@Darky-pixel-cat-2,Bro won a broken iPhone,300,2026-08-18T06:51:07Z,MrBeast,Gaming,Subscribe for an iPhone,1226347073,6874284,184396
Ugx-Tti0vb0PKpucUPh4AaABAg,3GNyw4uaAqU,@gululuai,Justice for old subscribers🥺,3,2026-09-28T16:19:01Z,MrBeast,Gaming,Subscribe for an iPhone,1226347073,6874284,184396
UgxtlLrBrWoX7JtVysN4AaABAg,3GNyw4uaAqU,@RealSrxB,0.0000000001% Chance of winning..,5158,2026-01-14T08:05:34Z,MrBeast,Gaming,Subscribe for an iPhone,1226347073,6874284,184396
UgygSlfngZZzY0FZIO54AaABAg,3GNyw4uaAqU,@gamingwithtitan6699,So nothing for the old OG fans 😢,3023,2026-01-14T20:01:07Z,MrBeast,Gaming,Subscribe for an iPhone,1226347073,6874284,184396
UgxUt9iRQcVGUtGyqSJ4AaABAg,3GNyw4uaAqU,@Blackshadows_A-13,"That one 500,000,001 th subscriber..........",2,2026-09-24T12:13:41Z,MrBeast,Gaming,Subscribe for an iPhone,1226347073,6874284,184396
UgxEXISz5JJlSy7cQ8l4AaABAg,3GNyw4uaAqU,@FelixAlvaro09,Probability: 0.0001%,151,2026-01-13T19:06:11Z,MrBeast,Gaming,Subscribe for an iPhone,1226347073,6874284,184396
UgyzCf5xB77sITpSfKF4AaABAg,3GNyw4uaAqU,@paulosousa-v1e,"I'm no longer subscribed, I subscribed again, I'm curious.",2622,2026-01-13T21:10:18Z,MrBeast,Gaming,Subscribe for an iPhone,1226347073,6874284,184396
UgyVguPixhztHN3-tsh4AaABAg,3GNyw4uaAqU,@GTOverHere,That one subscriber after the subscriber window 😂,46,2026-08-22T18:56:24Z,MrBeast,Gaming,Subscribe for an iPhone,1226347073,6874284,184396
Ugzld8flw3SkAyzasuN4AaABAg,3GNyw4uaAqU,@aliasqargorzin6817,"Now, are you sending me a question from Iran?",2,2026-09-25T15:24:28Z,MrBeast,Gaming,Subscribe for an iPhone,1226347073,6874284,184396
UgxBAAmaYih6VZ6FtHh4AaABAg,3GNyw4uaAqU,@Hello-i6,Bros so rich he is throwing IPhones now😭,321,2026-01-13T19:04:04Z,MrBeast,Gaming,Subscribe for an iPhone,1226347073,6874284,184396
Ugzh8baG1lfXmCZ66A54AaABAg,3GNyw4uaAqU,@Air_Aviation_Philippines,bro won a very broken iphone,109,2026-09-01T08:30:04Z,MrBeast,Gaming,Subscribe for an iPhone,1226347073,6874284,184396
UgyHrErJKYzs_gsy2094AaABAg,3GNyw4uaAqU,@Раззаков-в3к,"`Hey, don't touch me!`😂",32,2026-08-03T18:15:34Z,MrBeast,Gaming,Subscribe for an iPhone,1226347073,6874284,184396
UgzXdbE-Zu5ix9JcJoN4AaABAg,3GNyw4uaAqU,@ChaddharFF,"""I want an iPhone too.""",1,2026-09-25T01:39:29Z,MrBeast,Gaming,Subscribe for an iPhone,1226347073,6874284,184396
UgzjkOfMm7RRQ7V-sZZ4AaABAg,3GNyw4uaAqU,@Lavaspike2020,Bros getting a cracked iphone 😭,284,2026-04-06T15:20:40Z,MrBeast,Gaming,Subscribe for an iPhone,1226347073,6874284,184396
UgyI6U1K11EoNE6izT54AaABAg,3GNyw4uaAqU,@JOHNLeon-p5t,1 billion views in 6 months??? That's crazy,82,2026-07-18T13:54:44Z,MrBeast,Gaming,Subscribe for an iPhone,1226347073,6874284,184396
Ugxe8b2wsP6UfZ59tHx4AaABAg,3GNyw4uaAqU,@middykid,What about old subscriber ?😢,1175,2026-01-14T04:05:44Z,MrBeast,Gaming,Subscribe for an iPhone,1226347073,6874284,184396
Ugx7dz0nKRwihf02BMR4AaABAg,3GNyw4uaAqU,@Stejkonewchannelautor,"follower gets an iphone ❌
follower gets cracked iphone✅",1,2026-09-25T20:58:43Z,MrBeast,Gaming,Subscribe for an iPhone,1226347073,6874284,184396
Ugw9MLcnyJ0MbSsXfrJ4AaABAg,3GNyw4uaAqU,@name-c9n,Старые подписчики курять в сторонке,137,2026-01-13T19:15:10Z,MrBeast,Gaming,Subscribe for an iPhone,1226347073,6874284,184396
Ugz3rJycbUFq4MlQmcR4AaABAg,3GNyw4uaAqU,@YeahMannET,No love for OG subs huh..,700,2026-01-14T00:45:02Z,MrBeast,Gaming,Subscribe for an iPhone,1226347073,6874284,184396
UgwfoFMq-M9zjpnM0mt4AaABAg,3GNyw4uaAqU,@RollingStoneHD,are you still doing this @MrBeast ??,27,2026-09-12T17:03:17Z,MrBeast,Gaming,Subscribe for an iPhone,1226347073,6874284,184396
UgwNTnTgoHv-aiRB6Tp4AaABAg,3GNyw4uaAqU,@miya4vibes,"Mr Beast: ""Congrats you just won an iphone""

Koshal Kumar: ""Oh why is it smashed"" 😂😂",19,2026-09-11T07:54:26Z,MrBeast,Gaming,Subscribe for an iPhone,1226347073,6874284,184396
Ugy97For_xdq-_M26XN4AaABAg,3GNyw4uaAqU,@J1st_DAv1dutzzu,That IPhone is dead now😂,1,2026-09-23T21:11:58Z,MrBeast,Gaming,Subscribe for an iPhone,1226347073,6874284,184396
UgxT_ws8WkOn7LDIvKt4AaABAg,3GNyw4uaAqU,@Cheesebirger-x8j,1.2 Billion visits 💀💀💀,77,2026-04-24T23:19:42Z,MrBeast,Gaming,Subscribe for an iPhone,1226347073,6874284,184396
Ugw2nN7uTOSrho4C_FB4AaABAg,3GNyw4uaAqU,@fatemaalghamdi,not the phone broken 🙏🥀,33,2026-01-19T12:10:03Z,MrBeast,Gaming,Subscribe for an iPhone,1226347073,6874284,184396
UgwTmdez4H22pJYK9VV4AaABAg,3GNyw4uaAqU,@TuanVibe,Chance to be seen in the video: one less zero from the chance of getting iphone,40,2026-08-06T15:54:14Z,MrBeast,Gaming,Subscribe for an iPhone,1226347073,6874284,184396
Ugyf8zKVahRY1po8Zux4AaABAg,3GNyw4uaAqU,@flinkside,have fun adding 500 million names bro,1,2026-09-26T20:24:59Z,MrBeast,Gaming,Subscribe for an iPhone,1226347073,6874284,184396
UgxgBrdH2_aRre3N8yp4AaABAg,3GNyw4uaAqU,@AMOGUS-avtobus,Old subscribers:  😐,143,2026-06-10T09:58:19Z,MrBeast,Gaming,Subscribe for an iPhone,1226347073,6874284,184396
UgyWEmAe5XQK7s45D-p4AaABAg,3GNyw4uaAqU,@kalu_jaat_5112,Main to India se hun kaise doge,48,2026-01-14T12:22:40Z,MrBeast,Gaming,Subscribe for an iPhone,1226347073,6874284,184396
Ugx1b7YC5D-GLuXOZ2l4AaABAg,3GNyw4uaAqU,@theblackYouTuber-123,Old subscribers:I will unsubscribe then I subscribe,163,2026-04-20T12:24:03Z,MrBeast,Gaming,Subscribe for an iPhone,1226347073,6874284,184396
UgzR1KQz43iI6flGxP94AaABAg,3GNyw4uaAqU,@Messigoat17-523,That floors that will be broken,1,2026-09-22T06:42:23Z,MrBeast,Gaming,Subscribe for an iPhone,1226347073,6874284,184396
UgxIcnaVqzJa_AC57HV4AaABAg,3GNyw4uaAqU,@GarrettTheCarrot,Good thing I filled my name with magnets,608,2026-01-13T19:23:27Z,MrBeast,Gaming,Subscribe for an iPhone,1226347073,6874284,184396
UgxonydeK61Sx8ND2D54AaABAg,3GNyw4uaAqU,@BustlingKiwi,"Could you do this, but instead pay my rent?",107,2026-01-19T05:53:18Z,MrBeast,Gaming,Subscribe for an iPhone,1226347073,6874284,184396
UgxzsasvJsnVrsIhlk54AaABAg,3GNyw4uaAqU,@CreativeZach,But 1 billion people viewed this video that’s crazy. Congratulations.,54,2026-03-12T01:07:22Z,MrBeast,Gaming,Subscribe for an iPhone,1226347073,6874284,184396
UgyexxecFzG74p7YX094AaABAg,3GNyw4uaAqU,@yeetingng861,Bro just broke the phone😢,1,2026-09-24T08:18:56Z,MrBeast,Gaming,Subscribe for an iPhone,1226347073,6874284,184396
UgzzOfzkva2jzCHzbXV4AaABAg,3GNyw4uaAqU,@AsiyaK-l3d,The one person in tha corner😭😭,80,2026-04-16T04:05:37Z,MrBeast,Gaming,Subscribe for an iPhone,1226347073,6874284,184396
Ugx2bnZWPtASicvRLGV4AaABAg,3GNyw4uaAqU,@AMpenguinBlox,I’m pretty sure the iPhone is broken😂,54,2026-01-26T12:13:03Z,MrBeast,Gaming,Subscribe for an iPhone,1226347073,6874284,184396
Ugw603FVvZfW5gVe9v14AaABAg,3GNyw4uaAqU,@CataleyaVeniceIbañez,Bro its broken😂😂,30,2026-05-24T02:45:39Z,MrBeast,Gaming,Subscribe for an iPhone,1226347073,6874284,184396
Ugz3yJp3emvhYmklJxB4AaABAg,3GNyw4uaAqU,@Thegamer123-p9j,Not me getting one and realizing he threw it so hard it broke 😂😂😂,1,2026-09-22T21:35:31Z,MrBeast,Gaming,Subscribe for an iPhone,1226347073,6874284,184396
UgwvmgUWRYGpQntlkUZ4AaABAg,3GNyw4uaAqU,@FooBananaMan,THATS NOT FAIR FOR LOYAL OLDER SUBCRIBERS WHO CAN DO NOTHING ABOUT IT,102,2026-01-13T19:03:11Z,MrBeast,Gaming,Subscribe for an iPhone,1226347073,6874284,184396
Ugz1CFJQLPXrV-K5_4V4AaABAg,3GNyw4uaAqU,@Flitze2.0,An iPhone that's broken because he threw it 😂,104,2026-05-23T00:10:35Z,MrBeast,Gaming,Subscribe for an iPhone,1226347073,6874284,184396
UgwPi4hKSByF4zkzwIR4AaABAg,3GNyw4uaAqU,@KoshalKumar07,"That one 499,999,999M Subscriber....",22,2026-01-13T19:17:42Z,MrBeast,Gaming,Subscribe for an iPhone,1226347073,6874284,184396
Ugw3jNF9vTElFNbjgmZ4AaABAg,3GNyw4uaAqU,@AbuBenMohammed,Don't forget your old subscribers,1,2026-09-28T16:16:11Z,MrBeast,Gaming,Subscribe for an iPhone,1226347073,6874284,184396
UgxyR-lNp35Px184ZxR4AaABAg,3GNyw4uaAqU,@albertlopez9534,* opens * iPhone cracked,67,2026-04-02T09:20:45Z,MrBeast,Gaming,Subscribe for an iPhone,1226347073,6874284,184396
UgxTZFL7O07N9E4vnft4AaABAg,3GNyw4uaAqU,@AmAm-n5z5y,What about old subscriber?!😢😢,389,2026-01-14T14:41:02Z,MrBeast,Gaming,Subscribe for an iPhone,1226347073,6874284,184396
UgwWn_K44GeDbOrjSS94AaABAg,3GNyw4uaAqU,@Everett-d8x,Imagine how exciting it would be to be the one picked in a video,41,2026-01-13T23:31:27Z,MrBeast,Gaming,Subscribe for an iPhone,1226347073,6874284,184396
UgyNnaupR1oJ37f2GpF4AaABAg,3GNyw4uaAqU,@ZakariaAchahbi-v1h,يا مستر بيست انا احبك حلمي ان ارى في يوم ما,0,2026-09-30T11:38:29Z,MrBeast,Gaming,Subscribe for an iPhone,1226347073,6874284,184396
Ugz3eCEf0MBY9IjmdGV4AaABAg,3GNyw4uaAqU,@Valour-y1v,Nah what about old ones not fair,35,2026-01-14T02:00:18Z,MrBeast,Gaming,Subscribe for an iPhone,1226347073,6874284,184396
UgxbJesqdDLMFqUbcNB4AaABAg,3GNyw4uaAqU,@WH4TS_UP-s9p,That phone is probably not gonna work anymore,73,2026-06-25T04:03:50Z,MrBeast,Gaming,Subscribe for an iPhone,1226347073,6874284,184396
UgwWG6wQqy7bLn2ZC5h4AaABAg,3GNyw4uaAqU,@thevargarian_official,1.2 billion views is absolutely insane,66,2026-04-08T19:50:19Z,MrBeast,Gaming,Subscribe for an iPhone,1226347073,6874284,184396
Ugy8kmGmqUQD28aPH4t4AaABAg,3GNyw4uaAqU,@SoheiKhal,"Bro doesn't have a unbroken iPhone i

hope",0,2026-09-27T04:39:33Z,MrBeast,Gaming,Subscribe for an iPhone,1226347073,6874284,184396
Ugzu9bEuE-ujIaavaHt4AaABAg,3GNyw4uaAqU,@KhadijaHaidary-r7p,"I subscribed, hoping to win an iPhone.",45,2026-02-12T22:28:55Z,MrBeast,Gaming,Subscribe for an iPhone,1226347073,6874284,184396
Ugy2cPDynTAKNoxznhV4AaABAg,3GNyw4uaAqU,@RedGamer1612,"Why nothing for the old fans, bro?",202,2026-01-19T17:20:13Z,MrBeast,Gaming,Subscribe for an iPhone,1226347073,6874284,184396
UgwMZvz_nvbgZCdyyNR4AaABAg,3GNyw4uaAqU,@zonixzone333,"2026:Iphone
2030: computer",77,2026-07-12T18:04:26Z,MrBeast,Gaming,Subscribe for an iPhone,1226347073,6874284,184396
UgzgOl6CCoH_XO6jFwV4AaABAg,3GNyw4uaAqU,@AsmaBegum-y5q,I am your old fans,2,2026-09-25T03:09:37Z,MrBeast,Gaming,Subscribe for an iPhone,1226347073,6874284,184396
UgwhT_2gOBYM-ffmo154AaABAg,3GNyw4uaAqU,@AndreasEckstein-y5q,"If you like this , you could win the iPhone 17- good luck! ❤❤❤❤❤❤❤",46,2026-06-15T14:52:20Z,MrBeast,Gaming,Subscribe for an iPhone,1226347073,6874284,184396
UgxQWiBoiJG9xbIiDMF4AaABAg,3GNyw4uaAqU,@RedEyes-Osd,What's the point of participating if we're not from America?,321,2026-01-13T20:51:32Z,MrBeast,Gaming,Subscribe for an iPhone,1226347073,6874284,184396
UgzVi2lEKn56PKW13wJ4AaABAg,3GNyw4uaAqU,@AMANZX11,That iphone will be broken,36,2026-04-27T07:44:12Z,MrBeast,Gaming,Subscribe for an iPhone,1226347073,6874284,184396
UgyJFLdcoaLI2VPq4qZ4AaABAg,3GNyw4uaAqU,@Hayaller-y1h,500 milyon kişinin ismini nasıl yazıyorsun oraya,0,2026-09-30T12:08:18Z,MrBeast,Gaming,Subscribe for an iPhone,1226347073,6874284,184396
UgyGQYOty_dr2B_u8BB4AaABAg,3GNyw4uaAqU,@candysocialservice,Agaya number 🎉,31,2026-02-12T14:47:51Z,MrBeast,Gaming,Subscribe for an iPhone,1226347073,6874284,184396
Ugz3oxzogLXB346a1694AaABAg,3GNyw4uaAqU,@imtharun2207,Nice idea of using India's population,152,2026-03-03T08:53:51Z,MrBeast,Gaming,Subscribe for an iPhone,1226347073,6874284,184396
UgxgItuzMebgdf5rRcx4AaABAg,3GNyw4uaAqU,@DurgeshYadav-p9b,Ek i phone mujhe dedo,42,2026-02-15T16:31:19Z,MrBeast,Gaming,Subscribe for an iPhone,1226347073,6874284,184396
Ugzuehjuk3LEh0tQPSR4AaABAg,3GNyw4uaAqU,@kangguimusic,We the loyal fans aint shhtt. Lets not hope for anything,0,2026-09-29T16:46:23Z,MrBeast,Gaming,Subscribe for an iPhone,1226347073,6874284,184396
UgyYC0hxzChCHd_tcN54AaABAg,3GNyw4uaAqU,@RamayaNi-v5i,It's impossible that the iPhone you threw away would be given to someone.,21,2026-04-05T10:41:40Z,MrBeast,Gaming,Subscribe for an iPhone,1226347073,6874284,184396
Ugw9kDG0TGPGCxptsA14AaABAg,3GNyw4uaAqU,@KoshalKumar07,"1$ iphone vs 1,000,000 iphone",459,2026-01-13T19:44:11Z,MrBeast,Gaming,Subscribe for an iPhone,1226347073,6874284,184396
Ugx3kgJLbCLHgRzcdrd4AaABAg,3GNyw4uaAqU,@zadman-r2v,he is not gonna be happy with a cracked iphone 17,74,2026-02-09T13:16:14Z,MrBeast,Gaming,Subscribe for an iPhone,1226347073,6874284,184396
UgyBuuOAoj3pHL1KeY54AaABAg,3GNyw4uaAqU,@osurukludslms,Why would I want to win an iPhone? Of course not! 💀,0,2026-09-29T17:17:03Z,MrBeast,Gaming,Subscribe for an iPhone,1226347073,6874284,184396
UgyY5RH1tg5RtB4jspZ4AaABAg,IJkB-oapuks,@MrBeast,"NO PURCHASE NECESSARY TO ENTER OR WIN. Takes place from 12/21/25 at 12:00 p.m. ET to 2/1/26 at 11:59 p.m. ET. Open only to new subscribers to the MrBeast YouTube account during the Sweepstakes Period and whose YouTube is set to public and includes a valid email address.  See Official Rules at https://bit.ly/Beast-mas for additional eligibility restrictions and complete details. Odds of winning depend on the number of eligible entries received. Void where prohibited. Sponsor: MrBeastYouTube, LLC, 740 Greenville Blvd., Greenville, NC 27858, USA.",49162,2025-12-21T16:58:30Z,MrBeast,Gaming,"Giving Away $1,000,000 in Gifts To My Subscribers",1223013510,8477867,192079
UgwSo8-wSzMlNPd5Nst4AaABAg,IJkB-oapuks,@chanthuru.....,Already subscribed bro....❤,12395,2025-12-21T17:41:36Z,MrBeast,Gaming,"Giving Away $1,000,000 in Gifts To My Subscribers",1223013510,8477867,192079
UgxFtlKIBFHbXsTJykl4AaABAg,IJkB-oapuks,@Donaldson-w5r,Who's here after Mr beast hit 500 million subscribers,253,2026-06-12T16:41:24Z,MrBeast,Gaming,"Giving Away $1,000,000 in Gifts To My Subscribers",1223013510,8477867,192079
UgwmLitI5Rvg0N2JBWJ4AaABAg,IJkB-oapuks,@SolarGamerxXx,do you remember me? I’m your first subscriber.,2,2026-09-13T04:00:36Z,MrBeast,Gaming,"Giving Away $1,000,000 in Gifts To My Subscribers",1223013510,8477867,192079
UgxYbBgREzFUYcWljZR4AaABAg,IJkB-oapuks,@GoldnGshepard,The chances of me getting one of those gifts is 1 in 457m 😂,4281,2025-12-27T13:22:21Z,MrBeast,Gaming,"Giving Away $1,000,000 in Gifts To My Subscribers",1223013510,8477867,192079
Ugxs8U9NoxBaOqsYBOl4AaABAg,IJkB-oapuks,@Baeand1,Kinda off topic but Jimmy's waist is snatcheddddd,48,2026-04-25T01:00:55Z,MrBeast,Gaming,"Giving Away $1,000,000 in Gifts To My Subscribers",1223013510,8477867,192079
UgwLQbYW7DrJZ_1IJCR4AaABAg,IJkB-oapuks,@Technofanclub-3694,A subscriber from INDIA is present ✋,1579,2025-12-25T06:19:25Z,MrBeast,Gaming,"Giving Away $1,000,000 in Gifts To My Subscribers",1223013510,8477867,192079
Ugwb8OZjPhddJacqgNF4AaABAg,IJkB-oapuks,@Hamzazafar-j6w,I’ve been subscribed for a long time.,0,2026-09-30T11:14:14Z,MrBeast,Gaming,"Giving Away $1,000,000 in Gifts To My Subscribers",1223013510,8477867,192079
Ugzd743lQUF0oHpsnft4AaABAg,IJkB-oapuks,@arsenic0717,Who else wished they lived in America for this 😭,2908,2025-12-21T18:04:30Z,MrBeast,Gaming,"Giving Away $1,000,000 in Gifts To My Subscribers",1223013510,8477867,192079
UgzP8tJOnLO2a75i3mx4AaABAg,IJkB-oapuks,@RijvanAariz74,Chalo sabhi bhai ek dusre ko support karte hai,63,2026-04-03T04:46:53Z,MrBeast,Gaming,"Giving Away $1,000,000 in Gifts To My Subscribers",1223013510,8477867,192079
UgzooHCyns234OoTrx94AaABAg,IJkB-oapuks,@Juzz_Chill,bro i am big fan of you ♥️♥️♥️i am from India 🇮🇳 hyderabad Meeting you just once is my dream,14,2026-08-04T11:10:11Z,MrBeast,Gaming,"Giving Away $1,000,000 in Gifts To My Subscribers",1223013510,8477867,192079
UgyUIjq63t9QbzleU9p4AaABAg,IJkB-oapuks,@RishabXeditz_123,Big fan bro big fan,0,2026-09-30T11:17:37Z,MrBeast,Gaming,"Giving Away $1,000,000 in Gifts To My Subscribers",1223013510,8477867,192079
UgxywmV5o0xr00QeUNd4AaABAg,IJkB-oapuks,@harshpushptode-5422-m8z,"nice BROTHER 
AND CONGREGS FOR 500 M",10,2026-07-19T16:39:32Z,MrBeast,Gaming,"Giving Away $1,000,000 in Gifts To My Subscribers",1223013510,8477867,192079
UgyafbSco_iskuUalJR4AaABAg,IJkB-oapuks,@soydebakugo,Mr. Beast has a video in Mexico,58,2026-04-08T20:53:20Z,MrBeast,Gaming,"Giving Away $1,000,000 in Gifts To My Subscribers",1223013510,8477867,192079
UgwpFx61K0-yhZQ6HNB4AaABAg,IJkB-oapuks,@EthanBahaOzgür,When I grow up I want to be famous like you one day I love at Belize and I started a channel my self and I only have 14 subs I love your toys I wish I had those but I don’t think they have in Belize I remember you were at Chetumal late at night my mom told me we were gonna  and we didn’t know you were there until she showed me you were going late night  and your videos inspire me I can’t wait to his 50 subs  so I can live stream and gain more subs to be like you love your vids,1,2026-09-27T23:41:27Z,MrBeast,Gaming,"Giving Away $1,000,000 in Gifts To My Subscribers",1223013510,8477867,192079
UgyvTKmp6g4Xsi8WvIl4AaABAg,IJkB-oapuks,@cad1234,구독은 예전에 이미했고 아들과 함께 항상 잘보고 있습니다~😊,87,2025-12-27T12:41:03Z,MrBeast,Gaming,"Giving Away $1,000,000 in Gifts To My Subscribers",1223013510,8477867,192079
UgwnJQTSTOAdJM0b0zF4AaABAg,IJkB-oapuks,@godlikewinbgis2025,We subscribed from a long time,425,2025-12-22T15:39:35Z,MrBeast,Gaming,"Giving Away $1,000,000 in Gifts To My Subscribers",1223013510,8477867,192079
UgxI9I-iYmfV_bVpvB94AaABAg,IJkB-oapuks,@cute_kitty3227,Already subscribed bro ..,133,2026-01-07T02:17:12Z,MrBeast,Gaming,"Giving Away $1,000,000 in Gifts To My Subscribers",1223013510,8477867,192079
UgxAIwJhzaLZw28iKzp4AaABAg,IJkB-oapuks,@eligijusgricius8320,Take a trip yo kuršėnai it's in lithuania live there i wanna meet you someday so please heart this comment if you listened,1,2026-09-14T14:49:57Z,MrBeast,Gaming,"Giving Away $1,000,000 in Gifts To My Subscribers",1223013510,8477867,192079
Ugx4pC0kxCTHTAGc80Z4AaABAg,IJkB-oapuks,@Architmishra-h2r,Happy holi Mr. Beast❤❤❤❤❤,41,2026-03-04T06:13:15Z,MrBeast,Gaming,"Giving Away $1,000,000 in Gifts To My Subscribers",1223013510,8477867,192079
Ugx9bBgtff4nF81B5yt4AaABAg,IJkB-oapuks,@Kandre-yt,Will I get something? ❤🎉 I've been a subscriber for years,388,2025-12-21T17:00:46Z,MrBeast,Gaming,"Giving Away $1,000,000 in Gifts To My Subscribers",1223013510,8477867,192079
UgyVYJwVrUn2gZfaiPp4AaABAg,IJkB-oapuks,@Ravivlogvide4,Happy Holi Mr beat😊😊😊,17,2026-03-04T02:11:55Z,MrBeast,Gaming,"Giving Away $1,000,000 in Gifts To My Subscribers",1223013510,8477867,192079
UgxXneAaQfxpRv81ZIZ4AaABAg,IJkB-oapuks,@MrCarrot51,I already subscribed and my birthday is 10 days before Christmas,2,2026-09-12T13:49:06Z,MrBeast,Gaming,"Giving Away $1,000,000 in Gifts To My Subscribers",1223013510,8477867,192079
Ugwxzjd9uUQbJtYGFzR4AaABAg,IJkB-oapuks,@AAliTravelBlogsUk123,I have already subscribed in your youtube channel from UK,374,2025-12-26T20:23:31Z,MrBeast,Gaming,"Giving Away $1,000,000 in Gifts To My Subscribers",1223013510,8477867,192079
UgyXTyALPCUHour2Q0V4AaABAg,IJkB-oapuks,@MdSanto-jl4ky,Yupiiii iyiki varsın çok ihtiyacim vardı😊😢,30,2025-12-22T14:45:16Z,MrBeast,Gaming,"Giving Away $1,000,000 in Gifts To My Subscribers",1223013510,8477867,192079
Ugwag_yavpSN5EJFM8x4AaABAg,IJkB-oapuks,@PR3SIDNT,Alright Iam Subbed 💝,462,2025-12-21T17:02:52Z,MrBeast,Gaming,"Giving Away $1,000,000 in Gifts To My Subscribers",1223013510,8477867,192079
UgzDi3yH2kMyg3MEx0d4AaABAg,IJkB-oapuks,@Scottfrenzel-q8,Already subscribed bro ❤❤❤❤❤❤❤❤❤❤❤,2,2026-09-11T13:27:32Z,MrBeast,Gaming,"Giving Away $1,000,000 in Gifts To My Subscribers",1223013510,8477867,192079
Ugwh3Bay1z3fa01kvYZ4AaABAg,IJkB-oapuks,@EchoesofEnvy-l9j,Already subscribed,66,2026-01-02T05:48:40Z,MrBeast,Gaming,"Giving Away $1,000,000 in Gifts To My Subscribers",1223013510,8477867,192079
UgzDIa_W9AcB1CvDLQh4AaABAg,IJkB-oapuks,@AlexisThomas-u7i,"SUBSCRIBED JUST NOW, mr beast. Happy Holidays!!!",13,2026-01-03T03:52:36Z,MrBeast,Gaming,"Giving Away $1,000,000 in Gifts To My Subscribers",1223013510,8477867,192079
UgwA70jKBUyWlK_VqNV4AaABAg,IJkB-oapuks,@mithilacreativity,বড়দিনের অনেক শুভেচ্ছা 😊❤,35,2025-12-22T17:03:07Z,MrBeast,Gaming,"Giving Away $1,000,000 in Gifts To My Subscribers",1223013510,8477867,192079
UgxaBlP1Z8YbXNr-Fql4AaABAg,IJkB-oapuks,@HiteshPatel-iu3li,You deserve to be on a number-one youtube channel.❤,1,2026-08-09T12:16:24Z,MrBeast,Gaming,"Giving Away $1,000,000 in Gifts To My Subscribers",1223013510,8477867,192079
Ugx34phcspNHQU4WkyV4AaABAg,IJkB-oapuks,@OfficialArmanSheikh,"Yes, I have also been subscribed for many years.",151,2025-12-22T12:44:22Z,MrBeast,Gaming,"Giving Away $1,000,000 in Gifts To My Subscribers",1223013510,8477867,192079
UgzRkof9ftSHR6DRNE54AaABAg,IJkB-oapuks,@anjudhurve-d1w,Already subscribed Sir❤,51,2025-12-23T01:53:26Z,MrBeast,Gaming,"Giving Away $1,000,000 in Gifts To My Subscribers",1223013510,8477867,192079
Ugymw_b--Aa_OTf4uzl4AaABAg,IJkB-oapuks,@JigarGoswami8862,😢😢😢😢😢😢😢😢😢 big fan Mr Big,20,2025-12-24T06:05:10Z,MrBeast,Gaming,"Giving Away $1,000,000 in Gifts To My Subscribers",1223013510,8477867,192079
UgxxWIZ0YJaRUerSLzZ4AaABAg,IJkB-oapuks,@lakki_royal,"Hey Jimmy Your channel is about to complete 1,000 videos. Let's Make your 1000th video unique",1,2026-08-23T11:44:55Z,MrBeast,Gaming,"Giving Away $1,000,000 in Gifts To My Subscribers",1223013510,8477867,192079
Ugz41UL2GOaYcMrOBm54AaABAg,IJkB-oapuks,@sjr23ramirez55,Estoy suscrito hace muchos años señor bestia !!!!!,87,2025-12-21T17:02:40Z,MrBeast,Gaming,"Giving Away $1,000,000 in Gifts To My Subscribers",1223013510,8477867,192079
UgzV3S7eWfuroSsOT-J4AaABAg,IJkB-oapuks,@Survivor-42,1.2b views in 4 months is crazy work bro,20,2026-04-03T16:24:01Z,MrBeast,Gaming,"Giving Away $1,000,000 in Gifts To My Subscribers",1223013510,8477867,192079
UgxFvxEalAh3C0B09lN4AaABAg,IJkB-oapuks,@Siana123-b4q,"Subscribed👍 
For years and forever🥹
Merry Christmas🥳🎄",100,2025-12-21T19:16:29Z,MrBeast,Gaming,"Giving Away $1,000,000 in Gifts To My Subscribers",1223013510,8477867,192079
UgzzVCkOVTMKNmopzCV4AaABAg,IJkB-oapuks,@Mukesh-kumar159,"I have heard that you are kind, so please help us too.",0,2026-09-29T19:34:07Z,MrBeast,Gaming,"Giving Away $1,000,000 in Gifts To My Subscribers",1223013510,8477867,192079
UgxjC94SNpjfMhhdgnF4AaABAg,IJkB-oapuks,@DanZeeUltra,I'm already subscribed MrBeast! PLEASE DO A WORLD TOUR!!!,62,2025-12-27T00:56:50Z,MrBeast,Gaming,"Giving Away $1,000,000 in Gifts To My Subscribers",1223013510,8477867,192079
UgzEM3ApdK-qNQpda8p4AaABAg,IJkB-oapuks,@GameMad07,Watch your videos for years but subscribed right now..,177,2025-12-21T18:39:57Z,MrBeast,Gaming,"Giving Away $1,000,000 in Gifts To My Subscribers",1223013510,8477867,192079
Ugy3a3ef1m3wdh7IcDx4AaABAg,IJkB-oapuks,@AURA-MAXRON,Happy New Year to the MRBEAST family!,54,2025-12-26T18:10:35Z,MrBeast,Gaming,"Giving Away $1,000,000 in Gifts To My Subscribers",1223013510,8477867,192079
UgwGGTzVwOMk_GbZ4hd4AaABAg,IJkB-oapuks,@priyal_ji,I want gifts brother mr beast!❤❤,17,2025-12-23T03:53:23Z,MrBeast,Gaming,"Giving Away $1,000,000 in Gifts To My Subscribers",1223013510,8477867,192079
Ugw7kL66ENKFGmKhxYt4AaABAg,IJkB-oapuks,@T_Serjes.,Hello mr beast I'm yoy new subscriber❤,45,2025-12-24T15:41:39Z,MrBeast,Gaming,"Giving Away $1,000,000 in Gifts To My Subscribers",1223013510,8477867,192079
UgxiZ1gv1TVUhwKO02x4AaABAg,IJkB-oapuks,@OwendoesVR,MERRY CHRISTMAS and congrats to the people who got it!,139,2025-12-21T17:05:58Z,MrBeast,Gaming,"Giving Away $1,000,000 in Gifts To My Subscribers",1223013510,8477867,192079
Ugx7uji6bUbHwhF3UbR4AaABAg,IJkB-oapuks,@MySelfSheikh-f3n,Mujhe kab mile ga jimmy 😭😭❤,1,2026-09-22T00:24:47Z,MrBeast,Gaming,"Giving Away $1,000,000 in Gifts To My Subscribers",1223013510,8477867,192079
UgxMLfkfxxAkoqJ5np94AaABAg,IJkB-oapuks,@akashranashayar8188,Already Subscribed You,88,2025-12-22T03:32:25Z,MrBeast,Gaming,"Giving Away $1,000,000 in Gifts To My Subscribers",1223013510,8477867,192079
UgyJMQljlH08rluR4Q14AaABAg,IJkB-oapuks,@pixel-thimble333,I just subscribed and so did my family hope i win❤🎉,91,2025-12-26T21:17:54Z,MrBeast,Gaming,"Giving Away $1,000,000 in Gifts To My Subscribers",1223013510,8477867,192079
UgzIs3cZtRnFUWF0Ll54AaABAg,IJkB-oapuks,@FarhanAlam-t9b,John cena tap out 😢😢,443,2025-12-21T17:00:34Z,MrBeast,Gaming,"Giving Away $1,000,000 in Gifts To My Subscribers",1223013510,8477867,192079
UgydZJmLVFLKPKR7x954AaABAg,IJkB-oapuks,@dianemomchilovbueker8934,For Christmas you should prank people by charging into there house,1,2026-09-05T21:39:16Z,MrBeast,Gaming,"Giving Away $1,000,000 in Gifts To My Subscribers",1223013510,8477867,192079
Ugw54a9EZovsE7HGqmZ4AaABAg,IJkB-oapuks,@SugandhaPatel-j7e,Hello Mr beat Christmas ka pen ka dress bol raha hai Happy Holi,23,2026-03-30T12:25:20Z,MrBeast,Gaming,"Giving Away $1,000,000 in Gifts To My Subscribers",1223013510,8477867,192079
UgzvmKVaHuM59VzsRCh4AaABAg,IJkB-oapuks,@Biswajit3lg,Already subscribed mrbeast 😢,36,2025-12-26T07:55:33Z,MrBeast,Gaming,"Giving Away $1,000,000 in Gifts To My Subscribers",1223013510,8477867,192079
UgyP90XDqqqfJZEUlfV4AaABAg,IJkB-oapuks,@EmaBekteshi-r9i,You are so kind ❤,151,2025-12-27T11:42:08Z,MrBeast,Gaming,"Giving Away $1,000,000 in Gifts To My Subscribers",1223013510,8477867,192079
UgzEPmOSGqfQ3HjHNtB4AaABAg,IJkB-oapuks,@HectorSchofield-s5n,I subscribed millions of years ago,1,2026-08-30T21:33:17Z,MrBeast,Gaming,"Giving Away $1,000,000 in Gifts To My Subscribers",1223013510,8477867,192079
UgxMNVu6mBu8BtIa-MR4AaABAg,IJkB-oapuks,@KO_ESPORTS2008,Bohot Khushi ki baat ka rhi hai itna pata chala smile se,23,2026-03-25T16:15:15Z,MrBeast,Gaming,"Giving Away $1,000,000 in Gifts To My Subscribers",1223013510,8477867,192079
UgwO6ZaMJdE-V8hRQk14AaABAg,IJkB-oapuks,@AdityasinghAditya-bg2hs,I am subscribed your channel till 2012 ❤❤,36,2025-12-24T04:58:07Z,MrBeast,Gaming,"Giving Away $1,000,000 in Gifts To My Subscribers",1223013510,8477867,192079
UgyTs8bJs0isoGVQZVl4AaABAg,IJkB-oapuks,@VishalKumar-c9l1i,I have been following you for the last 5 years but till date I have not received any gifts🎉,156,2026-01-06T08:07:57Z,MrBeast,Gaming,"Giving Away $1,000,000 in Gifts To My Subscribers",1223013510,8477867,192079
UgzQIPn9ia9Btensid94AaABAg,IJkB-oapuks,@CrystalDiamond-20,"Hopefully this year or next year in the holidays I can receive gifts like that from you Mr. Beast 🙏🏼 God bless Mr. Beast, keep blessing others",1,2026-08-20T19:09:41Z,MrBeast,Gaming,"Giving Away $1,000,000 in Gifts To My Subscribers",1223013510,8477867,192079
UgxTbUe_cYu4X2TCTTZ4AaABAg,IJkB-oapuks,@gabrielamorales3904,"Listo ya estoy suscrita, saludos",60,2025-12-21T18:11:11Z,MrBeast,Gaming,"Giving Away $1,000,000 in Gifts To My Subscribers",1223013510,8477867,192079
Ugy8tsunje1VuX06Z0h4AaABAg,IJkB-oapuks,@ChampaKaistha,We have subscribed from very old time we all deserve gifts ❤,94,2025-12-22T05:35:55Z,MrBeast,Gaming,"Giving Away $1,000,000 in Gifts To My Subscribers",1223013510,8477867,192079
UgyiOU5Jk22O6CdLZXZ4AaABAg,IJkB-oapuks,@KOLLETI-r,Gifts for our loyal viewers. Kind regards.❤,188,2025-12-22T11:33:10Z,MrBeast,Gaming,"Giving Away $1,000,000 in Gifts To My Subscribers",1223013510,8477867,192079
UgxeZIsanSjRyJRwCTR4AaABAg,IJkB-oapuks,@TeamLilScd67Official,I'm subscribed to MrBeast.,2,2026-08-01T00:20:06Z,MrBeast,Gaming,"Giving Away $1,000,000 in Gifts To My Subscribers",1223013510,8477867,192079
Ugx5iyZtNsw6CWTkhwl4AaABAg,IJkB-oapuks,@ranggagemaramadha8387,I've been subscribed for a long time bro❤,69,2025-12-25T09:27:21Z,MrBeast,Gaming,"Giving Away $1,000,000 in Gifts To My Subscribers",1223013510,8477867,192079
Ugz4e5HcfHl7gUrNEGd4AaABAg,IJkB-oapuks,@themakeupbeautyhub,Already subscribed my bro,48,2026-01-09T03:55:02Z,MrBeast,Gaming,"Giving Away $1,000,000 in Gifts To My Subscribers",1223013510,8477867,192079
Ugx6hgR3KAmNTKR-BXN4AaABAg,IJkB-oapuks,@Lola-y9w5z,"Been subscribed for years, even if I dont get anything I still love your content",53,2025-12-22T11:23:13Z,MrBeast,Gaming,"Giving Away $1,000,000 in Gifts To My Subscribers",1223013510,8477867,192079
UgyQBbTKHxx-vuO5t4V4AaABAg,IJkB-oapuks,@Discoverygirlsmx,"Ya me suscribi desde el dia que te vi ayudando a las personas 
Quiero conocerte y ser como tu",2,2026-08-21T19:01:00Z,MrBeast,Gaming,"Giving Away $1,000,000 in Gifts To My Subscribers",1223013510,8477867,192079
UgwrvFKjPAeWVsfSt_d4AaABAg,IJkB-oapuks,@KRAL-v2n,Already subscribed  bro....🎉🎉,16,2025-12-26T04:13:45Z,MrBeast,Gaming,"Giving Away $1,000,000 in Gifts To My Subscribers",1223013510,8477867,192079
UgyT9JrfDYVXSVzupV54AaABAg,IJkB-oapuks,@Orangejuice7,Why is his waist more snatched than mine 😭,232,2025-12-21T23:59:56Z,MrBeast,Gaming,"Giving Away $1,000,000 in Gifts To My Subscribers",1223013510,8477867,192079
UgznP-hWfDjbhVVMClF4AaABAg,IJkB-oapuks,@Itzmirofficial20,And for those of us who have been subscribed for years ❤,53,2025-12-22T16:52:29Z,MrBeast,Gaming,"Giving Away $1,000,000 in Gifts To My Subscribers",1223013510,8477867,192079
Ugy3AxgdvyjT7hq3vNF4AaABAg,IJkB-oapuks,@Kht.AmiDreams,"Der beste und Schlauste 
Mensch ❤",1,2026-08-20T20:12:44Z,MrBeast,Gaming,"Giving Away $1,000,000 in Gifts To My Subscribers",1223013510,8477867,192079
Ugx-nN6MWO3KjPVSFu94AaABAg,IJkB-oapuks,@KG11115,Just subscribed!!,38,2025-12-21T18:32:05Z,MrBeast,Gaming,"Giving Away $1,000,000 in Gifts To My Subscribers",1223013510,8477867,192079
Ugw7r7Mxp9GNfJVP1C94AaABAg,IJkB-oapuks,@Lio-der-echte,Nice 🎉. Good luck everyone,43,2025-12-22T10:23:55Z,MrBeast,Gaming,"Giving Away $1,000,000 in Gifts To My Subscribers",1223013510,8477867,192079
Ugz0SZaJTOS8dt7uxqN4AaABAg,IJkB-oapuks,@PinkiRathor-i3n,Mr beast ne Happy Holi bola ya FIR Christmas,58,2026-03-19T11:34:19Z,MrBeast,Gaming,"Giving Away $1,000,000 in Gifts To My Subscribers",1223013510,8477867,192079
UgzCDLXlsE-84lNiODd4AaABAg,IJkB-oapuks,@AFG.HAMD1,"😢😢😢😢😢😢😢😢😢😢😢😢😢

MrBeast, please come to Jebrail, Herat, Afghanistan. ❤❤😢🎉. ❤️",4,2026-07-26T05:51:25Z,MrBeast,Gaming,"Giving Away $1,000,000 in Gifts To My Subscribers",1223013510,8477867,192079
UgyruNX3f0a_xA9_OnJ4AaABAg,IJkB-oapuks,@Ovumi,Llevo años suscrito y nunca he ganado nada :c,249,2025-12-21T17:06:30Z,MrBeast,Gaming,"Giving Away $1,000,000 in Gifts To My Subscribers",1223013510,8477867,192079
UgxPZlBRElt-EkEOW5N4AaABAg,_sBRk9ADpK8,@MrBeast,bad day to skip class,107412,2026-01-27T16:58:13Z,MrBeast,Gaming,"Flip a Coin, Win $30,000",1194939969,9606631,42006
UgxuzkWfZU5exexCxrR4AaABAg,_sBRk9ADpK8,@JigSaw5505-2,Never has there been a better day to be an introvert 🤣,40484,2026-01-28T15:25:37Z,MrBeast,Gaming,"Flip a Coin, Win $30,000",1194939969,9606631,42006
UgwpUDTuQaz07vssTz94AaABAg,_sBRk9ADpK8,@oShven,Bro was honest at the end lol respect for that,67032,2026-01-27T17:12:27Z,MrBeast,Gaming,"Flip a Coin, Win $30,000",1194939969,9606631,42006
UgycMiU9db_qONkQCkF4AaABAg,_sBRk9ADpK8,@mrkn1f3fr,Respect to his other classmates who cheered for him instead of complaining,29460,2026-01-27T23:22:38Z,MrBeast,Gaming,"Flip a Coin, Win $30,000",1194939969,9606631,42006
Ugxl6U7IdEbGzcMQ4ot4AaABAg,_sBRk9ADpK8,@AnthonyQuijada-z5u,Mr beast is such a helpful guy he helps people in need,37,2026-09-02T01:19:33Z,MrBeast,Gaming,"Flip a Coin, Win $30,000",1194939969,9606631,42006
UgzZ_M4bAbXUEm5OtL54AaABAg,_sBRk9ADpK8,@karansharma3434,Now all his classmates will suddenly become very friendly to him,22892,2026-01-28T11:58:27Z,MrBeast,Gaming,"Flip a Coin, Win $30,000",1194939969,9606631,42006
Ugx2l59UiajBsc_rpUh4AaABAg,_sBRk9ADpK8,@LastyEditor,Imagine missing class that day ☠️😭,14806,2026-01-28T00:50:56Z,MrBeast,Gaming,"Flip a Coin, Win $30,000",1194939969,9606631,42006
Ugys67rgNs7I8e6_eCB4AaABAg,_sBRk9ADpK8,@RareYap-m1x,We ALL know he subscribed the second mrbeast came.,3,2026-09-28T22:13:33Z,MrBeast,Gaming,"Flip a Coin, Win $30,000",1194939969,9606631,42006
Ugw6t5IH_mLXhYQykkh4AaABAg,_sBRk9ADpK8,@YuvrajMaan-m8l,"One person receiving 30k would change their life a lot, but 700 dollars each would be gone in a week. I think he made the right decision

EDIT: GUYS I KNOW HE DIDN'T MAKE A CHOICE BUT HE SAID HE DIDN'T REGRET WINNING THE MONEY FOR HIMSELF AND I WAS TALKING ABOUT HIS CHARACTER",5324,2026-07-10T12:41:56Z,MrBeast,Gaming,"Flip a Coin, Win $30,000",1194939969,9606631,42006
UgwuSQy49ARb3wkDA5J4AaABAg,_sBRk9ADpK8,@shreyab....,Bro literally chose $30k over his classmates and didn't even blink! 😂💰,5534,2026-01-28T04:02:33Z,MrBeast,Gaming,"Flip a Coin, Win $30,000",1194939969,9606631,42006
UgymDcaVwccvE_IHOOx4AaABAg,_sBRk9ADpK8,@Rohaanthepro69,Bro casually doing side quests for random college students 😭,5643,2026-01-27T17:03:01Z,MrBeast,Gaming,"Flip a Coin, Win $30,000",1194939969,9606631,42006
UgxNkHt3TquaX8bSqIN4AaABAg,_sBRk9ADpK8,@GlamorousTitanic21,"For once, being the college class introvert who never talks actually paid off.",2,2026-09-24T15:50:15Z,MrBeast,Gaming,"Flip a Coin, Win $30,000",1194939969,9606631,42006
Ugxz4uQfz0S6lRaXDyB4AaABAg,_sBRk9ADpK8,@Mohammed-c1t1u,School when you skip a day:,3105,2026-01-29T05:12:55Z,MrBeast,Gaming,"Flip a Coin, Win $30,000",1194939969,9606631,42006
Ugz70zjhQwBAo61M5v54AaABAg,_sBRk9ADpK8,@The_Dark_Lord361,"""I only missed one day of the year!""
The day:",78,2026-07-29T13:29:28Z,MrBeast,Gaming,"Flip a Coin, Win $30,000",1194939969,9606631,42006
UgwtMg_BkRcqLcixGiV4AaABAg,_sBRk9ADpK8,@TechTirex438,Brother thought he's in a dream 🤯☠️,1966,2026-01-27T17:34:45Z,MrBeast,Gaming,"Flip a Coin, Win $30,000",1194939969,9606631,42006
Ugz_A7CzXgsA3vuPayx4AaABAg,_sBRk9ADpK8,@TheFunnyGuy-x8p,"""Yo bro i was in your chemistry class, remember me?"" Ahh",2,2026-09-21T19:50:04Z,MrBeast,Gaming,"Flip a Coin, Win $30,000",1194939969,9606631,42006
UgwcV6wP8KqX_hN9dJZ4AaABAg,_sBRk9ADpK8,@NyxarArmy,Nah bro didn't even care that is what I call the final boss of introverts,269,2026-07-06T09:02:46Z,MrBeast,Gaming,"Flip a Coin, Win $30,000",1194939969,9606631,42006
Ugzi9NCgqeRsuxIJ2Xh4AaABAg,_sBRk9ADpK8,@GrayNexus,Bro has a solid reason to not share the money😭,37,2026-08-18T13:15:42Z,MrBeast,Gaming,"Flip a Coin, Win $30,000",1194939969,9606631,42006
UgwvcU24vYl6CZq6Re14AaABAg,_sBRk9ADpK8,@-___-___-___-___-,I like how MrBeast can just walk in and interrupt any class he likes,243,2026-07-23T02:52:38Z,MrBeast,Gaming,"Flip a Coin, Win $30,000",1194939969,9606631,42006
UgxXJqFnQleFqv_8M4d4AaABAg,_sBRk9ADpK8,@limitcøldx,He looks like a physco introvert💀💀💀🥀,13,2026-09-05T11:25:40Z,MrBeast,Gaming,"Flip a Coin, Win $30,000",1194939969,9606631,42006
UgyL3y0quXHsvvXGUjN4AaABAg,_sBRk9ADpK8,@Tmoneymoneyt,To be honest I don't really talk to anyone in this room really took me out hahaha😂😂😂🤣🤣🤣,1559,2026-01-28T19:43:30Z,MrBeast,Gaming,"Flip a Coin, Win $30,000",1194939969,9606631,42006
Ugz-mNxYVotjvtFQarF4AaABAg,_sBRk9ADpK8,@rebecaercia9378,I love a happy ending after watching the entire story!,1623,2026-01-27T17:47:38Z,MrBeast,Gaming,"Flip a Coin, Win $30,000",1194939969,9606631,42006
UgwkMOK9Dyj4yzFIlLp4AaABAg,_sBRk9ADpK8,@x兀x,Bro was honest at the end,1302,2026-01-28T13:39:50Z,MrBeast,Gaming,"Flip a Coin, Win $30,000",1194939969,9606631,42006
Ugwpl2DNpEOvKS4RL4J4AaABAg,_sBRk9ADpK8,@OblivionAACJOME,Honestly bro… I would have split it😅,2,2026-09-26T15:36:21Z,MrBeast,Gaming,"Flip a Coin, Win $30,000",1194939969,9606631,42006
UgzNolHboxKTdPbxGgt4AaABAg,_sBRk9ADpK8,@Lamb3rt17_playz,Bro looked so confused when he got the $,68,2026-08-12T12:52:38Z,MrBeast,Gaming,"Flip a Coin, Win $30,000",1194939969,9606631,42006
UgzGLjQiq9uWZ1BjWo94AaABAg,_sBRk9ADpK8,@mikaelll09,Bro was confused af,1183,2026-01-28T09:56:16Z,MrBeast,Gaming,"Flip a Coin, Win $30,000",1194939969,9606631,42006
UgwqSRu9-mxg6QuVcmZ4AaABAg,_sBRk9ADpK8,@geocross3927,"""To be honest, I don't really talk to anyone in this room"" is actually so valid.",372,2026-02-11T17:50:45Z,MrBeast,Gaming,"Flip a Coin, Win $30,000",1194939969,9606631,42006
Ugy0YCYohHx3DFu93Sd4AaABAg,_sBRk9ADpK8,@KEVENJON,Bro will killed by classmates💀,2,2026-09-11T19:29:54Z,MrBeast,Gaming,"Flip a Coin, Win $30,000",1194939969,9606631,42006
Ugy2tBMUzf_EjcTw6Cx4AaABAg,_sBRk9ADpK8,@shreyab....,"When he said 'I don't really talk to anyone,' that was the most honest moment ever. 💀",557,2026-01-28T04:02:09Z,MrBeast,Gaming,"Flip a Coin, Win $30,000",1194939969,9606631,42006
UgwK042QroG0-MHPvjl4AaABAg,_sBRk9ADpK8,@Maddog84-84,the typa shi that happens when u miss one day of school 😭🙏,664,2026-01-30T03:48:41Z,MrBeast,Gaming,"Flip a Coin, Win $30,000",1194939969,9606631,42006
UgwJKtGboehzbXOxict4AaABAg,_sBRk9ADpK8,@nayletheachiever,That one kid who skipped the class... 🥀,259,2026-08-02T16:19:40Z,MrBeast,Gaming,"Flip a Coin, Win $30,000",1194939969,9606631,42006
UgzY_Kz9CpohUs3E03d4AaABAg,_sBRk9ADpK8,@artful_hatesbanana,Pov what happens that one kid skip school:,2,2026-08-31T15:47:18Z,MrBeast,Gaming,"Flip a Coin, Win $30,000",1194939969,9606631,42006
UgxwBOzKsZhEUrLgDLt4AaABAg,_sBRk9ADpK8,@IosifDanielBalau,That one day when i stayed home...,206,2026-03-31T07:51:57Z,MrBeast,Gaming,"Flip a Coin, Win $30,000",1194939969,9606631,42006
Ugydup3BRAYHrws1pRt4AaABAg,_sBRk9ADpK8,@OliverJayStrickland,All of them got humbled😅,3,2026-09-01T14:25:38Z,MrBeast,Gaming,"Flip a Coin, Win $30,000",1194939969,9606631,42006
Ugy6Zn8XEfDqquJKSpV4AaABAg,_sBRk9ADpK8,@piring_12-y6x,To be honest l don't really talk to anyone in this room is actually so valid 😊,19,2026-04-26T16:52:47Z,MrBeast,Gaming,"Flip a Coin, Win $30,000",1194939969,9606631,42006
UgwvyimvOpnkHsG73dZ4AaABAg,_sBRk9ADpK8,@BrainCellsOnVacation-v5d,This is exactly why you're never supposed to be absent... Expect the unexpected 💀,215,2026-05-06T15:22:16Z,MrBeast,Gaming,"Flip a Coin, Win $30,000",1194939969,9606631,42006
Ugw2bJRNYwuS_SHKA8V4AaABAg,_sBRk9ADpK8,@RADEcho4,THE TYPE OF STUFF THAT HAPPENS WHEN UR SICK 😭,615,2026-01-27T17:05:39Z,MrBeast,Gaming,"Flip a Coin, Win $30,000",1194939969,9606631,42006
Ugy8hAwmPuM20ae7GjF4AaABAg,_sBRk9ADpK8,@Toji-05t,"that one guy who wasn""t at school that day ""cursing face""",2,2026-09-05T02:01:03Z,MrBeast,Gaming,"Flip a Coin, Win $30,000",1194939969,9606631,42006
UgyTTtHrKyJkzNtID_Z4AaABAg,_sBRk9ADpK8,@ShowUsmusic,He was speechless at the end 😂,476,2026-01-27T20:38:30Z,MrBeast,Gaming,"Flip a Coin, Win $30,000",1194939969,9606631,42006
UgzSlKtNTGl-s5ktwdt4AaABAg,_sBRk9ADpK8,@DeboRoasts,I'm sure this must've happened  when i skipped school,233,2026-02-24T05:43:29Z,MrBeast,Gaming,"Flip a Coin, Win $30,000",1194939969,9606631,42006
Ugzm64NtRmENe9wMUtx4AaABAg,_sBRk9ADpK8,@VascoDaGama-yt,Bro thought he's in his daily dream 💭😌,431,2026-01-27T18:18:29Z,MrBeast,Gaming,"Flip a Coin, Win $30,000",1194939969,9606631,42006
Ugx4Wgzzmtq0Pr15smZ4AaABAg,_sBRk9ADpK8,@omr-pra_kompas,"Буквально что происходит, когда ты на один день пропустил школу",2,2026-09-20T07:17:34Z,MrBeast,Gaming,"Flip a Coin, Win $30,000",1194939969,9606631,42006
UgzMoelaJIyUwgSeeGZ4AaABAg,_sBRk9ADpK8,@Famille_Dz,His face at the end was truly shocked; his classmates were disgusted because they hadn't received anything.😂,170,2026-02-16T11:08:06Z,MrBeast,Gaming,"Flip a Coin, Win $30,000",1194939969,9606631,42006
Ugw1iMwhDg-PAHNlSrh4AaABAg,_sBRk9ADpK8,@हरिरस,I love a happy ending  after  watching  entire  story 😊,43,2026-04-08T13:14:50Z,MrBeast,Gaming,"Flip a Coin, Win $30,000",1194939969,9606631,42006
UgzaixAcLxXm-qFbC854AaABAg,_sBRk9ADpK8,@anti-council15,"""Bro guess what happened when you were absent""",160,2026-01-28T08:14:22Z,MrBeast,Gaming,"Flip a Coin, Win $30,000",1194939969,9606631,42006
UgzJHE0lYLT6a1QwFHJ4AaABAg,_sBRk9ADpK8,@rombstick,bro has class skipped😂,1,2026-09-25T19:50:08Z,MrBeast,Gaming,"Flip a Coin, Win $30,000",1194939969,9606631,42006
UgyanO-8StbzRBpdebh4AaABAg,_sBRk9ADpK8,@Roblox_playerio,When I don't show up for school and a friend sends me a video of celebrities showing up to school,94,2026-02-26T16:02:50Z,MrBeast,Gaming,"Flip a Coin, Win $30,000",1194939969,9606631,42006
UgztEH81sH3mgSn6UjB4AaABAg,_sBRk9ADpK8,@JacobPettitt-h9i,That 1 absent person has every right to be a villain,11,2026-08-11T20:32:51Z,MrBeast,Gaming,"Flip a Coin, Win $30,000",1194939969,9606631,42006
UgxmODnd4SqbDzzTdIR4AaABAg,_sBRk9ADpK8,@ARUSHw7,Bro is gonna have fake friends now🥀🥀,54,2026-02-27T17:52:08Z,MrBeast,Gaming,"Flip a Coin, Win $30,000",1194939969,9606631,42006
UgwQFun322cbRfz8hs94AaABAg,_sBRk9ADpK8,@Food_lover_180,Bad day to skip class,2,2026-09-01T06:07:24Z,MrBeast,Gaming,"Flip a Coin, Win $30,000",1194939969,9606631,42006
UgyNgLHOcBdbGgnuEL94AaABAg,_sBRk9ADpK8,@HensonWong,“When I am absent”,15,2026-03-13T14:05:23Z,MrBeast,Gaming,"Flip a Coin, Win $30,000",1194939969,9606631,42006
UgxrxAegAdJGg_Gx4ZV4AaABAg,_sBRk9ADpK8,@RAVICRIC18,School when you skip a day:😅,301,2026-02-09T00:06:49Z,MrBeast,Gaming,"Flip a Coin, Win $30,000",1194939969,9606631,42006
UgyrbBAsyhHOe0yk88V4AaABAg,_sBRk9ADpK8,@bubu8yier,"Tbh, he ain't wrong, I didn't talk to half of the university mates too😭😭💀",144,2026-01-28T11:34:43Z,MrBeast,Gaming,"Flip a Coin, Win $30,000",1194939969,9606631,42006
UgyHYY4Cw37PKHuiPCZ4AaABAg,_sBRk9ADpK8,@RajanTarja,It looked like lufty to me,1,2026-09-08T10:40:24Z,MrBeast,Gaming,"Flip a Coin, Win $30,000",1194939969,9606631,42006
UgwuBZnhNZ6fkBC4RX14AaABAg,_sBRk9ADpK8,@If_true8b,Rare times when people are lucky to be introvert 😂,162,2026-01-27T17:23:39Z,MrBeast,Gaming,"Flip a Coin, Win $30,000",1194939969,9606631,42006
Ugzoj38Ee_sEdrztgod4AaABAg,_sBRk9ADpK8,@JonathanBlaya,Most realistic answer to the situation,97,2026-01-30T01:46:25Z,MrBeast,Gaming,"Flip a Coin, Win $30,000",1194939969,9606631,42006
UgxHBv352qubmsyp2yZ4AaABAg,_sBRk9ADpK8,@UME_EDITING,Lmfao “I don’t talk to anyone in this room”😂😂 I bet people would love to be your friend now,49,2026-06-08T10:33:56Z,MrBeast,Gaming,"Flip a Coin, Win $30,000",1194939969,9606631,42006
UgwPHqI3f2Ykn-olxcl4AaABAg,_sBRk9ADpK8,@Kittysya3,Off topic but this has 1.1 billion views which is insane just shows how much MrBeast has grown throughout the years,0,2026-09-24T04:46:14Z,MrBeast,Gaming,"Flip a Coin, Win $30,000",1194939969,9606631,42006
Ugzfc0DmmiK0GQCON3Z4AaABAg,_sBRk9ADpK8,@Theophillus198,Typa things that only happen the day you miss school...😭,53,2026-02-16T22:15:03Z,MrBeast,Gaming,"Flip a Coin, Win $30,000",1194939969,9606631,42006
UgzfR-F3BmsEJs29ow14AaABAg,_sBRk9ADpK8,@Sweat44,Bro sleep and wakeup with money😂,137,2026-03-08T08:59:28Z,MrBeast,Gaming,"Flip a Coin, Win $30,000",1194939969,9606631,42006
Ugwo22mO-yzcOye3F3p4AaABAg,_sBRk9ADpK8,@Oliverboy1,How my friends describe school when I miss 1 day,141,2026-01-27T23:43:21Z,MrBeast,Gaming,"Flip a Coin, Win $30,000",1194939969,9606631,42006
UgxCUnc8CG8N-BoPzgV4AaABAg,_sBRk9ADpK8,@Rukiye.dogann,İlk beğeni bendennnn🎉🎉🎉🎉❤,3,2026-09-18T15:59:17Z,MrBeast,Gaming,"Flip a Coin, Win $30,000",1194939969,9606631,42006
Ugw7MG8qzHoa6rhx9nd4AaABAg,_sBRk9ADpK8,@CE7page,"When he said that he wasn't friends with anyone else,Everyone else was speechless😂",129,2026-05-30T06:26:54Z,MrBeast,Gaming,"Flip a Coin, Win $30,000",1194939969,9606631,42006
UgyYpZfGnRf_5sMTe3N4AaABAg,_sBRk9ADpK8,@motivatedgray,"They didn't even celebrate with him 😂😂, bro is the last boss of nonchalance",5,2026-06-27T05:02:27Z,MrBeast,Gaming,"Flip a Coin, Win $30,000",1194939969,9606631,42006
UgxjVZZp2VuAm63VlDJ4AaABAg,_sBRk9ADpK8,@FlawlessFlies,"He wasn't peer pressured to sharing. College life is just like that, if you're not with your friends from outside of class, everyone in class is just another some body doing their thing.",46,2026-08-15T16:24:00Z,MrBeast,Gaming,"Flip a Coin, Win $30,000",1194939969,9606631,42006
Ugy1rDCjaYG1CoTcoFZ4AaABAg,_sBRk9ADpK8,@ChidozieIhejiere,Mr Beast you are doing amazing great job,1,2026-09-28T10:05:29Z,MrBeast,Gaming,"Flip a Coin, Win $30,000",1194939969,9606631,42006
UgynKCqfbmIWG-nI-a94AaABAg,_sBRk9ADpK8,@GAMER100k-s1m,"""To be honest, I don't really talk to anyone in this room.""",129,2026-03-10T14:55:54Z,MrBeast,Gaming,"Flip a Coin, Win $30,000",1194939969,9606631,42006
UgyMc7I9TMTwah2cWdp4AaABAg,_sBRk9ADpK8,@Hakam-w1u,Never has there been a better day to be an introvert 😂,127,2026-03-02T16:07:51Z,MrBeast,Gaming,"Flip a Coin, Win $30,000",1194939969,9606631,42006
Ugw6niXpdr1iXKwZl7F4AaABAg,_sBRk9ADpK8,@CảnNguyễnThị-p4u7v,"To be honest,I don't really talk to anyone in this room",27,2026-05-05T05:24:49Z,MrBeast,Gaming,"Flip a Coin, Win $30,000",1194939969,9606631,42006
Ugy8HHnS22-eZLuXpGp4AaABAg,_sBRk9ADpK8,@Hinewfigurecreator100,"Bro, doesn’t care about anyone but himself is crazy",0,2026-09-25T04:03:19Z,MrBeast,Gaming,"Flip a Coin, Win $30,000",1194939969,9606631,42006
UgzXFBR97HDkRSteMYJ4AaABAg,_sBRk9ADpK8,@artwork56uz,The most luckiest student in class😭,5,2026-08-18T12:58:12Z,MrBeast,Gaming,"Flip a Coin, Win $30,000",1194939969,9606631,42006
Ugy_MyzAWOJVS1u_kwR4AaABAg,_sBRk9ADpK8,@CarBoyAyush,Ye banda 99% indian hai. Or pheli baar koi indian mr beast se kuch jeeta hai 😅😊❤,16,2026-02-01T15:49:35Z,MrBeast,Gaming,"Flip a Coin, Win $30,000",1194939969,9606631,42006
UgxSh-dpIMmt-B6Q-rN4AaABAg,_sBRk9ADpK8,@ZD-p6n-k8z,"If I were a student there, the first thing I would do upon seeing him at the door would be to subscribe to Mr. Beast before asking the classic question",170,2026-06-07T14:21:47Z,MrBeast,Gaming,"Flip a Coin, Win $30,000",1194939969,9606631,42006
Ugz9bTaYnC0HNH_cZ7Z4AaABAg,_sBRk9ADpK8,@MovieByte-n5g,thankyou for 5 subscribers (heart emoji),0,2026-09-29T11:14:58Z,MrBeast,Gaming,"Flip a Coin, Win $30,000",1194939969,9606631,42006
UgyG4nsMRQh44jW_b3t4AaABAg,_sBRk9ADpK8,@HenrryJosen-w9k,The production quality is outstanding I did not expect it to be this good.,22,2026-01-31T22:47:24Z,MrBeast,Gaming,"Flip a Coin, Win $30,000",1194939969,9606631,42006
Ugw8tJJW80l08uzv5DF4AaABAg,_JUlWtSCNbs,@MrBeast,"Make sure you watch 50 Streamers fight for $1,000,000 THIS SATURDAY!!",54363,2026-04-03T15:58:04Z,MrBeast,Gaming,Who's The Strongest Streamer?,1005201354,10572528,24728
Ugx63OZMe5A1h5T52OJ4AaABAg,_JUlWtSCNbs,@Demo-Man808,Speed is so athletically gifted. If he wasn’t a streamer he definitely could have been a pro athlete of some sort,3182,2026-09-12T06:38:36Z,MrBeast,Gaming,Who's The Strongest Streamer?,1005201354,10572528,24728
Ugy7yN8kxI8vsT_yQZN4AaABAg,_JUlWtSCNbs,@jaxtenplace4711,Speed wanted that 💀🥀🫃,259763,2026-04-03T16:01:35Z,MrBeast,Gaming,Who's The Strongest Streamer?,1005201354,10572528,24728
UgyQ5FS54xFGS80_NIN4AaABAg,_JUlWtSCNbs,@Nizargsq7Y7_edits,"Bro remembered that 1.99 donation he took it really personally
Edit:Tysm guys for the likes but I honestly did not copy the comment I wrote it myself without even reading the other comments so believe it or not that is your opinion but thx :)
Guys please tell me where's that comment that you guys are telling me that I copied bc I didn't 😭",78076,2026-04-05T12:44:10Z,MrBeast,Gaming,Who's The Strongest Streamer?,1005201354,10572528,24728
UgyfIzy9Z_9dj1dWW2p4AaABAg,_JUlWtSCNbs,@Kokito-h9g,I only stay on the video because it's MrBeast and every view he gets goes to help someone; I usually skip the video as soon as I see it's sponsored.,21,2026-09-13T23:19:28Z,MrBeast,Gaming,Who's The Strongest Streamer?,1005201354,10572528,24728
UgzOtamIjQ13O4TPzSR4AaABAg,_JUlWtSCNbs,@tom-g08,Bro remembered the $1.99 dono,115446,2026-04-04T14:26:49Z,MrBeast,Gaming,Who's The Strongest Streamer?,1005201354,10572528,24728
UgxpFB6ZvH94X6TKm9F4AaABAg,_JUlWtSCNbs,@FunHasBeenDone,Speed still remembers that donation on stream,52653,2026-04-04T08:52:32Z,MrBeast,Gaming,Who's The Strongest Streamer?,1005201354,10572528,24728
UgyXVPjEhoXAYlUoJMh4AaABAg,_JUlWtSCNbs,@Aryan-m8n5p,Speed is so athletic damn 🤯,16596,2026-04-04T03:43:41Z,MrBeast,Gaming,Who's The Strongest Streamer?,1005201354,10572528,24728
Ugx2kxvf7DnqCOV8Ld94AaABAg,_JUlWtSCNbs,@jessyloan-d5y,"Appreciate the effort you put into your content, it radiates passion and genuine commitment❤️😍💥",11,2026-09-29T04:31:14Z,MrBeast,Gaming,Who's The Strongest Streamer?,1005201354,10572528,24728
UgyA7jbBtLB7Fzmuiwd4AaABAg,_JUlWtSCNbs,@BeardlessYouth,Speed was the only one putting his legs into it,3725,2026-04-25T18:35:17Z,MrBeast,Gaming,Who's The Strongest Streamer?,1005201354,10572528,24728
UgyinuIqP09E4xRu13x4AaABAg,_JUlWtSCNbs,@BlazeFlake-l5b,That genuinely looked like it hurt 💀,2695,2026-07-23T10:38:37Z,MrBeast,Gaming,Who's The Strongest Streamer?,1005201354,10572528,24728
UgxqT9HE55RacjhGubZ4AaABAg,_JUlWtSCNbs,@Isaacslife2,Speed wanted to prove he was the strongest 💀,10946,2026-04-03T16:23:04Z,MrBeast,Gaming,Who's The Strongest Streamer?,1005201354,10572528,24728
Ugwt4uQJi2Lww_I1FQJ4AaABAg,_JUlWtSCNbs,@akshathaviswanatha9565,Marlon didn't even give his 100% on that attempt. He could have done it before Speed did it the second time,3,2026-09-25T16:56:13Z,MrBeast,Gaming,Who's The Strongest Streamer?,1005201354,10572528,24728
UgwFHxQlQpWflFfBZeZ4AaABAg,_JUlWtSCNbs,@JozzEditz90812,"Speed is gon see so many glaze edits..


Edit:2.5k in 10 hrs..",3784,2026-04-05T04:20:03Z,MrBeast,Gaming,Who's The Strongest Streamer?,1005201354,10572528,24728
Ugzhz1cqgQ4a_fGxwrJ4AaABAg,_JUlWtSCNbs,@redbullcan3,Speed didn't forget his 1.99 donation🥀,1020,2026-08-21T05:33:46Z,MrBeast,Gaming,Who's The Strongest Streamer?,1005201354,10572528,24728
UgweImws2mv53455C4h4AaABAg,_JUlWtSCNbs,@RustyArada,Speed  took that 1.99 donation serious ☠️💀💀💀💀☠️,4183,2026-04-07T02:57:40Z,MrBeast,Gaming,Who's The Strongest Streamer?,1005201354,10572528,24728
Ugyzpkeupt9x3angh094AaABAg,_JUlWtSCNbs,@eliywcm,that thing just hurted Mr beasts chin😭,1,2026-09-30T11:51:30Z,MrBeast,Gaming,Who's The Strongest Streamer?,1005201354,10572528,24728
Ugzmn9YUBZTa-7LhrMZ4AaABAg,_JUlWtSCNbs,@TripleCore1000,Bros challenges are getting wilder and wilder💀💀,8429,2026-04-05T16:39:30Z,MrBeast,Gaming,Who's The Strongest Streamer?,1005201354,10572528,24728
Ugx5A9CO7Bgx7STudRt4AaABAg,_JUlWtSCNbs,@PopPenPaintings,Speed studied that hammer strat💀💀,6762,2026-04-03T16:01:49Z,MrBeast,Gaming,Who's The Strongest Streamer?,1005201354,10572528,24728
Ugytsprr-m5-UYl09CB4AaABAg,_JUlWtSCNbs,@bilqiszw-j8v,Speed wanted that revenge on Jimmy😭😭😭,10541,2026-04-04T17:19:52Z,MrBeast,Gaming,Who's The Strongest Streamer?,1005201354,10572528,24728
Ugxb7w5QCYZnzw82rrF4AaABAg,_JUlWtSCNbs,@愛-c16,Speed is athletic af,2,2026-09-12T21:21:34Z,MrBeast,Gaming,Who's The Strongest Streamer?,1005201354,10572528,24728
Ugw6X3R-jLV0J9spcdh4AaABAg,_JUlWtSCNbs,@saarathnaseer4032,Speed got his second revenge iykyk,298,2026-09-04T19:06:49Z,MrBeast,Gaming,Who's The Strongest Streamer?,1005201354,10572528,24728
Ugy5HialW1mgdJkGrV54AaABAg,_JUlWtSCNbs,@paperblack1008,Dawg still remembers that monkey joke,1409,2026-04-13T13:00:46Z,MrBeast,Gaming,Who's The Strongest Streamer?,1005201354,10572528,24728
UgySXYr40ViDXlHRat14AaABAg,_JUlWtSCNbs,@sahil__________04,Nahh what is the use of being 6'6 chad when you get mogged by ishowspeed,1622,2026-04-05T09:18:45Z,MrBeast,Gaming,Who's The Strongest Streamer?,1005201354,10572528,24728
Ugw37cNehW5vX1sJNMN4AaABAg,_JUlWtSCNbs,@bacongangoridk,Speed always remember his stream MrBeast does.,2,2026-09-15T05:36:42Z,MrBeast,Gaming,Who's The Strongest Streamer?,1005201354,10572528,24728
Ugyk19VMyPNyB7mxzJd4AaABAg,_JUlWtSCNbs,@Naya_Azza,Mrbeast got that ccw rotation now,75,2026-09-08T09:34:39Z,MrBeast,Gaming,Who's The Strongest Streamer?,1005201354,10572528,24728
UgxtYddQZfPLHs1JlJB4AaABAg,_JUlWtSCNbs,@bilkisgufrana6051,Bro sacrificed his face for content 😂😂,1891,2026-04-05T18:35:49Z,MrBeast,Gaming,Who's The Strongest Streamer?,1005201354,10572528,24728
UgzlOnzjLMSI8X3twD94AaABAg,_JUlWtSCNbs,@LisaBailey-t7q,$1.99 donation gave speed booster motivation 😂,919,2026-05-25T02:39:44Z,MrBeast,Gaming,Who's The Strongest Streamer?,1005201354,10572528,24728
UgyzJXcfnlOMZI86H6x4AaABAg,_JUlWtSCNbs,@PinoyKahapon,Speed have an natural talent in everything he do,2,2026-09-21T15:54:41Z,MrBeast,Gaming,Who's The Strongest Streamer?,1005201354,10572528,24728
UgyhbQREobr3d6DWsw54AaABAg,_JUlWtSCNbs,@firearmshunter101,Speed being a casual super athlete will never cease to amaze me,695,2026-05-06T21:36:53Z,MrBeast,Gaming,Who's The Strongest Streamer?,1005201354,10572528,24728
UgzbaTTXHmBc3ZLTLZ94AaABAg,_JUlWtSCNbs,@ẶMpEÐ,Speed still pissed about that jet.,93,2026-07-19T03:41:55Z,MrBeast,Gaming,Who's The Strongest Streamer?,1005201354,10572528,24728
UgynwEN7-CRqFsgqBn94AaABAg,_JUlWtSCNbs,@Heisjoejoe,Speed's got athleticism,1,2026-09-13T04:46:30Z,MrBeast,Gaming,Who's The Strongest Streamer?,1005201354,10572528,24728
Ugz5g6g1ShTx_N2ze2R4AaABAg,_JUlWtSCNbs,@urielatolentino3440,"Speed needs aura❌ 
Aura needs Speed✅",448,2026-04-16T04:52:31Z,MrBeast,Gaming,Who's The Strongest Streamer?,1005201354,10572528,24728
Ugzn_v9IM1xOm7m1UMJ4AaABAg,_JUlWtSCNbs,@YapLab00,bro Speed just takes every competition so seriously lol,79,2026-07-07T16:58:31Z,MrBeast,Gaming,Who's The Strongest Streamer?,1005201354,10572528,24728
UgyNzmSmSvpuLhcjiaV4AaABAg,_JUlWtSCNbs,@the_random87,Nah the fact speed beat Marlon LOL🤣,288,2026-08-06T14:57:24Z,MrBeast,Gaming,Who's The Strongest Streamer?,1005201354,10572528,24728
UgzScK-0gZYT0Xmtclt4AaABAg,_JUlWtSCNbs,@Client01Arsnl,It's not about strength. It's about speed. The faster you throw the higher it goes,1,2026-09-20T12:50:56Z,MrBeast,Gaming,Who's The Strongest Streamer?,1005201354,10572528,24728
UgyYYrarB5vbdpzSjYF4AaABAg,_JUlWtSCNbs,@CreepCaIamity,yo this dude is genuinely athletic asf,455,2026-06-11T21:52:46Z,MrBeast,Gaming,Who's The Strongest Streamer?,1005201354,10572528,24728
UgwViVe3lN0-ywUHw2d4AaABAg,_JUlWtSCNbs,@New_Grace_Music,XQC actually nearly swung a sledge properly.,347,2026-08-02T17:43:46Z,MrBeast,Gaming,Who's The Strongest Streamer?,1005201354,10572528,24728
UgzXqtzxOuWyTjaWhd54AaABAg,_JUlWtSCNbs,@robsonaninha,Mr. Beast's chin started crying after that.,614,2026-04-28T14:08:09Z,MrBeast,Gaming,Who's The Strongest Streamer?,1005201354,10572528,24728
Ugz8seRyMFvTBcwWGW54AaABAg,_JUlWtSCNbs,@PeakEmotions_yt,Bros challenges are getting wilder and wilder😂😂,2,2026-09-22T07:12:15Z,MrBeast,Gaming,Who's The Strongest Streamer?,1005201354,10572528,24728
UgyiuF5ym2vcdA3BpnZ4AaABAg,_JUlWtSCNbs,@jose-phv,"If you look closely, everyone hit the bar and the hammer bounced off it, not letting the seesaw go up all the way. In Speed's last attempt, he keeps the hammer on the seesaw longer, letting it go high enough to punch Mr. Beast.",436,2026-06-29T21:53:16Z,MrBeast,Gaming,Who's The Strongest Streamer?,1005201354,10572528,24728
UgyJG4iJDgvW-lBxl4V4AaABAg,_JUlWtSCNbs,@Lordisctoo,"""that was pathetic"" 😅😅😅",552,2026-04-04T18:15:17Z,MrBeast,Gaming,Who's The Strongest Streamer?,1005201354,10572528,24728
UgyGcFiZnouUfhjIX5d4AaABAg,_JUlWtSCNbs,@FclssGaming,Speed is so Athletic damn😨,854,2026-04-03T16:01:33Z,MrBeast,Gaming,Who's The Strongest Streamer?,1005201354,10572528,24728
Ugy1lKpFldui2N3qPLZ4AaABAg,_JUlWtSCNbs,@nagamunemmashakavarappu3689,Speed wanted that 🥀🥀,2,2026-09-29T01:29:33Z,MrBeast,Gaming,Who's The Strongest Streamer?,1005201354,10572528,24728
Ugyeo1mb-DZWXS_gD0h4AaABAg,_JUlWtSCNbs,@SkillMaster07,Speed using only a fraction of his power,180,2026-07-02T09:01:33Z,MrBeast,Gaming,Who's The Strongest Streamer?,1005201354,10572528,24728
UgxxKjGApGwyLJMBfWR4AaABAg,_JUlWtSCNbs,@scrpbtm,speed strength is on another level,332,2026-06-16T02:09:05Z,MrBeast,Gaming,Who's The Strongest Streamer?,1005201354,10572528,24728
UgzbOnQZvTCioJAwsc54AaABAg,_JUlWtSCNbs,@ÀrulS.K,Speed power is always great😂,178,2026-04-19T15:23:55Z,MrBeast,Gaming,Who's The Strongest Streamer?,1005201354,10572528,24728
UgxzfLzoe7wMGCLKRyx4AaABAg,_JUlWtSCNbs,@ash7r,"That tall guy could've sent him to the moon, but he didn't want violence",1,2026-09-20T03:53:52Z,MrBeast,Gaming,Who's The Strongest Streamer?,1005201354,10572528,24728
UgzTULj-wxJOHKiG1vt4AaABAg,_JUlWtSCNbs,@Ninjaopfps,Speed remembered when he got arrested by mr beast,492,2026-06-02T13:10:07Z,MrBeast,Gaming,Who's The Strongest Streamer?,1005201354,10572528,24728
UgxMKYaO2sBkIE1nkah4AaABAg,_JUlWtSCNbs,@MemeGuyEli,Ever since the treadmill incident he wanted revenge,812,2026-04-03T21:34:36Z,MrBeast,Gaming,Who's The Strongest Streamer?,1005201354,10572528,24728
Ugxsh8wXOJa_oDBIipB4AaABAg,_JUlWtSCNbs,@Noname-di2td,Bro’s definitely getting his revenge for putting him behind bars that one time 💀,100,2026-08-08T05:54:15Z,MrBeast,Gaming,Who's The Strongest Streamer?,1005201354,10572528,24728
UgwCnL122bfr1QoUcrR4AaABAg,_JUlWtSCNbs,@00super_fire,Marlon wasn’t even trying,1,2026-09-29T17:05:41Z,MrBeast,Gaming,Who's The Strongest Streamer?,1005201354,10572528,24728
UgwM4XAiQC44sUZT2814AaABAg,_JUlWtSCNbs,@cortfanaccount,XQc struggling to lift the hammer 💀,699,2026-04-03T16:01:04Z,MrBeast,Gaming,Who's The Strongest Streamer?,1005201354,10572528,24728
Ugw2xaWDFH70KpW0_tF4AaABAg,_JUlWtSCNbs,@daytripperarrabal,"Another w for speed he can’t stop winning, best win ever, that excruciating dude there deserves that",487,2026-04-06T00:46:05Z,MrBeast,Gaming,Who's The Strongest Streamer?,1005201354,10572528,24728
Ugx8SVz-6Kz0oQ43hVh4AaABAg,_JUlWtSCNbs,@nicolepike1731,Really thought speed was gonna start barking😂😂,318,2026-06-20T21:35:13Z,MrBeast,Gaming,Who's The Strongest Streamer?,1005201354,10572528,24728
UgygH9hvQXV9UPIDjwF4AaABAg,_JUlWtSCNbs,@SaletedoManolo,"I just want to know who had the idea to combine the two biggest YouTubers in the world, and obviously it was going to go viral.",1,2026-09-29T05:42:10Z,MrBeast,Gaming,Who's The Strongest Streamer?,1005201354,10572528,24728
UgxHYzP81gpRqYahxyh4AaABAg,_JUlWtSCNbs,@FrontiersDarkSonic,Speed is built different 😅,454,2026-04-03T16:31:50Z,MrBeast,Gaming,Who's The Strongest Streamer?,1005201354,10572528,24728
Ugy9elvsGr737GzmEWB4AaABAg,_JUlWtSCNbs,@mohitbhaiytgamer7914,"Speed ""REALLY"" wanted that ! 💀👽",301,2026-04-07T14:38:49Z,MrBeast,Gaming,Who's The Strongest Streamer?,1005201354,10572528,24728
Ugxzj7v6-7BIzxrEqKt4AaABAg,_JUlWtSCNbs,@am.fih18,Bro I wasn't even expecting speed to be that powerful😭😭,516,2026-04-03T17:47:33Z,MrBeast,Gaming,Who's The Strongest Streamer?,1005201354,10572528,24728
UgxPZlAQ5XFSK4mDSXF4AaABAg,_JUlWtSCNbs,@korbi9043,Xqc using the actual sledgehammer tactic lol I wonder how heavy it was,196,2026-04-05T02:54:17Z,MrBeast,Gaming,Who's The Strongest Streamer?,1005201354,10572528,24728
UgwEOtA8ON5bLttfoMR4AaABAg,_JUlWtSCNbs,@lizavalos688,"I love how Mr beast acted like he wasn't scared for a lot of them, but would still flinch every time",19,2026-06-10T22:45:53Z,MrBeast,Gaming,Who's The Strongest Streamer?,1005201354,10572528,24728
UgzmNwG-jbdNvBxdO7Z4AaABAg,_JUlWtSCNbs,@jenbalaba5485,Bro remembered the mr beast challenge where he got hurt,442,2026-05-17T03:21:12Z,MrBeast,Gaming,Who's The Strongest Streamer?,1005201354,10572528,24728
Ugy6EW4Z3n4zNqgDpBJ4AaABAg,_JUlWtSCNbs,@AlakheManku,"The last guy was the strong one, but he doesn't look like the ""strong guy""
*IShowspeed*",1,2026-09-26T13:01:19Z,MrBeast,Gaming,Who's The Strongest Streamer?,1005201354,10572528,24728
Ugwo-J5PJAIR2XpPz354AaABAg,_JUlWtSCNbs,@mr_rageba1t3r,Speed got mad after mr beast out him in that jail,289,2026-04-04T03:38:23Z,MrBeast,Gaming,Who's The Strongest Streamer?,1005201354,10572528,24728
Ugwr4r2SEip6SBVwPWB4AaABAg,_JUlWtSCNbs,@Jackieg-z8z,Speed has that ancestral strength 😂😂,23,2026-09-01T09:04:59Z,MrBeast,Gaming,Who's The Strongest Streamer?,1005201354,10572528,24728
Ugx2vexqkvq__oFOKW14AaABAg,_JUlWtSCNbs,@easywaylearning4278,Bro want to take the revenge of the donation☠️,305,2026-04-06T12:16:59Z,MrBeast,Gaming,Who's The Strongest Streamer?,1005201354,10572528,24728
UgxmDmp_-P-d9wz2NYR4AaABAg,_JUlWtSCNbs,@JETMP3,Bro went from ishowspeed to *ishowstrenght* 😅,2,2026-09-27T10:26:10Z,MrBeast,Gaming,Who's The Strongest Streamer?,1005201354,10572528,24728
UgyOe7GMJIK57eWFwVR4AaABAg,_JUlWtSCNbs,@esteb_1168,"The key is to hit it right on the tip. Because of the lever principle, the closer to the edge you hit it, the more leverage it has. If you look closely, Speed ​​hits it right on the edge, and the others don't",136,2026-06-13T11:41:48Z,MrBeast,Gaming,Who's The Strongest Streamer?,1005201354,10572528,24728
UgwrENcyyjS2XFRCus94AaABAg,_JUlWtSCNbs,@RijuanSl,speed wanted that 💀🥹,261,2026-04-06T07:32:26Z,MrBeast,Gaming,Who's The Strongest Streamer?,1005201354,10572528,24728
UgzaffqwGRfOCKjb4Lx4AaABAg,_JUlWtSCNbs,@JosepKingsley,"Ludwig let us down, he literally had rebuilt shirt on",124,2026-04-08T19:04:25Z,MrBeast,Gaming,Who's The Strongest Streamer?,1005201354,10572528,24728
Ugx3Ap-QrRyE1Hma4BJ4AaABAg,_JUlWtSCNbs,@Itslancee,"Respect to the guy who said ""Bro remembered the 1.99$ donation""",1,2026-09-11T09:21:09Z,MrBeast,Gaming,Who's The Strongest Streamer?,1005201354,10572528,24728
Ugyi6m4pslUkRVUOwrx4AaABAg,_JUlWtSCNbs,@Arnisha2016-t9q,If mr beast give speed one more chance at first the video must be ended in 5 seconds,261,2026-06-05T16:49:26Z,MrBeast,Gaming,Who's The Strongest Streamer?,1005201354,10572528,24728
UgzUlLkItFxr5u0ApaJ4AaABAg,_JUlWtSCNbs,@MarkRobinson-g9e,That definitely hurt,147,2026-04-05T11:05:11Z,MrBeast,Gaming,Who's The Strongest Streamer?,1005201354,10572528,24728
Ugy2LpeCs0R9KYY86HZ4AaABAg,_JUlWtSCNbs,@snipetclipper,Speed took that 1.99 donation personal,124,2026-04-09T04:46:37Z,MrBeast,Gaming,Who's The Strongest Streamer?,1005201354,10572528,24728
UgzZM5bZfB5rX8oFHxp4AaABAg,_JUlWtSCNbs,@Zeloriausa0153,"Really enjoyed this! Keep it up!
This was a great way to spend a few minutes!
Can’t wait to see the next one! ❤️",1,2026-09-27T11:53:40Z,MrBeast,Gaming,Who's The Strongest Streamer?,1005201354,10572528,24728
Ugw_T67rbR-WY4GOJ2p4AaABAg,rqsRdfdN4uI,@MrBeast,not Thea thinking I was a horse,31001,2026-05-05T15:59:28Z,MrBeast,Gaming,Guess The Animal,879390681,7518210,21317
UgyP7oRk6m3Z_Y4zJnN4AaABAg,rqsRdfdN4uI,@karlmbuyi3529,"""Is it a mini horse ?"" 😯
""IS THIS JIMMY ?"" 😂😂😂😂
""Good boy"" 😂😂😂😂😂",20347,2026-05-05T16:03:12Z,MrBeast,Gaming,Guess The Animal,879390681,7518210,21317
UgyL6J1uNrPmP1rlHaF4AaABAg,rqsRdfdN4uI,@TheBetterSnoop,"“Who’s a good boy?”
Is diabolical 😭😭",9551,2026-05-10T12:39:42Z,MrBeast,Gaming,Guess The Animal,879390681,7518210,21317
UgyWNkI7_IQdqHqtIWh4AaABAg,rqsRdfdN4uI,@EnchantedGamer3,We ALL know Jimmy enjoyed that last one,2172,2026-07-21T18:51:20Z,MrBeast,Gaming,Guess The Animal,879390681,7518210,21317
UgzAA_DyaLq5s1ghHdR4AaABAg,rqsRdfdN4uI,@Yonshlall-q8q,"Jimmy is thinking to himself, ""I'll never do that again, you pervert!""😂😂",75,2026-09-06T11:52:06Z,MrBeast,Gaming,Guess The Animal,879390681,7518210,21317
Ugwb1gC8qmzT7NAwTBF4AaABAg,rqsRdfdN4uI,@Abh1_cc,"Who loves messi
Just me and my 
Likes",48850,2026-05-05T16:01:24Z,MrBeast,Gaming,Guess The Animal,879390681,7518210,21317
UgzVYHEniYAqx1Els0x4AaABAg,rqsRdfdN4uI,@Ritesh_ai_studio,That Last Good Boy 😂,1824,2026-05-05T16:15:22Z,MrBeast,Gaming,Guess The Animal,879390681,7518210,21317
Ugzxi6fXa0MQnxmAWAt4AaABAg,rqsRdfdN4uI,@ZXCBA_01,Economy so bad even mr beast had to put on ads,1,2026-09-30T07:34:17Z,MrBeast,Gaming,Guess The Animal,879390681,7518210,21317
UgzRtZD_uYPagFB3b-54AaABAg,rqsRdfdN4uI,@london_thegymnast,"“Is this a mini horse?”
“Close” 💀💀💀",639,2026-05-15T20:19:37Z,MrBeast,Gaming,Guess The Animal,879390681,7518210,21317
UgxEOUZmzzqmEldUiIJ4AaABAg,rqsRdfdN4uI,@King_Leozilla,"The ""good boy"" was so iconic",275,2026-08-18T12:59:26Z,MrBeast,Gaming,Guess The Animal,879390681,7518210,21317
UgzRs3XtNOWl3g37yFd4AaABAg,rqsRdfdN4uI,@FitnessBoyzOfficial,Chandler rocking the Jesus Saves shirt is awesome 🎉,1102,2026-05-05T16:24:48Z,MrBeast,Gaming,Guess The Animal,879390681,7518210,21317
UgzZhSOdJo4n4QSU7o54AaABAg,rqsRdfdN4uI,@b34r_4,"The ""good boy"" was crazy 😭",0,2026-09-24T09:16:58Z,MrBeast,Gaming,Guess The Animal,879390681,7518210,21317
UgwtI1UzxSgGTXb1oVp4AaABAg,rqsRdfdN4uI,@TaymAlnatour,“gOoD bOi” 🗣️,58,2026-08-17T17:02:52Z,MrBeast,Gaming,Guess The Animal,879390681,7518210,21317
UgxAY98yRYmuf8ZPdhx4AaABAg,rqsRdfdN4uI,@MariaAndreiaAiraIlustre,"""Good boy"" got me rolling on the ground😂",46,2026-08-02T05:31:29Z,MrBeast,Gaming,Guess The Animal,879390681,7518210,21317
Ugx7sqMaw88-V9dyouV4AaABAg,rqsRdfdN4uI,@AyazAhmed-g1s,"That last ,""good boy""😂😂",209,2026-08-01T16:12:27Z,MrBeast,Gaming,Guess The Animal,879390681,7518210,21317
UgwnJj8EBHcJBVgWIfZ4AaABAg,rqsRdfdN4uI,@Echo_Chan-456,""" Who's a good boy?""
IS WILD 😭",0,2026-09-10T08:00:14Z,MrBeast,Gaming,Guess The Animal,879390681,7518210,21317
UgwYd5uHqsBhgXx5U7p4AaABAg,rqsRdfdN4uI,@duckyyy44,ducky,4592,2026-05-05T16:50:43Z,MrBeast,Gaming,Guess The Animal,879390681,7518210,21317
UgwjjC2cQH4Lk47t0KF4AaABAg,rqsRdfdN4uI,@Just_ARandomGuy1,"The ""Good boy"" was crazy",118,2026-06-29T10:41:37Z,MrBeast,Gaming,Guess The Animal,879390681,7518210,21317
Ugy5qcsMqi8MOcQNZEt4AaABAg,rqsRdfdN4uI,@Paco_RedRavenPK,that otter was cute af,973,2026-05-05T20:55:47Z,MrBeast,Gaming,Guess The Animal,879390681,7518210,21317
Ugxx60gXNL2Htf98Dyh4AaABAg,rqsRdfdN4uI,@SarahSidup-l5z,"""who's a good boy?""
Is diabolical 😭😭",17,2026-09-08T21:36:05Z,MrBeast,Gaming,Guess The Animal,879390681,7518210,21317
Ugz1I5ZREjY2hIGS2HJ4AaABAg,rqsRdfdN4uI,@łøvė-šmǐłė-åťė,"Chandler getting bitten by the guy (who was holding the peacock) is insane.

Edit: had to fix my comment since it didn’t make sense",408,2026-05-05T20:31:27Z,MrBeast,Gaming,Guess The Animal,879390681,7518210,21317
Ugycdka4OXD1FDBb2eZ4AaABAg,rqsRdfdN4uI,@btchidgaf,""" good boy""😭😭😭💀",448,2026-06-27T19:25:18Z,MrBeast,Gaming,Guess The Animal,879390681,7518210,21317
Ugxpzy8QwfoCYaFl2Nh4AaABAg,rqsRdfdN4uI,@M4rblesM4ster,"the ""good boy"" out of context would be crazy",548,2026-05-05T16:01:34Z,MrBeast,Gaming,Guess The Animal,879390681,7518210,21317
UgwGYZQNasc7t0eyAHB4AaABAg,rqsRdfdN4uI,@jiangenni2782,“Is this a mini horse?”                                              “Close..”,226,2026-06-06T17:50:46Z,MrBeast,Gaming,Guess The Animal,879390681,7518210,21317
Ugx6oOkt9mBy5wVAsjh4AaABAg,rqsRdfdN4uI,@AuraPulse26,The “good boy” was hilarious 😂,394,2026-05-06T03:16:16Z,MrBeast,Gaming,Guess The Animal,879390681,7518210,21317
Ugw2oIXxmsQ--UuH-E14AaABAg,rqsRdfdN4uI,@borjasamanes,“Good boy” is wild 😭,281,2026-05-05T16:03:41Z,MrBeast,Gaming,Guess The Animal,879390681,7518210,21317
Ugw6m-SK3GHryDA3nXl4AaABAg,rqsRdfdN4uI,@logan_56G,"""good boy"" is diabolical 😭",0,2026-08-29T18:27:07Z,MrBeast,Gaming,Guess The Animal,879390681,7518210,21317
Ugzs13arSl7MUn1NkiF4AaABAg,rqsRdfdN4uI,@hasserin22,the flamingo was like “nice day out here.. I’m kinda hungry tho. FRENCH FRY,112,2026-06-29T11:55:12Z,MrBeast,Gaming,Guess The Animal,879390681,7518210,21317
UgydVWAc42fpJBC9U2B4AaABAg,rqsRdfdN4uI,@SAURABHSHUKLA-99,"The last seen was so funny 😂
""is this jimmy "" ? 😂😂😂
""good boy"" 🙂",221,2026-05-07T07:06:10Z,MrBeast,Gaming,Guess The Animal,879390681,7518210,21317
UgxG1KkTslzT0mIi1XJ4AaABAg,rqsRdfdN4uI,@officialcooljevineditz,Bro the alligator is so chill,11,2026-07-21T04:14:00Z,MrBeast,Gaming,Guess The Animal,879390681,7518210,21317
UgzveS6sUKJnwiNoAad4AaABAg,rqsRdfdN4uI,@IMod_C44,"""Is it a horse?""
Almost...",0,2026-09-24T14:31:10Z,MrBeast,Gaming,Guess The Animal,879390681,7518210,21317
Ugy0F-j8mewKOGDNqK54AaABAg,rqsRdfdN4uI,@PH4NT0M_Official.X,"1% of the video: talking bout Chandler casually getting bitten by a grown man...
99% of the video: talking about Jimmy",169,2026-05-19T14:44:58Z,MrBeast,Gaming,Guess The Animal,879390681,7518210,21317
UgwfNh1QvTc9XhoBEAN4AaABAg,rqsRdfdN4uI,@School_clock,The way Chandler has a love Jesus shirt is so good,78,2026-06-06T10:16:48Z,MrBeast,Gaming,Guess The Animal,879390681,7518210,21317
UgwJLFBm1FIS6VMyo6l4AaABAg,rqsRdfdN4uI,@Zarina5678,"Happy birthday Jimmy. My dad recently got fired from his job, a few months after my brother got accepted into his dream college: Cambridge university. I know how hard he has worked for this. He's been staying up later than most full time working adults every night since he was 12. He was forced to skip 2 years of school just to save on tuition. He is the most supportive humble and hard worker person I know.
And he just had his dream crushed. I would be incredibly grateful if the tuition could be paid. We are still trying for a scholarship but it's become obvious that won't happen.
I hate to see him so heartbroken because everything he has ever done in his life has come down to this. I know how much potential he has to do great things in this world. Even through all this he has been consistently volunteering, donating and helping those who need it. Thank you so much for all the good you have done and! really hope you consider him.",112,2026-05-08T07:41:09Z,MrBeast,Gaming,Guess The Animal,879390681,7518210,21317
UgwK4XpWD9QtbmKC9yp4AaABAg,rqsRdfdN4uI,@flóorgd-d3p,"That ain't a alligator, that's a CROCODILE",0,2026-09-02T08:52:48Z,MrBeast,Gaming,Guess The Animal,879390681,7518210,21317
UgxmMuZA3eJDDp3SJoR4AaABAg,rqsRdfdN4uI,@Norah.797,"""good boy"" was crazy 😭",217,2026-05-14T01:43:17Z,MrBeast,Gaming,Guess The Animal,879390681,7518210,21317
Ugyijpv9tWltHMRfYc94AaABAg,rqsRdfdN4uI,@jeyyozn,the last “good boy” 😭,122,2026-06-12T11:10:04Z,MrBeast,Gaming,Guess The Animal,879390681,7518210,21317
Ugyg_fY2zqR2n3GSMyB4AaABAg,rqsRdfdN4uI,@calculator_the_calc,That good boy was personal 💀💀💀,10,2026-06-12T19:32:50Z,MrBeast,Gaming,Guess The Animal,879390681,7518210,21317
UgyqbUoVXvoxKgvbcyl4AaABAg,rqsRdfdN4uI,@NoiceLIVE,'Good boy' hits hard 🥀,1,2026-08-31T14:23:59Z,MrBeast,Gaming,Guess The Animal,879390681,7518210,21317
Ugx8O_Pgso-lhBsHgiB4AaABAg,rqsRdfdN4uI,@Itsjustlexi_12,Why is nobody talking about HOW FREAKING CUTE THAT BABY OTTER IS!!🤭🤭🥰🥰,135,2026-07-03T00:41:30Z,MrBeast,Gaming,Guess The Animal,879390681,7518210,21317
UgxdGezoJtV6785hBjZ4AaABAg,rqsRdfdN4uI,@asiafathima7,The last Head pat was LOVE!,195,2026-05-07T16:34:39Z,MrBeast,Gaming,Guess The Animal,879390681,7518210,21317
UgwpRxBsELw_TCAtWXR4AaABAg,rqsRdfdN4uI,@ailalovedandy,"""Is this a mini horse?"" ""Close"" BRO THAT MADE ME LAUGH SO HARD I FELL OF MY BED",111,2026-06-10T15:02:52Z,MrBeast,Gaming,Guess The Animal,879390681,7518210,21317
UgzqlY8s-bh5XavmfuJ4AaABAg,rqsRdfdN4uI,@Sahar-e8h,That “good boy” was wild😂,0,2026-09-03T23:57:03Z,MrBeast,Gaming,Guess The Animal,879390681,7518210,21317
UgytIHmF2IzbIGGXdH14AaABAg,rqsRdfdN4uI,@Cloudz_Plays123,THE OTTER IS SO CUTEEE,6,2026-08-16T05:19:15Z,MrBeast,Gaming,Guess The Animal,879390681,7518210,21317
UgzyF-k8UwmcdBrBdNd4AaABAg,rqsRdfdN4uI,@Candelight_Music,Imagine if jimmy handed her a toy snake while being in the box 😂,289,2026-05-05T16:11:26Z,MrBeast,Gaming,Guess The Animal,879390681,7518210,21317
UgwLya-FIeyIw5HTFYV4AaABAg,rqsRdfdN4uI,@Hanspackagingsolutions-vb3tu,Otter was so cute😊,353,2026-05-05T16:01:00Z,MrBeast,Gaming,Guess The Animal,879390681,7518210,21317
Ugxp_OTzbCZkoiKt4694AaABAg,rqsRdfdN4uI,@NikkoDepaz-k8o,That first it's like she took a bite in the boneless wing,0,2026-09-30T10:49:28Z,MrBeast,Gaming,Guess The Animal,879390681,7518210,21317
UgzVnRiVwTwQtGau8Ix4AaABAg,rqsRdfdN4uI,@QUITE_RANDOM_FACTS,Otter was so adorable 😊,21,2026-05-06T07:21:50Z,MrBeast,Gaming,Guess The Animal,879390681,7518210,21317
UgxuG831hgo0qt0zeXd4AaABAg,rqsRdfdN4uI,@ShreoshreeKarmakar,The way the girl at last softly touched Jimmy's hair ❤,184,2026-05-12T14:53:40Z,MrBeast,Gaming,Guess The Animal,879390681,7518210,21317
UgxGbn_P8Gk5WxBjfsd4AaABAg,rqsRdfdN4uI,@LumiStarHouse,"""This is probably the most dangerous animal so far"" *proceeds to bite*",122,2026-06-17T18:48:40Z,MrBeast,Gaming,Guess The Animal,879390681,7518210,21317
Ugys2LHidSOjZtO0yJJ4AaABAg,rqsRdfdN4uI,@nion_lion,The otter is soooo cuteee,4,2026-09-13T09:20:51Z,MrBeast,Gaming,Guess The Animal,879390681,7518210,21317
UgyYRBrWLo8qbwA-Grl4AaABAg,rqsRdfdN4uI,@Princezbolo,"The way she said ""good boy"" at the end I think they are having fun tonight😭🙏",110,2026-05-29T11:35:47Z,MrBeast,Gaming,Guess The Animal,879390681,7518210,21317
UgxMBiD64QB9_19iivl4AaABAg,rqsRdfdN4uI,@MemesterHigashikate,"Lowkey expected jimmy to get it wrong by saying ""crocodile"" instead of alligator😭🥀✌️",26,2026-05-05T16:02:03Z,MrBeast,Gaming,Guess The Animal,879390681,7518210,21317
UgxodNozwJxQ5xGIbgJ4AaABAg,rqsRdfdN4uI,@TheAzurite,Chandler's good at this.,114,2026-05-05T16:46:15Z,MrBeast,Gaming,Guess The Animal,879390681,7518210,21317
Ugy2DU9rGwz15Xt2yEx4AaABAg,rqsRdfdN4uI,@Chubbybuddy-b1,All laugh and giggle till that alligator become aggressive,0,2026-09-12T05:18:04Z,MrBeast,Gaming,Guess The Animal,879390681,7518210,21317
UgyTrC6mwj43rCR69Fp4AaABAg,rqsRdfdN4uI,@TheBigH-E,"“Is it a mini horse?”

“Close.”

Production team’s diabolical 😭💔",16,2026-07-21T20:43:28Z,MrBeast,Gaming,Guess The Animal,879390681,7518210,21317
UgzBAKud0rUxurjPYAZ4AaABAg,rqsRdfdN4uI,@hasnainbloxYT,it's crazy that you brought the king of the birds from the wild,62,2026-05-26T09:08:28Z,MrBeast,Gaming,Guess The Animal,879390681,7518210,21317
UgwTbGRXjbnfW6mun8V4AaABAg,rqsRdfdN4uI,@iqultra,Jimmy likes being called good boy 💀,91,2026-05-06T05:23:08Z,MrBeast,Gaming,Guess The Animal,879390681,7518210,21317
UgztriL1EB3oooKb4JF4AaABAg,rqsRdfdN4uI,@Jimmy-r2o2x,"Wait, hold on—you're saying ""guess the animal""? Do you mean Jimmy is an animal?",1,2026-09-16T06:29:44Z,MrBeast,Gaming,Guess The Animal,879390681,7518210,21317
UgyQkwdJuJ6hI6dYeS94AaABAg,rqsRdfdN4uI,@G1h_an_5a,"“Is it a mini horse” 
Nahh “mini beast” hits hard",21,2026-07-15T03:54:11Z,MrBeast,Gaming,Guess The Animal,879390681,7518210,21317
UgwZCG362uT6itui0KZ4AaABAg,rqsRdfdN4uI,@Marquesejone,Chandler has so much aura and the drippiest shirt I’ve ever seen🔥,26,2026-07-22T18:05:49Z,MrBeast,Gaming,Guess The Animal,879390681,7518210,21317
UgxJmreiHrWBoMppsER4AaABAg,rqsRdfdN4uI,@accphuYoni,That otter looks so cute.,31,2026-05-05T16:42:21Z,MrBeast,Gaming,Guess The Animal,879390681,7518210,21317
UgyCUdR0SeetZ8tJySp4AaABAg,rqsRdfdN4uI,@MarissaCarrillo-q7x,Flamingo: oh god it's so ouchy,0,2026-09-12T02:17:10Z,MrBeast,Gaming,Guess The Animal,879390681,7518210,21317
UgyG9fyCkoOIIiuADPh4AaABAg,rqsRdfdN4uI,@aaditsharma3718,That last 'Good Boy'😂,38,2026-05-05T17:21:21Z,MrBeast,Gaming,Guess The Animal,879390681,7518210,21317
Ugz1aINpjn6ogGjeoDF4AaABAg,rqsRdfdN4uI,@amrafathima2954,That last horse 🐴 no it's jimmy ❤😂,40,2026-05-05T16:56:39Z,MrBeast,Gaming,Guess The Animal,879390681,7518210,21317
UgyIp4mR_tm2VXbzSxp4AaABAg,rqsRdfdN4uI,@Exo-feet,Forest just casually holding a gator like a bag 😂,41,2026-07-10T17:39:50Z,MrBeast,Gaming,Guess The Animal,879390681,7518210,21317
Ugx-MMVfWRIyJ7iXtTJ4AaABAg,rqsRdfdN4uI,@MrGamingthereal89,By the end I thought it was the 67 kid😂,1,2026-09-05T17:28:08Z,MrBeast,Gaming,Guess The Animal,879390681,7518210,21317
UgxkoCTIjLFKKmuTE3R4AaABAg,rqsRdfdN4uI,@GTOkliDnew_GD_Official,"""What a good boy"" aww that's so cute :3",12,2026-08-14T12:33:56Z,MrBeast,Gaming,Guess The Animal,879390681,7518210,21317
Ugw-dJ9o6BYP7sz4snJ4AaABAg,rqsRdfdN4uI,@Marinatt125,😂The last obedient son,26,2026-05-07T13:00:18Z,MrBeast,Gaming,Guess The Animal,879390681,7518210,21317
UgwqGMvXWPIX-gipZAR4AaABAg,rqsRdfdN4uI,@Footballllllllll45242,"‘It’s a penguin ‘ 
  ‘No’
‘Cmon’

Meanwhile the flamingo just eating his fingers",41,2026-05-05T21:12:49Z,MrBeast,Gaming,Guess The Animal,879390681,7518210,21317
Ugy38rCJETdBGaQNeG54AaABAg,rqsRdfdN4uI,@EVO_ECHO_NEXUS_GAMES,"""Good boy"" got me fr",0,2026-09-16T03:24:48Z,MrBeast,Gaming,Guess The Animal,879390681,7518210,21317
Ugwaqv2XONtEmAZakMh4AaABAg,rqsRdfdN4uI,@Aztredsita,"The shirt ""Jesus saves"" OMG SO CUTE",74,2026-05-07T18:31:24Z,MrBeast,Gaming,Guess The Animal,879390681,7518210,21317
Ugy7oM5LGtgMihe0iN14AaABAg,rqsRdfdN4uI,@MottakinHossan97312,"""Good boy "" is so funny 😂",16,2026-05-05T16:25:11Z,MrBeast,Gaming,Guess The Animal,879390681,7518210,21317
UgyPT8A5KT6mZLX8Y0R4AaABAg,rqsRdfdN4uI,@Chance_glazer0_0,That “good boy” was personal 💔,13,2026-05-05T18:44:51Z,MrBeast,Gaming,Guess The Animal,879390681,7518210,21317
UgyLDTJbuGGViJaQ6Jd4AaABAg,rqsRdfdN4uI,@SantosAbdon-j8p,"""is it's jimmy"" 🤣🤣",0,2026-09-08T05:54:37Z,MrBeast,Gaming,Guess The Animal,879390681,7518210,21317
UgxrTqHpCM4E4bxjTRN4AaABAg,897gvApD6V4,@MrBeast,If this zebra can subscribe so can you,12634,2026-04-01T15:59:27Z,MrBeast,Gaming,Will a Zebra Subscribe to me?,813041167,3901376,24982
UgyTl8hzUK1XLwmLKlt4AaABAg,897gvApD6V4,@Isaacslife2,half a billion is crazy work! 🦓,8972,2026-04-01T16:46:13Z,MrBeast,Gaming,Will a Zebra Subscribe to me?,813041167,3901376,24982
Ugwnl-hHR2pqhy64UNx4AaABAg,897gvApD6V4,@yesimfriskyy,Why doesn't Jimmy  buy about thousands of phones then sub to himself??? Think about it,9,2026-09-20T09:36:12Z,MrBeast,Gaming,Will a Zebra Subscribe to me?,813041167,3901376,24982
Ugyt3B7apqE0CVARcrR4AaABAg,897gvApD6V4,@binudas-w3b,I like and sub to your channel,8,2026-09-04T09:56:49Z,MrBeast,Gaming,Will a Zebra Subscribe to me?,813041167,3901376,24982
UgxVl7_LpD-A9s_BEFB4AaABAg,897gvApD6V4,@Hayaller-y1h,MrBeast comments on the Kurdish holiday.,0,2026-09-30T10:45:31Z,MrBeast,Gaming,Will a Zebra Subscribe to me?,813041167,3901376,24982
UgzG6LTOQY7gQioGyfh4AaABAg,897gvApD6V4,@Jitendrakumar-l1y9f,❤❤ Shahrukh Kumar Balrampur se UP Bihar,7,2026-09-07T21:54:19Z,MrBeast,Gaming,Will a Zebra Subscribe to me?,813041167,3901376,24982
UgwPZCMW2ayu96-5I6l4AaABAg,897gvApD6V4,@NoahgamerGamer,I subscribe,12,2026-08-28T21:04:03Z,MrBeast,Gaming,Will a Zebra Subscribe to me?,813041167,3901376,24982
Ugx1tXfXwqu91IAj7w14AaABAg,897gvApD6V4,@teem_chucha_official,Nice work,6,2026-08-29T03:14:23Z,MrBeast,Gaming,Will a Zebra Subscribe to me?,813041167,3901376,24982
UgzFJnesGuJ7Zh32mvt4AaABAg,897gvApD6V4,@sanakhanam2669,The Zebra subscribed because the subscribe button is black and white,1,2026-09-18T16:17:35Z,MrBeast,Gaming,Will a Zebra Subscribe to me?,813041167,3901376,24982
Ugzbwm-R6G3Rc24WVLJ4AaABAg,897gvApD6V4,@LisaPonsel-l6q1d,Mr. Beast I have liked and subscribed,3,2026-09-07T10:27:06Z,MrBeast,Gaming,Will a Zebra Subscribe to me?,813041167,3901376,24982
Ugz4EbO3bL0FdwEptjJ4AaABAg,897gvApD6V4,@DPLIVE01,Ok 😢😢,11,2026-08-31T02:01:57Z,MrBeast,Gaming,Will a Zebra Subscribe to me?,813041167,3901376,24982
UgwuhgFmJ5vCQeywK1J4AaABAg,897gvApD6V4,@BhagyaKp-z8y,I like this videos nice,13,2026-08-25T13:19:31Z,MrBeast,Gaming,Will a Zebra Subscribe to me?,813041167,3901376,24982
UgxTLIDStFIGCN9RI6l4AaABAg,897gvApD6V4,@EzaNgrayung,Hello Mr. Bean,1,2026-09-05T11:22:52Z,MrBeast,Gaming,Will a Zebra Subscribe to me?,813041167,3901376,24982
UgxnXCLqPSmqSHGcj9l4AaABAg,897gvApD6V4,@MomoAli-q1z,Ich habe abonirt,15,2026-09-11T13:06:22Z,MrBeast,Gaming,Will a Zebra Subscribe to me?,813041167,3901376,24982
Ugy0PzJBCLiT9xnfPp94AaABAg,897gvApD6V4,@raishaa-4,Soo cute❤,14,2026-08-28T04:16:16Z,MrBeast,Gaming,Will a Zebra Subscribe to me?,813041167,3901376,24982
UgyiHWi8TqcXEUZB9NV4AaABAg,897gvApD6V4,@GolamHabibUllah,:)😊😊,11,2026-09-05T05:49:49Z,MrBeast,Gaming,Will a Zebra Subscribe to me?,813041167,3901376,24982
UgyCi9BgMTU4PYhGjM14AaABAg,897gvApD6V4,@AnyMurniyati,"Hello MrBeast IM Hafiz from Indonesia
Could we please take a photo together
Just once? Indonesia would love that",0,2026-09-30T11:33:25Z,MrBeast,Gaming,Will a Zebra Subscribe to me?,813041167,3901376,24982
UgwMa9AVSPobdVXaah94AaABAg,897gvApD6V4,@jnjdecker,I want to be in your videos sometime,4,2026-08-26T13:54:26Z,MrBeast,Gaming,Will a Zebra Subscribe to me?,813041167,3901376,24982
UgwZranB5IjuDyS_eyF4AaABAg,897gvApD6V4,@Saturn-n9,😮🤣🤣😁,11,2026-08-22T16:10:33Z,MrBeast,Gaming,Will a Zebra Subscribe to me?,813041167,3901376,24982
Ugza0NOj_CVUby9YKzd4AaABAg,897gvApD6V4,@RominaZarate-s1q,I'm suscribi ❤️,9,2026-08-30T19:05:55Z,MrBeast,Gaming,Will a Zebra Subscribe to me?,813041167,3901376,24982
Ugw89ICcYnT_Xw7dH8B4AaABAg,897gvApD6V4,@NikanDoori,"Hi, I'm one of your biggest fans. You're really cool—I watch your videos.",1,2026-09-16T09:44:36Z,MrBeast,Gaming,Will a Zebra Subscribe to me?,813041167,3901376,24982
UgzFPDpIcYSmKf8TT514AaABAg,897gvApD6V4,@VVVxrew,"The zebra almost,edited a video😭🤌✌️🤟🫦🗣🗣🗣🗣🗣🗣🗣🗣",8,2026-09-20T13:00:44Z,MrBeast,Gaming,Will a Zebra Subscribe to me?,813041167,3901376,24982
UgzTcHRWSWuxZYuI4DB4AaABAg,897gvApD6V4,@user-os5eb2sv6q,"The subscribe button wasnt there by my phone 










Because i sm already subscribed",8,2026-09-13T16:21:32Z,MrBeast,Gaming,Will a Zebra Subscribe to me?,813041167,3901376,24982
UgwU9VXJnr35Hq66UzB4AaABAg,897gvApD6V4,@padmagurbani9980,The zebra is soo cute 😊❤,15,2026-08-19T05:52:49Z,MrBeast,Gaming,Will a Zebra Subscribe to me?,813041167,3901376,24982
UgwEosRPEJCmTPsIr1N4AaABAg,897gvApD6V4,@ira.aarav.stories,"😂😂 that was new... 
But then again.. it's you 😂😂❤",2,2026-09-08T19:14:26Z,MrBeast,Gaming,Will a Zebra Subscribe to me?,813041167,3901376,24982
Ugy09uktJevP1t_Nded4AaABAg,897gvApD6V4,@RenMaid,Que no se note la pantalla verde🗣🔥,20,2026-08-22T02:44:52Z,MrBeast,Gaming,Will a Zebra Subscribe to me?,813041167,3901376,24982
Ugxr290Zs6oPSknLLmx4AaABAg,897gvApD6V4,@yukselerdem4809,😢mistıbisbenAboneoldum,12,2026-08-16T07:12:38Z,MrBeast,Gaming,Will a Zebra Subscribe to me?,813041167,3901376,24982
UgxpqIGSCWqpkudrZHh4AaABAg,897gvApD6V4,@elmiol356,"When you reach one billion subscribers, throw a party and invite them.",29,2026-08-31T17:54:42Z,MrBeast,Gaming,Will a Zebra Subscribe to me?,813041167,3901376,24982
UgyTsZJsJdCglr4rjrt4AaABAg,897gvApD6V4,@MdJamir-k8x,Amar Kishore Dawar lagbe,2,2026-09-13T19:43:54Z,MrBeast,Gaming,Will a Zebra Subscribe to me?,813041167,3901376,24982
UgyFctUWX0y8NAZtzF54AaABAg,897gvApD6V4,@SajanMangotra-f7j,Helo ms bes i have subscribed ❤🎉 🙏,14,2026-08-20T23:20:12Z,MrBeast,Gaming,Will a Zebra Subscribe to me?,813041167,3901376,24982
UgwwBz5Bjk130HD0VEV4AaABAg,897gvApD6V4,@Skmujibar0.3,Wow nice zebra 🦓😊😊😊,8,2026-08-20T11:31:13Z,MrBeast,Gaming,Will a Zebra Subscribe to me?,813041167,3901376,24982
UgwJz2Ls-tXpFnW9MfR4AaABAg,897gvApD6V4,@Tetehnafisa1512,Yes ai'm subscribe❤️,7,2026-09-15T06:56:14Z,MrBeast,Gaming,Will a Zebra Subscribe to me?,813041167,3901376,24982
Ugz5BcKXuDGw4jkegNJ4AaABAg,897gvApD6V4,@NoobInit11,"Penguin 🚫
Zebra ✅",2,2026-09-12T12:17:46Z,MrBeast,Gaming,Will a Zebra Subscribe to me?,813041167,3901376,24982
UgwSeMSonZpd1WRDh0l4AaABAg,897gvApD6V4,@auraeva6141,😂1000+,10,2026-08-25T07:48:22Z,MrBeast,Gaming,Will a Zebra Subscribe to me?,813041167,3901376,24982
UgyjOYR6z7qTsaiM02Z4AaABAg,897gvApD6V4,@sanaulla8884,So cuteeeeeeeeeeeeeeeeeeeeee,7,2026-08-23T08:49:00Z,MrBeast,Gaming,Will a Zebra Subscribe to me?,813041167,3901376,24982
Ugz722Z2fijlr0BaXfN4AaABAg,897gvApD6V4,@MonairulislamOfficial,Plzz  mojse mele india ake Plzz,11,2026-09-08T05:02:38Z,MrBeast,Gaming,Will a Zebra Subscribe to me?,813041167,3901376,24982
Ugw7Z7NM3_itwe_OA0d4AaABAg,897gvApD6V4,@irmiasofia5356,Try buying cellphones and then hiding all your cellphones,1,2026-09-20T22:35:17Z,MrBeast,Gaming,Will a Zebra Subscribe to me?,813041167,3901376,24982
Ugx8umpCWzgnuLogE3t4AaABAg,897gvApD6V4,@AYASDRAGOND,"OK, I'll press subscribe",6,2026-08-26T08:12:08Z,MrBeast,Gaming,Will a Zebra Subscribe to me?,813041167,3901376,24982
Ugzuc6kX6rPD0I4sSgB4AaABAg,897gvApD6V4,@youssoufimrad,IWONT MONYE pelesse ❤,11,2026-08-22T08:18:26Z,MrBeast,Gaming,Will a Zebra Subscribe to me?,813041167,3901376,24982
UgzJr83tYJBpDA-0BO94AaABAg,897gvApD6V4,@GandhijayanthiShanmugam,My brother younger cab work  in both hands,7,2026-08-22T07:15:49Z,MrBeast,Gaming,Will a Zebra Subscribe to me?,813041167,3901376,24982
Ugx9RPVjbzurg1dI5N54AaABAg,897gvApD6V4,@AlexChris-q1s,We got an animal subscribing to MrBeast before GTA VI,1,2026-09-14T21:14:48Z,MrBeast,Gaming,Will a Zebra Subscribe to me?,813041167,3901376,24982
Ugy0UMbWkHNJ1fj1pcZ4AaABAg,897gvApD6V4,@IsmileuddinSk-n1v,Dan I am new 🎉🎉🎉🎉🎉,6,2026-09-07T15:58:16Z,MrBeast,Gaming,Will a Zebra Subscribe to me?,813041167,3901376,24982
UgxDRNTMV6UX-cY97CZ4AaABAg,897gvApD6V4,@IbuFitria-d4w,Your mom is the same thing as well I'm not going?,18,2026-07-19T08:20:25Z,MrBeast,Gaming,Will a Zebra Subscribe to me?,813041167,3901376,24982
Ugz2xmwfjZhtGNTFI1V4AaABAg,897gvApD6V4,@Delima123-vv3yz,أخلاق مهنية,7,2026-08-30T09:29:54Z,MrBeast,Gaming,Will a Zebra Subscribe to me?,813041167,3901376,24982
UgxkTkHkLVEqraYGLzh4AaABAg,897gvApD6V4,@forcellum_yellow,Imagine subscribing to mr sheast,1,2026-09-07T16:04:52Z,MrBeast,Gaming,Will a Zebra Subscribe to me?,813041167,3901376,24982
UgyCnldA9w8k552ksBd4AaABAg,897gvApD6V4,@PrameshwarJohare-z9y,H.w,14,2026-08-22T04:07:57Z,MrBeast,Gaming,Will a Zebra Subscribe to me?,813041167,3901376,24982
Ugy8ujV43nAYPcQ7kkt4AaABAg,897gvApD6V4,@SakibMallikvairal,❤❤❤❤🎉,12,2026-08-19T03:46:20Z,MrBeast,Gaming,Will a Zebra Subscribe to me?,813041167,3901376,24982
Ugxvg6L91QCmbEVKzAp4AaABAg,897gvApD6V4,@zunaediedi-w1q,Aku andra,10,2026-08-25T23:53:37Z,MrBeast,Gaming,Will a Zebra Subscribe to me?,813041167,3901376,24982
UgxCEnqyf4IO4_fXg1x4AaABAg,897gvApD6V4,@mdazan9210,Can I collaborate on your video?,1,2026-09-11T17:23:47Z,MrBeast,Gaming,Will a Zebra Subscribe to me?,813041167,3901376,24982
UgzDk7OpG0nLFSPjPvx4AaABAg,897gvApD6V4,@JokoSelamet-b6h1m,😭😊😊😊😊😊😊😊😊😊😊😊😭,11,2026-08-22T08:45:56Z,MrBeast,Gaming,Will a Zebra Subscribe to me?,813041167,3901376,24982
UgxJYW2ougJjJHvvt8l4AaABAg,897gvApD6V4,@AYMAN-x7g3c,😂😂,8,2026-08-26T05:13:06Z,MrBeast,Gaming,Will a Zebra Subscribe to me?,813041167,3901376,24982
Ugys1Kd_N4oU2_y7bZR4AaABAg,897gvApD6V4,@Anilchaudharyvlogs-oo5yp,Yes,7,2026-08-21T09:14:44Z,MrBeast,Gaming,Will a Zebra Subscribe to me?,813041167,3901376,24982
UgyBwSvQ6w6iGCQmwYx4AaABAg,897gvApD6V4,@Tube1d1d,Pig? Cow? I subs,3,2026-09-12T20:38:04Z,MrBeast,Gaming,Will a Zebra Subscribe to me?,813041167,3901376,24982
UgwdtLIQynOOanjUjAV4AaABAg,897gvApD6V4,@Orkunpro183,İm subscribe to you🎉,4,2026-08-30T12:12:17Z,MrBeast,Gaming,Will a Zebra Subscribe to me?,813041167,3901376,24982
UgwKwITdzT2Meuc-Mgd4AaABAg,897gvApD6V4,@Dineshsingh097,❤😂😂🎉🎉🎉🎉❤,6,2026-08-26T07:18:27Z,MrBeast,Gaming,Will a Zebra Subscribe to me?,813041167,3901376,24982
Ugyv90aaUXyeRNxCWFx4AaABAg,897gvApD6V4,@baguswiradana1186,keli 👍🎉🎉🎉🎉,4,2026-09-03T09:20:32Z,MrBeast,Gaming,Will a Zebra Subscribe to me?,813041167,3901376,24982
Ugyq1_Fk5hJsYFsNGF14AaABAg,897gvApD6V4,@eivinsofiadelahoz,Felicidades  ya tienes 500M 🎉🎉,1,2026-09-18T02:51:34Z,MrBeast,Gaming,Will a Zebra Subscribe to me?,813041167,3901376,24982
UgwRI2ARKlWeerKQ0il4AaABAg,897gvApD6V4,@Mr.T_VR,"At this point, MrBeast could just get 500 million accounts and then just subscribe",1,2026-09-16T07:24:19Z,MrBeast,Gaming,Will a Zebra Subscribe to me?,813041167,3901376,24982
UgxfFAs8pceEcBk4MXZ4AaABAg,897gvApD6V4,@LocalPotato-u7z,THE ZEBRA IS SO CUTE THO 🥹,0,2026-09-11T19:32:14Z,MrBeast,Gaming,Will a Zebra Subscribe to me?,813041167,3901376,24982
UgzONPsptf34xtby_9h4AaABAg,897gvApD6V4,@Megustafilete,i subscribed,2,2026-09-02T14:47:53Z,MrBeast,Gaming,Will a Zebra Subscribe to me?,813041167,3901376,24982
UgzaZOwLCLbpgwMwVsZ4AaABAg,897gvApD6V4,@MdJamir-k8x,Amar Kichu Dolar Lage,2,2026-09-13T19:44:27Z,MrBeast,Gaming,Will a Zebra Subscribe to me?,813041167,3901376,24982
UgzmLGYXyhwPa4aU7FF4AaABAg,897gvApD6V4,@Zappy456,I see the food behind the phone,1,2026-09-27T16:59:26Z,MrBeast,Gaming,Will a Zebra Subscribe to me?,813041167,3901376,24982
Ugy2SYfINK8bsGKUJy54AaABAg,897gvApD6V4,@ShupangNaga,The whole world Subscribed you.... ❤️❤️❤️❤️❤️❤️,1,2026-09-16T19:59:43Z,MrBeast,Gaming,Will a Zebra Subscribe to me?,813041167,3901376,24982
UgwxJFPmR8CVZXP-jsZ4AaABAg,897gvApD6V4,@Muntzir-g4v,Hi,0,2026-09-30T11:21:42Z,MrBeast,Gaming,Will a Zebra Subscribe to me?,813041167,3901376,24982
UgxwmMLewx2agWRs3MF4AaABAg,897gvApD6V4,@CourtneyNiday,Where do you get a phone that big😭😭😭,2,2026-09-19T22:37:56Z,MrBeast,Gaming,Will a Zebra Subscribe to me?,813041167,3901376,24982
Ugx7V_LMiOY99EQv0SZ4AaABAg,897gvApD6V4,@NazimZima-v3k,"I love you, mister bees.",0,2026-09-26T13:41:43Z,MrBeast,Gaming,Will a Zebra Subscribe to me?,813041167,3901376,24982
UgyekTfOa2cC9QwAPBd4AaABAg,897gvApD6V4,@Gaminggorila-c7l,Still waiting on my cookie btw,1,2026-09-01T17:55:48Z,MrBeast,Gaming,Will a Zebra Subscribe to me?,813041167,3901376,24982
UgxyBlJ5p6xaQEE3vdR4AaABAg,897gvApD6V4,@Ak_playzG0D,W back ground green screen 😂,1,2026-09-11T08:10:44Z,MrBeast,Gaming,Will a Zebra Subscribe to me?,813041167,3901376,24982
UgzK5UpeOC6MpUAO-zZ4AaABAg,897gvApD6V4,@SofianIbrahim-d4j,New subscriber I like Mr beast,1,2026-09-10T19:48:41Z,MrBeast,Gaming,Will a Zebra Subscribe to me?,813041167,3901376,24982
UgyVSNK68xg5MtzvW6l4AaABAg,897gvApD6V4,@AntarKanwar-o8k,Helo ms bes i have subscribe ❤🎉😮,3,2026-09-13T01:03:14Z,MrBeast,Gaming,Will a Zebra Subscribe to me?,813041167,3901376,24982
UgzY6pnSEQtnS5eu41B4AaABAg,897gvApD6V4,@SarikaAgarwal-o9z,Moral of the short = Don't be a zebra (animal),1,2026-09-04T10:38:34Z,MrBeast,Gaming,Will a Zebra Subscribe to me?,813041167,3901376,24982
UgzveNZs4O2EBgmzm0B4AaABAg,897gvApD6V4,@TheWestvibe705,Very nice 👍,2,2026-09-26T19:47:02Z,MrBeast,Gaming,Will a Zebra Subscribe to me?,813041167,3901376,24982
UgwlSlAjEzbKcToHvqR4AaABAg,897gvApD6V4,@PIYUSH-k6x2q,Mr beast must bye 100k smartphone and subscribe itself,1,2026-09-10T06:46:55Z,MrBeast,Gaming,Will a Zebra Subscribe to me?,813041167,3901376,24982
Ugy5mF6_Xdwg_8JQTkB4AaABAg,897gvApD6V4,@JoelynPukoh,Come to Papua New Guinea we have lots of animals and different types of animals here,1,2026-09-24T04:48:05Z,MrBeast,Gaming,Will a Zebra Subscribe to me?,813041167,3901376,24982
UgyhxfPLNDnDV_JkMqV4AaABAg,897gvApD6V4,@sangeetasoni6767,Mr beast rizz,2,2026-09-14T15:09:35Z,MrBeast,Gaming,Will a Zebra Subscribe to me?,813041167,3901376,24982
Ugzdd-oETzBQUS9ihgZ4AaABAg,B9LizOAAoLg,@MrBeast,Comment what you’d wish for 👇,115440,2026-05-07T15:55:46Z,MrBeast,Gaming,I’m Granting Wishes For My Subscribers,705414551,6164522,1136557
UgzWbdS2DaIIqUT7AAF4AaABAg,B9LizOAAoLg,@arishkamran7410,Give me an iron man suit bro PLSSS,72834,2026-05-07T16:09:53Z,MrBeast,Gaming,I’m Granting Wishes For My Subscribers,705414551,6164522,1136557
UgxUs0sXBtMjvbbOYtV4AaABAg,B9LizOAAoLg,@whitepaigodtidtumaisas126,Happy Birthday Mr.Beast! I wish my Dad will heal from Cancer,48184,2026-05-07T16:54:58Z,MrBeast,Gaming,I’m Granting Wishes For My Subscribers,705414551,6164522,1136557
UgyqNKk7QtKoTIxhxrt4AaABAg,B9LizOAAoLg,@emirhaniskender9619,My legs are crooked; straightening them would be my biggest dream.,10844,2026-05-07T18:05:12Z,MrBeast,Gaming,I’m Granting Wishes For My Subscribers,705414551,6164522,1136557
UgzK8kg6E1Xuixld0-Z4AaABAg,B9LizOAAoLg,@Dasharts_b2h,"God bless that man's dad and cure their cancer 
Amen",8567,2026-05-07T18:41:03Z,MrBeast,Gaming,I’m Granting Wishes For My Subscribers,705414551,6164522,1136557
UgwGo6lHBYLdbJCxTPd4AaABAg,B9LizOAAoLg,@KhoriMishti,"I'm a 22-year-old girl from India 🇮🇳
My mother and I don’t have a home anymore.
I’m trying to continue my medical studies while also saving my mom, who is suffering from a tumour.
This would truly change our lives.
Happy Birthday Jimmy ❤️",3324,2026-05-09T04:48:01Z,MrBeast,Gaming,I’m Granting Wishes For My Subscribers,705414551,6164522,1136557
Ugz2iO2Va0CA54eRI4p4AaABAg,B9LizOAAoLg,@childrentvv2307,Happy belated birthday bro,0,2026-09-30T12:41:17Z,MrBeast,Gaming,I’m Granting Wishes For My Subscribers,705414551,6164522,1136557
UgyB4r_db9ieJHl1JMR4AaABAg,B9LizOAAoLg,@mathiaszdrenka7243,"i wish for Mrbeast, to donate a million dollars to the fight against the various stages of cancer.",103,2026-08-06T19:52:41Z,MrBeast,Gaming,I’m Granting Wishes For My Subscribers,705414551,6164522,1136557
Ugyeg-gbtAinqWJPYfd4AaABAg,B9LizOAAoLg,@thesweatypancake0,Give that man enough to cure his dad's cancer,62,2026-09-19T19:08:03Z,MrBeast,Gaming,I’m Granting Wishes For My Subscribers,705414551,6164522,1136557
Ugw29ku-X8fDB8rCcFZ4AaABAg,B9LizOAAoLg,@dube7729,Give my body the ability to walk again. Please and thank you! I have MS,1236,2026-05-08T19:42:34Z,MrBeast,Gaming,I’m Granting Wishes For My Subscribers,705414551,6164522,1136557
UgzH7zqvPIFHa5Kvwb94AaABAg,B9LizOAAoLg,@tejpalsingh7845,Happy Birthday bro,0,2026-09-30T12:34:53Z,MrBeast,Gaming,I’m Granting Wishes For My Subscribers,705414551,6164522,1136557
Ugz00jsWFtgzhymemo94AaABAg,B9LizOAAoLg,@Ali_lexa,"Hi Jimmy,

I’m a young YouTuber from Iran, where inflation has made even basic creator equipment incredibly expensive.
I have several video ideas I genuinely believe in, but right now, money is the biggest thing standing between me and making them real.
I’m not asking for a handout—I’m asking for a chance to build something with the right tools.
If you’re willing to help me buy the equipment I need, I’ll turn that opportunity into videos and keep building from there.
You probably get messages like this every day, but I figured one message could be worth the try. ❤️",33,2026-08-31T19:07:08Z,MrBeast,Gaming,I’m Granting Wishes For My Subscribers,705414551,6164522,1136557
UgwsNMrPO-90vgiKkq14AaABAg,B9LizOAAoLg,@Myhomebody,Happy birthday 🎉 Mr beast congrats on 500m subs my name is Somto I just turn 18  I live in Nigeria and situation are not going well if your Nigerian you will know my mom business  is struggling because a few months ago some thieves broke into her shop and stole almost everything we had my mom is strong so she is still smiling but I know it pain is still hinting her inside they haven’t been caught and I don’t think they will ever be I wish for financial support for my mom business and I promise the remaining money will be donated to struggling business.,44,2026-05-23T11:57:16Z,MrBeast,Gaming,I’m Granting Wishes For My Subscribers,705414551,6164522,1136557
UgyGC3qWc6F-6jaQHuN4AaABAg,B9LizOAAoLg,@Dilqp,I want to celebrate my birthday on June 28th with Mr. Beast❤🎉,57,2026-06-17T11:09:34Z,MrBeast,Gaming,I’m Granting Wishes For My Subscribers,705414551,6164522,1136557
UgwAx-j6SrX7pfNeeu54AaABAg,B9LizOAAoLg,@MikeRod111,I'm a single father so my wish would be to be able to have a house of our own one day.,0,2026-09-30T07:48:56Z,MrBeast,Gaming,I’m Granting Wishes For My Subscribers,705414551,6164522,1136557
Ugxal4_yBIdwCLmekz94AaABAg,B9LizOAAoLg,@1yourNEGATIVE,"Happy birthday, Mr. Beast. My dream is small. I have been living far from my parents for 9 years now, I moved from Tajikistan to Russia, and I send everything I earn to my parents. During these 9 years, I went to my parents 2 times, the first time for 20 days, the second time for 14 days, and both times it seemed to me that I was just in a dream. I miss them very much, I live and work in Russia so that my parents don't need anything, but I can't afford to just go to them and stay with them longer.  For my happiness, I think $3k will be more than enough. I know that the chances of you seeing this comment are extremely low, but I really miss my parents, please help me.",1447,2026-05-07T20:02:36Z,MrBeast,Gaming,I’m Granting Wishes For My Subscribers,705414551,6164522,1136557
UgyV9263iTa7MYQKLrN4AaABAg,B9LizOAAoLg,@АлексейБорисов-с3щ,"I dream of paying for my master’s studies at university 

Happy birthday, Mr. Beast!",83,2026-08-16T20:30:04Z,MrBeast,Gaming,I’m Granting Wishes For My Subscribers,705414551,6164522,1136557
UgxRl1T0pXfyAYQRb1R4AaABAg,B9LizOAAoLg,@MissHistoriss,Help children with cancer have the happiest moment of their lives,1082,2026-05-08T03:18:13Z,MrBeast,Gaming,I’m Granting Wishes For My Subscribers,705414551,6164522,1136557
UgyhgwFynJsFGJCYNKJ4AaABAg,B9LizOAAoLg,@rebeccawheeler5615,Happy birthday 🎂 🥳 🎉 🎈 🎁 🎊,0,2026-09-30T12:13:16Z,MrBeast,Gaming,I’m Granting Wishes For My Subscribers,705414551,6164522,1136557
UgyPfgpvZE23BTYAl0R4AaABAg,B9LizOAAoLg,@lillieking6117,My wish is go to a kid that doesn’t have a mom or a dad and give them the best day ever. I could have wanted something for my self but that is what makes me happy. Thank you Mr. Beast you are the kind person the world needs.,40,2026-07-30T15:54:57Z,MrBeast,Gaming,I’m Granting Wishes For My Subscribers,705414551,6164522,1136557
UgwijKZyeSXwnIer5i14AaABAg,B9LizOAAoLg,@SrTamer,"Ser feliz, y voy a ser la primer cuenta latina con mas suscriptores ❤❤ Feliz cumpleaños Jimmy",69,2026-05-08T04:47:20Z,MrBeast,Gaming,I’m Granting Wishes For My Subscribers,705414551,6164522,1136557
UgwLabHBnwEjjv3jCzF4AaABAg,B9LizOAAoLg,@barelybankrolled,"Hello, my wish is for jimmy to eat 100 Feastables
 chocolates in a single sitting without help :)",1497,2026-05-07T18:51:15Z,MrBeast,Gaming,I’m Granting Wishes For My Subscribers,705414551,6164522,1136557
UgxzwuGnMJbX6Cr_4sF4AaABAg,B9LizOAAoLg,@thamidu620,"More than anything, I dream of finding my place at Harvard University one day",0,2026-09-30T10:27:02Z,MrBeast,Gaming,I’m Granting Wishes For My Subscribers,705414551,6164522,1136557
Ugxhii13_eCR6FvdE8F4AaABAg,B9LizOAAoLg,@linakuilya776,"I am a student and I want educational items….. Happy birthday Jimmy, you are a great person and real  hero of the world who have help to achieve dreams of many🎉",77,2026-05-08T14:28:40Z,MrBeast,Gaming,I’m Granting Wishes For My Subscribers,705414551,6164522,1136557
UgzTdbkjhCkMbM236xh4AaABAg,B9LizOAAoLg,@ShivamChaudhary-o8f,I wish you support the patients who suffering from blindness so they can see the beautiful world,478,2026-05-13T04:08:39Z,MrBeast,Gaming,I’m Granting Wishes For My Subscribers,705414551,6164522,1136557
UgxF3P0SxBntSUv2Iqh4AaABAg,B9LizOAAoLg,@chelsy023-x8c,"""Hey MrBeast, I am a 13-year-old entrepreneur seeking financial backing to fund my projects: a clothing brand, an animal rescue initiative, a social platform, a video game, and smart glasses. I have all the concepts ready, but I need investment to launch them. Happy birthday, and thanks in advance—I promise to name the smart glasses after you!""",18,2026-08-27T11:14:42Z,MrBeast,Gaming,I’m Granting Wishes For My Subscribers,705414551,6164522,1136557
UgznGX1enVBk8ntPpsB4AaABAg,B9LizOAAoLg,@Mahendragamer4,"Happy Birthday Mr. Beasa!❤
I'm a 16 -year-old Boy from India ( Madhya . Pradesh )🇮🇳 Chhatarpul I wish YouTube ke liye Jaruri Saman",1,2026-09-30T07:45:04Z,MrBeast,Gaming,I’m Granting Wishes For My Subscribers,705414551,6164522,1136557
UgwpQ9S9GzhsVIHsN514AaABAg,B9LizOAAoLg,@KevMar5020,"I wish my family having lots of money, so that all the worries disappear!🙏🏼💯",82,2026-05-19T08:43:05Z,MrBeast,Gaming,I’m Granting Wishes For My Subscribers,705414551,6164522,1136557
Ugyz0VeRJoDx3uM5nFN4AaABAg,B9LizOAAoLg,@Imcedits-allsports,To celebrate his birthday he is giving people presents this guy is the best man😢❤,1016,2026-05-07T18:59:41Z,MrBeast,Gaming,I’m Granting Wishes For My Subscribers,705414551,6164522,1136557
UgyUXvNh3SvArGjg-a14AaABAg,B9LizOAAoLg,@outsider098,Happy Birthday Jimmy. I want to let a girl know how much I care about her.,53,2026-05-08T00:58:16Z,MrBeast,Gaming,I’m Granting Wishes For My Subscribers,705414551,6164522,1136557
Ugw5iDemBrCEWoSMfKd4AaABAg,B9LizOAAoLg,@lover.study1231,"You just keep ruling over everyone's hearts like this, I feel happy just by seeing you, you help the needy, may God keep you happy always, I just need money.",5,2026-09-30T02:37:26Z,MrBeast,Gaming,I’m Granting Wishes For My Subscribers,705414551,6164522,1136557
Ugy3NIwaJlBTMBww_qJ4AaABAg,B9LizOAAoLg,@sportystyle4299,I wish for my grandma to be treated and not sick in her spine😢,209,2026-05-11T08:54:55Z,MrBeast,Gaming,I’m Granting Wishes For My Subscribers,705414551,6164522,1136557
UgzPnW9sKGYmgiZCLv54AaABAg,B9LizOAAoLg,@mhmt.rsl1,doğum günün kutlu olsun Mr.Beast yayıncı olmak ve güzel yerlere ilerlemek istiyorum ya da aileme ev almak istiyorum,35,2026-06-16T13:41:23Z,MrBeast,Gaming,I’m Granting Wishes For My Subscribers,705414551,6164522,1136557
Ugw-uHGJ5walY9mv1Xt4AaABAg,B9LizOAAoLg,@АнастасияМанылова-б2д,"Happy birthday! I wish you all the best and good health. My daughter would like a new phone, but I don’t want anything—I already have the most important things in life.🎉",19,2026-08-04T12:41:49Z,MrBeast,Gaming,I’m Granting Wishes For My Subscribers,705414551,6164522,1136557
UgyvG_87O3e8XT8l-Vt4AaABAg,B9LizOAAoLg,@Mahendragamer4,Happy Birthday Mr. Beast!❤I'm a 16 -year-old Boy from India ( Madhya . Pradesh ) Chhatarpul I wish YouTube ke liye Jaruri Saman,1,2026-09-30T07:43:21Z,MrBeast,Gaming,I’m Granting Wishes For My Subscribers,705414551,6164522,1136557
Ugx2M61BQHjTTWNoXdt4AaABAg,B9LizOAAoLg,@EntireGaming95,"*I wish i want to go in Makkah for haj with* *my family❤*
*Edit:thank you guys for 60 likes❤*",85,2026-05-16T04:53:39Z,MrBeast,Gaming,I’m Granting Wishes For My Subscribers,705414551,6164522,1136557
UgwZoX9wmFb7uGwSVNh4AaABAg,B9LizOAAoLg,@Steemr1275,Jimmy is the only person that would do a reverse birthday🤣,634,2026-05-07T16:59:23Z,MrBeast,Gaming,I’m Granting Wishes For My Subscribers,705414551,6164522,1136557
UgxuEbt3feZdv061ClB4AaABAg,B9LizOAAoLg,@Leoncat2018-rbx,"Dear Jimmy, you are saint! Thank you for what you are doing, for helping others, it inspires so much! Happy Birthday! We’ve been watching your videos with my daughter while she struggled with her stomachache for the past month. You and your gang are very supportive! My dream is to have a house by the sea in Italy, so that I could invite our family and friends to spend each summer together there.",78,2026-05-19T13:32:20Z,MrBeast,Gaming,I’m Granting Wishes For My Subscribers,705414551,6164522,1136557
UgwESkUjMjZLajFKNSJ4AaABAg,B9LizOAAoLg,@AnshuBalmiki-x9m9f,Happy birthday mr beast,0,2026-09-30T06:31:22Z,MrBeast,Gaming,I’m Granting Wishes For My Subscribers,705414551,6164522,1136557
UgyypeVWRyoWMR-0Qnl4AaABAg,B9LizOAAoLg,@bmk9710,"Happy Birthday jimmy..
My biggest wish to meet with you",66,2026-05-08T06:10:04Z,MrBeast,Gaming,I’m Granting Wishes For My Subscribers,705414551,6164522,1136557
Ugz_YLrcUcDQpAZCClh4AaABAg,B9LizOAAoLg,@Francisca.3006,"Happy birthday mr beast 🥳
“I wish to have a beautiful house for me and my family.”💜",39,2026-05-15T12:52:02Z,MrBeast,Gaming,I’m Granting Wishes For My Subscribers,705414551,6164522,1136557
UgzYBsPQ2fHB6M6-vrR4AaABAg,B9LizOAAoLg,@risa_sundari,"Happy birthday Mr.beast, I hope to get my biggest wish which is to get tuition fees, my parents are having financial difficulties.",98,2026-06-15T13:58:43Z,MrBeast,Gaming,I’m Granting Wishes For My Subscribers,705414551,6164522,1136557
UgzGZgDjjqdvGmonkPp4AaABAg,B9LizOAAoLg,@Liana_Lila-i6i,My biggest wish is to get rich so my family would stop fighting over money but if Mr beast sees this I would like him to help families who suffers because of financial problems,0,2026-09-30T09:38:10Z,MrBeast,Gaming,I’m Granting Wishes For My Subscribers,705414551,6164522,1136557
Ugz1x23S8jdhxdun8IB4AaABAg,B9LizOAAoLg,@Gwenny_pookie,"Happy birthday Jimmy! I don't have a job for now, my wish is to have my daughter to finish her studies what ever she chooses... And for us to have enough savings/money for the rainy days...",60,2026-05-18T02:03:03Z,MrBeast,Gaming,I’m Granting Wishes For My Subscribers,705414551,6164522,1136557
Ugyl4EcZ7ktcM5Nc2sp4AaABAg,B9LizOAAoLg,@syifasyihab8473,My mom passed a year ago. I live with my little brother. He still at scholl but I can’t guarantee that I will be able to pay his school until he graduate 3 years left. 9 months I work for pay my brother school. I wish I have more money to pay and guarantee that my little brother can always continue education untill he graduation 😢 I hope you read my wish Jimmy and Happy Birthday day to you❤,68,2026-07-31T15:18:23Z,MrBeast,Gaming,I’m Granting Wishes For My Subscribers,705414551,6164522,1136557
UgyXyQ2SsXlIiDhLW8t4AaABAg,B9LizOAAoLg,@DoctorRuslan,"🇰🇿🇰🇿🇰🇿🇰🇿🇰🇿 Happy Birthday, MrBeast. I’m a Kazakh doctor with a deep dream — to open a hospital, help children with autism through natural medicine, and make every Friday completely free for patients until the end of its existence. I hope this message reaches you.",302,2026-05-11T16:42:45Z,MrBeast,Gaming,I’m Granting Wishes For My Subscribers,705414551,6164522,1136557
Ugwc4TCCLAc0Xi9XROF4AaABAg,B9LizOAAoLg,@AlteoXD,Hi mr beast I'm Alteo and I'm 10 years old from Greece and I really want to meat you!,0,2026-09-30T11:14:19Z,MrBeast,Gaming,I’m Granting Wishes For My Subscribers,705414551,6164522,1136557
Ugw8ddBpFb0PmP9HrJx4AaABAg,B9LizOAAoLg,@GroxMC007,Happy Birthday Mr Beast! I wish for underrated YouTubers to gain some recognition and to reach their dream goals (including me),25,2026-05-07T19:25:26Z,MrBeast,Gaming,I’m Granting Wishes For My Subscribers,705414551,6164522,1136557
UgxnR8TbnYLYSyYEJMV4AaABAg,B9LizOAAoLg,@Syeda-r9u,Happy birthday Jimmy i wish million subscribers,57,2026-05-08T05:10:15Z,MrBeast,Gaming,I’m Granting Wishes For My Subscribers,705414551,6164522,1136557
UgxK6E1zqPmVLaTWcbt4AaABAg,B9LizOAAoLg,@Flexedits-t7m,Happy birthday Mr beast sorry i am late,23,2026-08-20T00:36:53Z,MrBeast,Gaming,I’m Granting Wishes For My Subscribers,705414551,6164522,1136557
UgxW-gI9LzpOo7RYGGR4AaABAg,B9LizOAAoLg,@VirajAlpha,"Happy Birthday, Mr Beast! I wish you feed a 1000 people.",170,2026-05-07T17:52:34Z,MrBeast,Gaming,I’m Granting Wishes For My Subscribers,705414551,6164522,1136557
UgwoU5aFlsUfne5vB4F4AaABAg,B9LizOAAoLg,@BelisCingicik,"I love you, Mr.Beast.
You are a nice person.
Happy Birthday!🎉🎉🥳🥳
And, my biggest dream is to meet you🙏🙏🙏",12,2026-09-12T11:47:49Z,MrBeast,Gaming,I’m Granting Wishes For My Subscribers,705414551,6164522,1136557
UgwJgFV7gH6a9L6Cmvp4AaABAg,B9LizOAAoLg,@docwacky,"Happy birthday! My wife is bravely battling cancer, and my greatest wish is for her to have more beautiful years filled with strength, hope, and life. It may be a simple and vague wish, but at this point, any prayer, kindness, or bit of hope truly means so much.",110,2026-05-08T00:14:09Z,MrBeast,Gaming,I’m Granting Wishes For My Subscribers,705414551,6164522,1136557
UgwevwI8kE2eacygqLB4AaABAg,B9LizOAAoLg,@Jaimin_Pandya,"Happy Birthday Jimmy !!
My Wish Is To Meet You...And Lifetime Free Supply Of Feastables",90,2026-05-07T16:28:41Z,MrBeast,Gaming,I’m Granting Wishes For My Subscribers,705414551,6164522,1136557
UgzHL2GXDn9c7n5Sdot4AaABAg,B9LizOAAoLg,@tianhongni9954,"I wish I could help as many people as you are doing, happy birthday 🎂 🎂 🎉🎉🎉",93,2026-05-07T21:21:07Z,MrBeast,Gaming,I’m Granting Wishes For My Subscribers,705414551,6164522,1136557
Ugx5bzw6HIwPUcYepiB4AaABAg,B9LizOAAoLg,@Hafizasquranicreflection,"I am a Muslim, and my dream is to perform Umrah with my family. May Allah make it possible for us soon. Ameen. 🤲🕋",97,2026-07-28T09:46:07Z,MrBeast,Gaming,I’m Granting Wishes For My Subscribers,705414551,6164522,1136557
Ugww5i0KwuqdMX5vymF4AaABAg,B9LizOAAoLg,@yoo_dratz1-gamer,"Mr beast I'm a small YouTuber trying to make money to support my family I wish I had gear and the requirements to get monetized to help my family
HAPPY BIRTHDAY🎉🎉🎉🎉",1,2026-09-30T08:14:06Z,MrBeast,Gaming,I’m Granting Wishes For My Subscribers,705414551,6164522,1136557
UgwGEOLydWiUKZPjnXh4AaABAg,B9LizOAAoLg,@MakhmudovInoyat,"Happy Birthday, Jimmy! 🎂 My biggest wish is to go to the 2026 World Cup. I’ve played soccer since I was 5, and it’s been my dream to see the world's best players in person. This would be a life-changing experience for me and my family. Subscribed and hoping for the best!",165,2026-05-08T00:24:06Z,MrBeast,Gaming,I’m Granting Wishes For My Subscribers,705414551,6164522,1136557
UgyBPWm_ruk1reuK_Wp4AaABAg,B9LizOAAoLg,@danypro,"Happy birthday mrbeast, I wish you pay my parents debt.",467,2026-05-07T16:13:29Z,MrBeast,Gaming,I’m Granting Wishes For My Subscribers,705414551,6164522,1136557
UgxbuGw0W-imAH8DV3J4AaABAg,B9LizOAAoLg,@Alexander-cp9em,Happy Birthday Jimmy!!! I wish you good health and may you be surrounded by only good people!!!!,55,2026-05-07T20:23:38Z,MrBeast,Gaming,I’m Granting Wishes For My Subscribers,705414551,6164522,1136557
UgzdqgR-rqAmQX_TrQt4AaABAg,B9LizOAAoLg,@bialazdrona,"Happy 100th birthday, Mr. Beast!. My dream is to send my daughter to a top university in the USA. She would like to design rockets and spacecraft in the future.",0,2026-09-29T20:21:06Z,MrBeast,Gaming,I’m Granting Wishes For My Subscribers,705414551,6164522,1136557
Ugx5m8wvY147hHfi5st4AaABAg,B9LizOAAoLg,@javer14,My greatest wish is that my son could be healed of his heart problem and that I could see him grow up and become a good man.,196,2026-05-13T01:35:36Z,MrBeast,Gaming,I’m Granting Wishes For My Subscribers,705414551,6164522,1136557
UgxGYF7e-zFp4vdIWnp4AaABAg,B9LizOAAoLg,@SonicTheHedgehogOfficialBlur,I wish to be a streamer when I grow up. This means a lot to me because it’s been a big dream of mines and I could start being a part time streamer that does things. I also wish that most people that live in shelters can live a long life and be with their families. This will mean a lot Jimmy!🔥,35,2026-06-07T15:32:58Z,MrBeast,Gaming,I’m Granting Wishes For My Subscribers,705414551,6164522,1136557
UgzuN8JjV5vJsG3QB8d4AaABAg,B9LizOAAoLg,@garfík-4,"I’m from the Czech Republic.🇨🇿
I know it’s unlikely to happen—since there are probably about a million wishes out there—but I wish for a house for my mom and me. Right now, we’re living with an elderly lady; if she passes away, we’ll have nowhere to live. My dad died when I was four (he didn't work and used to squander money); he sold our house and moved away, so we had to move too, and we’ve been living with that lady ever since (I’m eleven now).
So, that’s about it. Thanks for reading this far, and happy birthday, Jimmy.",44,2026-07-31T09:31:31Z,MrBeast,Gaming,I’m Granting Wishes For My Subscribers,705414551,6164522,1136557
UgxcaSMMrsBgzzL3F-V4AaABAg,B9LizOAAoLg,@ShyamWisvash,Happy birthday ms beast my wish is. I want an cricket kit for letheer ball,0,2026-09-30T12:16:27Z,MrBeast,Gaming,I’m Granting Wishes For My Subscribers,705414551,6164522,1136557
Ugwc4JOmIK_1fLwNrBp4AaABAg,B9LizOAAoLg,@suryaprakash52548,"Happy Birthday, Sir! I believe that you—who wish to clear the debts my father has—will indeed pay them off.",167,2026-05-07T17:47:47Z,MrBeast,Gaming,I’m Granting Wishes For My Subscribers,705414551,6164522,1136557
Ugy1AOkEdDcia6oiSLF4AaABAg,B9LizOAAoLg,@greogory_xkz,"Happy birthday Mr Beas, my wish is to get $55,000. I have never felt that big money is small for you, but for me it is enough for my living needs. I hope you choose it.",51,2026-06-06T18:41:28Z,MrBeast,Gaming,I’m Granting Wishes For My Subscribers,705414551,6164522,1136557
Ugyjx6l3Ft9SW7N9glp4AaABAg,B9LizOAAoLg,@sisilovesai,My biggest wish is to start a business and let my parents rest ❤,45,2026-05-11T07:14:31Z,MrBeast,Gaming,I’m Granting Wishes For My Subscribers,705414551,6164522,1136557
Ugy65YCg-eCzgSmOa0p4AaABAg,B9LizOAAoLg,@nikitaartemenko259,"I was also born on May 7th, but 3 years later. Happy birthday, Jimmy! You are one of the nicest people I’ve ever seen online.

I’m not completely sure about my dream, but it’s probably to become financially independent and travel around the world. I love geography and want to visit every country someday. I’m not just sitting and waiting either. Right now I’m working remotely and saving money for future travels.

I’m 99% sure this comment won’t be noticed, but I still want to wish Jimmy and everyone here happiness and good health. God bless you!",70,2026-05-08T09:30:39Z,MrBeast,Gaming,I’m Granting Wishes For My Subscribers,705414551,6164522,1136557
UgwVUA2FD6WgoMdsgnJ4AaABAg,B9LizOAAoLg,@chrisykyk,"i wish every homeless person gets food, somewhere to sleep, and some clothes",198,2026-05-08T05:40:57Z,MrBeast,Gaming,I’m Granting Wishes For My Subscribers,705414551,6164522,1136557
UgxWySJQteidGdmy32R4AaABAg,B9LizOAAoLg,@PrikoLOL,"I want to buy a prosthetic for my right hand, which I don't have. I suffered this injury when I was 13, when I was exposed to 6,000 volts of electricity.",299,2026-05-08T13:39:00Z,MrBeast,Gaming,I’m Granting Wishes For My Subscribers,705414551,6164522,1136557
UgzDrVUQpDjqkxsWvjN4AaABAg,B9LizOAAoLg,@PardeepKashya-v7g,Happy Birthday Mr beast 🎂🎉,0,2026-09-30T07:37:47Z,MrBeast,Gaming,I’m Granting Wishes For My Subscribers,705414551,6164522,1136557
Ugzl1HRIdlMqpur7Q614AaABAg,B9LizOAAoLg,@urBOSS_1,"happy birthday mr.beast🎉❤
“I hope to have a home for myself and my family.”",132,2026-05-07T17:58:33Z,MrBeast,Gaming,I’m Granting Wishes For My Subscribers,705414551,6164522,1136557
UgwqY9WFO5KHdWfws-Z4AaABAg,B9LizOAAoLg,@TonyaKoski,Happy Birthday young man. My biggest wish is to get my son who has T1D and CRPS among other things the medical attention he needs to give him his life back again.,83,2026-05-16T00:24:03Z,MrBeast,Gaming,I’m Granting Wishes For My Subscribers,705414551,6164522,1136557
UgwCLRhsppLL448WFkJ4AaABAg,B9LizOAAoLg,@RagingDonut44,"Happy birthday Jimmy. It's crazy how far you've come and how many people are from the OG days. The progress is insane. My wish is for a really nice gaming laptop. Also that guy with a dad with cancer, hope everything gets better and God bless you.",58,2026-05-08T04:46:14Z,MrBeast,Gaming,I’m Granting Wishes For My Subscribers,705414551,6164522,1136557
UgzvNCscEoDT7BJCY7N4AaABAg,QAkEMtJpq3c,@MrBeast,I can’t believe we’re actually so close,35445,2026-05-15T15:57:45Z,MrBeast,Gaming,"Hit The Button, Win $1,000",658048299,3808862,92977
UgyRjEQtK4L2X-Ta-et4AaABAg,QAkEMtJpq3c,@PabbaVaishnavi-w7o,Someone just made $1000 faster than I can skip an ad 💀,31099,2026-05-15T16:16:58Z,MrBeast,Gaming,"Hit The Button, Win $1,000",658048299,3808862,92977
Ugwcqb1DbVB7hsFlcnB4AaABAg,QAkEMtJpq3c,@siddharthsayal8404,RIP to old subscribers 😅,18551,2026-05-15T18:41:09Z,MrBeast,Gaming,"Hit The Button, Win $1,000",658048299,3808862,92977
UgxrnUZ_gL9HSk8yun54AaABAg,QAkEMtJpq3c,@TJ21R,Lol I’ve been subscribed since you were still in your hometown Jimmy happy for all your growth man. You deserve it.,9,2026-09-22T23:18:24Z,MrBeast,Gaming,"Hit The Button, Win $1,000",658048299,3808862,92977
Ugx2cJA6m5ZbzVW4Pe94AaABAg,QAkEMtJpq3c,@Mid_edit123,Ppl who never gets picked 💔,2621,2026-05-16T19:59:59Z,MrBeast,Gaming,"Hit The Button, Win $1,000",658048299,3808862,92977
Ugyv-yAiD3R3lFkIVnh4AaABAg,QAkEMtJpq3c,@MuhamadAguspianHidayatullah88,Happy birthday Jimmy and congratulations on your wedding. I hope my wish to pay for my college fees comes true.,66,2026-09-12T17:01:50Z,MrBeast,Gaming,"Hit The Button, Win $1,000",658048299,3808862,92977
UgwNxhRuovjBdS-E4wN4AaABAg,QAkEMtJpq3c,@PabbaVaishnavi-w7o,Bro turned the button into a paycheck 💀,2400,2026-05-15T16:28:08Z,MrBeast,Gaming,"Hit The Button, Win $1,000",658048299,3808862,92977
UgxGCK-pHqVxcrthYFx4AaABAg,QAkEMtJpq3c,@JosephGitauOnTheGo,"If I won that money,I would get sleep the whole night",3,2026-09-27T17:45:20Z,MrBeast,Gaming,"Hit The Button, Win $1,000",658048299,3808862,92977
Ugz2zfGhM50V8AZ-r4t4AaABAg,QAkEMtJpq3c,@Dubon4ik,And somehow lotteries still have worse odds than this,1440,2026-05-16T15:59:16Z,MrBeast,Gaming,"Hit The Button, Win $1,000",658048299,3808862,92977
UgwiYH2LeeVITKF41U54AaABAg,QAkEMtJpq3c,@crickcatch,"Bro, you are great. 
With lots of love....",41,2026-06-28T13:53:48Z,MrBeast,Gaming,"Hit The Button, Win $1,000",658048299,3808862,92977
Ugx0ygdAp41jq2_QXWh4AaABAg,QAkEMtJpq3c,@storytimewithunclebill1998,That's awesome!! Congrats!! Hope you're having a great day!!,31,2026-08-14T23:18:46Z,MrBeast,Gaming,"Hit The Button, Win $1,000",658048299,3808862,92977
UgzCJlPVsB-Kz1FTE-d4AaABAg,QAkEMtJpq3c,@thinkoutchanell,“Not me getting emotional over a Reel 😭❤️”,4,2026-09-23T08:45:41Z,MrBeast,Gaming,"Hit The Button, Win $1,000",658048299,3808862,92977
Ugwids1QDj5HB9I4aYN4AaABAg,QAkEMtJpq3c,@Sheeplord5,half a BILLION is wild.,653,2026-05-15T16:08:24Z,MrBeast,Gaming,"Hit The Button, Win $1,000",658048299,3808862,92977
UgwrX8EDfCIQWQarbFJ4AaABAg,QAkEMtJpq3c,@paulpulley3282,For all the people who don't get pick i feel your wish because I need it too.  Hope you all get what you need without the Mr beast help. Stay you and much peace.,18,2026-08-17T07:11:29Z,MrBeast,Gaming,"Hit The Button, Win $1,000",658048299,3808862,92977
Ugw4SEpOJXOV2GbHh814AaABAg,QAkEMtJpq3c,@ishangaur.official,He is a type of person who gave us gifts enen on his birthday,755,2026-05-15T16:22:39Z,MrBeast,Gaming,"Hit The Button, Win $1,000",658048299,3808862,92977
UgwJQdjjmJksTdcdRVZ4AaABAg,QAkEMtJpq3c,@eduardodaniel_94,"Mr. Bez, I need $50,000 to build a house for my family in Angola (Africa), open a restaurant, and emigrate to the United States to train in programming and work to support my family.",27,2026-09-22T11:03:07Z,MrBeast,Gaming,"Hit The Button, Win $1,000",658048299,3808862,92977
Ugz0aQWU2NYfsSfZlxN4AaABAg,QAkEMtJpq3c,@im_also_kna,Half a billion is crazy,739,2026-05-17T01:27:59Z,MrBeast,Gaming,"Hit The Button, Win $1,000",658048299,3808862,92977
UgwK5E9J24o1FAGV8tp4AaABAg,QAkEMtJpq3c,@FURY_24,People you don't know are following you; stand by your words. We don't need to be close.,46,2026-07-31T16:10:11Z,MrBeast,Gaming,"Hit The Button, Win $1,000",658048299,3808862,92977
UgxDkwTkqvVcLe0_qBF4AaABAg,QAkEMtJpq3c,@Fusion-zi,"500M subscribers ✅️✔️ Reached 
Congratulations Jimmy (Mr beast)",127,2026-06-12T16:18:26Z,MrBeast,Gaming,"Hit The Button, Win $1,000",658048299,3808862,92977
UgzD2PeVL4h-dN-sQxx4AaABAg,QAkEMtJpq3c,@CatherineIsaac-b4h3l,Congratulations Mr beast for reaching 500 million,1,2026-09-29T06:46:26Z,MrBeast,Gaming,"Hit The Button, Win $1,000",658048299,3808862,92977
UgwI_oWDjYxxEk1EiHx4AaABAg,QAkEMtJpq3c,@lyndatiesmeyer208,So happy for you.  God has definitely blessed you and the way you help people is amazing god bless you jimmy,86,2026-06-14T21:32:01Z,MrBeast,Gaming,"Hit The Button, Win $1,000",658048299,3808862,92977
UgxeKoNAwwD1I1eB_Uh4AaABAg,QAkEMtJpq3c,@AyushSinghRajput-pv5yb,Ham log ittne lucky nahi hai 😊 but Apne jindigi sa kush hai ❤,28,2026-06-02T11:30:14Z,MrBeast,Gaming,"Hit The Button, Win $1,000",658048299,3808862,92977
Ugw_Mw_Wy0jvdd8lDSV4AaABAg,QAkEMtJpq3c,@HridyaPandya,Road to 500M! Sending you early congratulations for when you hit that massive milestone. All the best! 🚀,71,2026-05-16T03:44:11Z,MrBeast,Gaming,"Hit The Button, Win $1,000",658048299,3808862,92977
UgxXYBVs7yp2wjsifu14AaABAg,QAkEMtJpq3c,@RubangakeneEmmanuel-e2p,Mr beast you videos are so easy ❤❤❤,2,2026-09-26T16:48:19Z,MrBeast,Gaming,"Hit The Button, Win $1,000",658048299,3808862,92977
UgyjrR-wCenkOQN-WoZ4AaABAg,QAkEMtJpq3c,@Fusion-zi,"Half a billion subs is insane 
Congratulations 🎉🎉❤🎉❤🎉",70,2026-06-12T16:19:20Z,MrBeast,Gaming,"Hit The Button, Win $1,000",658048299,3808862,92977
UgwgEeS_nI30t1IyeAR4AaABAg,QAkEMtJpq3c,@J3_8ix,"I know I won't win, but we'll try this. I want to win.❤️😇!",39,2026-05-27T09:29:21Z,MrBeast,Gaming,"Hit The Button, Win $1,000",658048299,3808862,92977
Ugw40cXyT2rDdiCga7V4AaABAg,QAkEMtJpq3c,@LimtitikhirJings,Thank you jimmy for helping us your so kind ❤❤🎉,58,2026-06-21T15:28:18Z,MrBeast,Gaming,"Hit The Button, Win $1,000",658048299,3808862,92977
UgwfioKjXqb1XTAiKH14AaABAg,QAkEMtJpq3c,@josephbuobi43,🎉congrats I was there since 2022,2,2026-09-24T07:06:39Z,MrBeast,Gaming,"Hit The Button, Win $1,000",658048299,3808862,92977
Ugwu-JtjtpHITYOC7BR4AaABAg,QAkEMtJpq3c,@sophisticatedspinx45,I love supporting small creators,445,2026-05-16T12:52:20Z,MrBeast,Gaming,"Hit The Button, Win $1,000",658048299,3808862,92977
Ugybn-A-pDgfunFcj5R4AaABAg,QAkEMtJpq3c,@SarahNamuli-p7w,It's my first time to subscribe  and  am  A  UGANDAN,53,2026-05-16T08:34:05Z,MrBeast,Gaming,"Hit The Button, Win $1,000",658048299,3808862,92977
Ugxo8BCzR8ZKJ9m48QB4AaABAg,QAkEMtJpq3c,@Haniyaa__28,Those are the luckiest ones among all common people 😌.,324,2026-05-16T03:41:05Z,MrBeast,Gaming,"Hit The Button, Win $1,000",658048299,3808862,92977
Ugzl4gbTonEYKCe8vF14AaABAg,QAkEMtJpq3c,@UsanSarkar,❤️❤️❤️❤️,1,2026-09-30T07:42:05Z,MrBeast,Gaming,"Hit The Button, Win $1,000",658048299,3808862,92977
Ugw1r7sikf4dxveUrah4AaABAg,QAkEMtJpq3c,@Fatherandson1111,Hope I win one day 🥲🥲,117,2026-05-17T03:16:59Z,MrBeast,Gaming,"Hit The Button, Win $1,000",658048299,3808862,92977
Ugxjt-pkAz4j3iLmKDt4AaABAg,QAkEMtJpq3c,@killerboybeats1130,"Watching from India 🇮🇳. This could genuinely change someone’s life,hoping luck reaches here too.",89,2026-05-17T10:47:53Z,MrBeast,Gaming,"Hit The Button, Win $1,000",658048299,3808862,92977
UgzkcS2bAxjt8WnEv9l4AaABAg,QAkEMtJpq3c,@ikeman33,Jimmy you've been doing this for a long time man put in a lot of work🎉🎉🎉,84,2026-05-29T03:22:28Z,MrBeast,Gaming,"Hit The Button, Win $1,000",658048299,3808862,92977
UgzLtswE2K6BH5_OQDR4AaABAg,QAkEMtJpq3c,@PrismStrike,"485 mil subs, now 570 mil. 🚀 rocket speed",0,2026-09-26T10:35:27Z,MrBeast,Gaming,"Hit The Button, Win $1,000",658048299,3808862,92977
UgzX_d1hzPJBGDv0R7t4AaABAg,QAkEMtJpq3c,@asiafathima7,"Imagine the YOUTUBE PLAY BUTTON !!! 
It's gonna be crazy!",116,2026-05-15T16:55:16Z,MrBeast,Gaming,"Hit The Button, Win $1,000",658048299,3808862,92977
UgwlbTBUo7EAkocNAzt4AaABAg,QAkEMtJpq3c,@AsifumarUmar,RIP to old subscribers 😂,20,2026-06-12T18:19:41Z,MrBeast,Gaming,"Hit The Button, Win $1,000",658048299,3808862,92977
UgzQ-CBvRjXE4khLscB4AaABAg,QAkEMtJpq3c,@albertoelproxd6462,"For those who say MrBeast hardly keeps his word—he says he's going to press this button every day, but I imagine he has other things to do.",8,2026-08-24T16:33:46Z,MrBeast,Gaming,"Hit The Button, Win $1,000",658048299,3808862,92977
UgzSd0p3KdAPfalbcW54AaABAg,QAkEMtJpq3c,@EliJnim,The $1000 in India more money 😮,1,2026-09-22T10:23:33Z,MrBeast,Gaming,"Hit The Button, Win $1,000",658048299,3808862,92977
UgwhkqoBQuQ1pdzAsPV4AaABAg,QAkEMtJpq3c,@Amrdorgham2006,"I'm following you, Best, from Egypt, the mother of the world, and I hope to win. Happy Eid, Biso. ❤❤❤❤🎉🎉🎉🎉",37,2026-05-21T22:21:48Z,MrBeast,Gaming,"Hit The Button, Win $1,000",658048299,3808862,92977
UgzwIXyqapp-sK1VwcV4AaABAg,QAkEMtJpq3c,@kalebshields2580,Congratulations are in order. You truly deserve every subscriber and every good thing that has happened in your life 😊❤,23,2026-05-15T18:41:43Z,MrBeast,Gaming,"Hit The Button, Win $1,000",658048299,3808862,92977
Ugw2pch1TGeEfsYBeOV4AaABAg,QAkEMtJpq3c,@DonMorshu85-w3h,"Well done for what you have accomplished, you can be proud",138,2026-05-15T16:04:04Z,MrBeast,Gaming,"Hit The Button, Win $1,000",658048299,3808862,92977
UgzFz0v7KfEGCRZsSCR4AaABAg,QAkEMtJpq3c,@Radhe-g9,"Tha,s awesome Congrats hope you,re having a great day",1,2026-09-28T14:51:20Z,MrBeast,Gaming,"Hit The Button, Win $1,000",658048299,3808862,92977
Ugx5rWyJwSMFCEQPOo54AaABAg,QAkEMtJpq3c,@lucanie8739,I'm still not lucky enough to meet Jimmy,33,2026-09-19T14:32:02Z,MrBeast,Gaming,"Hit The Button, Win $1,000",658048299,3808862,92977
UgwC7yeSn-FcsUYOYW14AaABAg,QAkEMtJpq3c,@rldrako,"Hi Jimmy!

I’m a 30-year-old Mexican who lost my job last March, and a few months later I was diagnosed with a benign spinal tumor.

Between my savings and help from my family, I was able to get the first surgery in January, but I still need radiosurgery to remove what’s left. The treatment costs around $23k USD + surgeon's fees, and even though the clause mentions a $10k cap, that amount alone would completely change my situation and relieve a huge amount of stress.

I’d happily provide proof or even participate in a challenge — I’d genuinely want to earn the help.

Also, I'm available for remote roles as SAP CPI consultant, I speak Spanish, English, and some German, and I’m available anytime.

Wishing everyone best, and happy birthday!",90,2026-05-15T16:24:19Z,MrBeast,Gaming,"Hit The Button, Win $1,000",658048299,3808862,92977
Ugw0ZKpqdmiXuaR_S254AaABAg,QAkEMtJpq3c,@user-n7r2v,"Half a billion is actually INSANE. keep doing what you’re doing jimmy, we all love it. 😊",289,2026-05-15T20:03:05Z,MrBeast,Gaming,"Hit The Button, Win $1,000",658048299,3808862,92977
UgxvbTHXogmkAleeYQx4AaABAg,QAkEMtJpq3c,@nidhijourne,"मिस्टर बीस्ट, आप सिर्फ वीडियो नहीं बनाते, आप लोगों के सपनों में उम्मीद जगाते हैं। आप सच में एक प्रेरणा हैं।",0,2026-09-23T03:39:50Z,MrBeast,Gaming,"Hit The Button, Win $1,000",658048299,3808862,92977
Ugx0K6c7cHaq0kLfGTx4AaABAg,QAkEMtJpq3c,@jalilhuosaini9331,"I’m from Afghanistan, and I’m currently living in Iran. The job situation here is very difficult.😢",21,2026-09-08T14:55:37Z,MrBeast,Gaming,"Hit The Button, Win $1,000",658048299,3808862,92977
UgyO7_Rm9mWW_Dt76Vx4AaABAg,QAkEMtJpq3c,@ishwarsingh666,"Congratulations, may your goal be achieved soon. Mr bt🎉 I don't have the luck to reach your game.",94,2026-05-16T14:59:04Z,MrBeast,Gaming,"Hit The Button, Win $1,000",658048299,3808862,92977
UgwX2jCdMCaPYET_jv14AaABAg,QAkEMtJpq3c,@meerga7,Congratulations to half billion 🎉,57,2026-05-18T17:55:52Z,MrBeast,Gaming,"Hit The Button, Win $1,000",658048299,3808862,92977
UgzL4SlhKaDKIx8e8954AaABAg,QAkEMtJpq3c,@TGPRINCE_10K,TORQUE RACING,0,2026-09-30T10:42:00Z,MrBeast,Gaming,"Hit The Button, Win $1,000",658048299,3808862,92977
Ugyf9Nzg7Mp3Bfi8nip4AaABAg,QAkEMtJpq3c,@Starzyxxxxxx,I wish the one's who in need will win ❤,62,2026-05-15T23:39:56Z,MrBeast,Gaming,"Hit The Button, Win $1,000",658048299,3808862,92977
UgwGrI3oBGuAG4ce60p4AaABAg,QAkEMtJpq3c,@mwila_2.0,Oh God let it hit mine! ❤🙏🏾,68,2026-05-15T16:46:21Z,MrBeast,Gaming,"Hit The Button, Win $1,000",658048299,3808862,92977
UgzO_4fVeP2m1FFp2jZ4AaABAg,QAkEMtJpq3c,@РМП-т8с,"It's a pity that I'll never earn $1,000.",37,2026-05-16T09:18:48Z,MrBeast,Gaming,"Hit The Button, Win $1,000",658048299,3808862,92977
UgzYMuLYDL4301kK7T54AaABAg,QAkEMtJpq3c,@Eraser-0135-e6u,Awe it’s a 1 in half a billion chance 😢,1,2026-09-25T23:31:30Z,MrBeast,Gaming,"Hit The Button, Win $1,000",658048299,3808862,92977
UgxvEseivxsogS5Ky094AaABAg,QAkEMtJpq3c,@TheStoryJunction-s4t,Reach the 500 million mark—we are waiting! Hurry up and close in on 500 million.,155,2026-05-20T09:15:05Z,MrBeast,Gaming,"Hit The Button, Win $1,000",658048299,3808862,92977
Ugx-rOocWzhoEcPCZ2R4AaABAg,QAkEMtJpq3c,@Thangsonlien,Old subscriber are actually the real supporter who stood by him even before the fame,292,2026-05-22T12:38:32Z,MrBeast,Gaming,"Hit The Button, Win $1,000",658048299,3808862,92977
UgwpzEx9fgw8uuD2mHd4AaABAg,QAkEMtJpq3c,@Kn0pkin123,Good luck to all!!!,33,2026-05-15T19:24:49Z,MrBeast,Gaming,"Hit The Button, Win $1,000",658048299,3808862,92977
UgzI43L4XcvKsGe3iyh4AaABAg,QAkEMtJpq3c,@haideralikhan.Aigenerated,❤❤❤❤❤❤ insha Allah,0,2026-09-30T12:15:49Z,MrBeast,Gaming,"Hit The Button, Win $1,000",658048299,3808862,92977
UgzxHN8RjKePAzhAL2V4AaABAg,QAkEMtJpq3c,@Apood-CR,I wish everyone here gets what they wanted ❤,93,2026-05-15T22:02:53Z,MrBeast,Gaming,"Hit The Button, Win $1,000",658048299,3808862,92977
UgxVwH4vBnAc791siAV4AaABAg,QAkEMtJpq3c,@Roblox_vibes12,Me who’s been subscribed for 7 years: 🫥,45,2026-06-24T21:40:09Z,MrBeast,Gaming,"Hit The Button, Win $1,000",658048299,3808862,92977
UgzWvTTOz07M7y6EN6V4AaABAg,QAkEMtJpq3c,@Lofisuno101,You always give your country people never give us,62,2026-05-16T15:53:53Z,MrBeast,Gaming,"Hit The Button, Win $1,000",658048299,3808862,92977
UgzRRVV5EfV-b6832Ox4AaABAg,QAkEMtJpq3c,@Looop_game,My brother this is broken 😂,1,2026-09-27T10:27:45Z,MrBeast,Gaming,"Hit The Button, Win $1,000",658048299,3808862,92977
UgxdzDTAADi56ylZITN4AaABAg,QAkEMtJpq3c,@EmmanuelMomoh-d7v,Leave it all to luck,50,2026-05-16T11:26:52Z,MrBeast,Gaming,"Hit The Button, Win $1,000",658048299,3808862,92977
UgzeKKUBEN13CH3abo94AaABAg,QAkEMtJpq3c,@Bidoofguy-B1d00f,We made the right guy famous,44,2026-05-15T16:03:46Z,MrBeast,Gaming,"Hit The Button, Win $1,000",658048299,3808862,92977
UgxtwozReDuz8ZHcDuJ4AaABAg,QAkEMtJpq3c,@BlaineSmith303,I'd much rather do a challenge and be lucky enough to win and provide for my family!,30,2026-05-26T20:56:39Z,MrBeast,Gaming,"Hit The Button, Win $1,000",658048299,3808862,92977
UgwSzsOgWwDz-hBqkAB4AaABAg,QAkEMtJpq3c,@rombstick,Rip the old subsribers😢,1,2026-09-25T20:08:09Z,MrBeast,Gaming,"Hit The Button, Win $1,000",658048299,3808862,92977
UgxsXqDw27_xDgpfDxR4AaABAg,QAkEMtJpq3c,@alexisduclos6706,Wow 500 million subscribers it's going to be amazing 😮😮😮,21,2026-05-16T13:46:19Z,MrBeast,Gaming,"Hit The Button, Win $1,000",658048299,3808862,92977
Ugyuw4XV3kC30Dl8d394AaABAg,QAkEMtJpq3c,@The_Dark_lord01,"Oh my god, 500 million, I just can't believe it. 😮",69,2026-05-15T19:39:18Z,MrBeast,Gaming,"Hit The Button, Win $1,000",658048299,3808862,92977
Ugw0PqBWalz789j7WK54AaABAg,QAkEMtJpq3c,@serifayyldz-qw8xz,Bana çıkarsa 1000 doların 1 centini arkadaşıma vereceğim,272,2026-05-15T16:01:15Z,MrBeast,Gaming,"Hit The Button, Win $1,000",658048299,3808862,92977
Ugz4qwh61GQ8DeaY8fN4AaABAg,QAkEMtJpq3c,@kat-12-w7c,"""One day, I will win a game on your show.""",0,2026-09-27T19:32:17Z,MrBeast,Gaming,"Hit The Button, Win $1,000",658048299,3808862,92977
UgwBQrV6rH8eyiBaa4t4AaABAg,QAkEMtJpq3c,@Markinoyola,"Te queremos Jimmy...saludos desde México...
Gracias por alegrar nuestras comidas con tus videos....",71,2026-05-17T22:03:49Z,MrBeast,Gaming,"Hit The Button, Win $1,000",658048299,3808862,92977
Ugxg5BZc7-wvGSm6ERx4AaABAg,QAkEMtJpq3c,@tobychambers4481,Thanks for always doing the right thing. Helping out so many people. Your a great person. I am in NC myself. Grew up in High Point. Hopefully we can meet one day. Thanks,25,2026-05-17T22:58:41Z,MrBeast,Gaming,"Hit The Button, Win $1,000",658048299,3808862,92977
UgzeroA3Wdrh0F-iEI54AaABAg,QAkEMtJpq3c,@razu-j4h,RIP to old subscribers,134,2026-06-05T07:30:11Z,MrBeast,Gaming,"Hit The Button, Win $1,000",658048299,3808862,92977
Ugw4nRx1SUFtg1Xzp4p4AaABAg,mktYW177p6U,@MrBeast,Next time I’m making everyone else touch the bear,49240,2026-01-06T16:57:39Z,MrBeast,Gaming,Guess the Animal,601944180,7222568,22868
Ugym4YWWbeocKBU4G914AaABAg,mktYW177p6U,@Lunarbloomzz,"""It's gonna be something dangerous""

The capybara: 👁️👄👁️",6893,2026-06-07T03:46:03Z,MrBeast,Gaming,Guess the Animal,601944180,7222568,22868
UgwEgEQ01TNt7LDA5654AaABAg,mktYW177p6U,@Dihpression-g2q,"""Is it a hyena?"" If it was, you wouldn't see your arm",1073,2026-09-06T11:27:34Z,MrBeast,Gaming,Guess the Animal,601944180,7222568,22868
UgxvBRc0KuhTDt0mlcx4AaABAg,mktYW177p6U,@Jinu-s5i,"""It's gonna be something dangerous...""


*The Capybara innocently sitting there*",46228,2026-01-07T09:43:32Z,MrBeast,Gaming,Guess the Animal,601944180,7222568,22868
UgwdcNmk8DWNrYoasXB4AaABAg,mktYW177p6U,@Red-X-j2j,Nahh the alligator touching was crazy 💀 💀 💀,47,2026-09-04T08:53:40Z,MrBeast,Gaming,Guess the Animal,601944180,7222568,22868
Ugys0uqpkgI-jIBdeO54AaABAg,mktYW177p6U,@Zeus9603-k8d,"""Something dangerous""

Proceeds to show the worlds most chill animal",1061,2026-06-18T13:41:26Z,MrBeast,Gaming,Guess the Animal,601944180,7222568,22868
UgyX7Y-aEybXUz4pw_h4AaABAg,mktYW177p6U,@nmaproductions,"""This is bear😏""
""Wait a minute😨""
""This is a bear😱""",13114,2026-01-18T04:42:42Z,MrBeast,Gaming,Guess the Animal,601944180,7222568,22868
Ugx67SrAsXkQfaAD36F4AaABAg,mktYW177p6U,@suriV05,"""It's a bear... wait a minute!""",5639,2026-01-09T22:48:11Z,MrBeast,Gaming,Guess the Animal,601944180,7222568,22868
Ugw45FF3rjxrFg6Zj1l4AaABAg,mktYW177p6U,@Bronx-f1m,My friend’s favorite animal was a capybara and then he died to cancer. This video really reminds me of him.,21,2026-09-09T12:36:21Z,MrBeast,Gaming,Guess the Animal,601944180,7222568,22868
UgxIAAor2-s9mW5M8oN4AaABAg,mktYW177p6U,@TAPUZWEQ,The baby capybara was the cutest thing to ever walk on this planet,448,2026-07-21T18:36:37Z,MrBeast,Gaming,Guess the Animal,601944180,7222568,22868
UgymN7LpSJy2lQ4fPvp4AaABAg,mktYW177p6U,@claudiocicchini9274,Love how he knew it was a bear but at the same time he didn’t 😂,4648,2026-01-07T04:25:17Z,MrBeast,Gaming,Guess the Animal,601944180,7222568,22868
UgzwcqZynrj6XCj9rbJ4AaABAg,mktYW177p6U,@danielabedonrodrigues8865,I'm your fan,10,2026-09-13T15:27:49Z,MrBeast,Gaming,Guess the Animal,601944180,7222568,22868
UgyU0nXhNGhzfZRnk514AaABAg,mktYW177p6U,@xdindyt7777,Chandler and ostrich only old people know😊❤,4028,2026-01-06T17:21:50Z,MrBeast,Gaming,Guess the Animal,601944180,7222568,22868
UgxifZSFO8OnBFGCcQR4AaABAg,mktYW177p6U,@Aylax12,“It’s too big to be a chicken” 😭😭,1160,2026-01-14T23:58:14Z,MrBeast,Gaming,Guess the Animal,601944180,7222568,22868
Ugy10IMKpxJhhIRFvkh4AaABAg,mktYW177p6U,@Bangpink_lady,Jennie is coming to take that capybara 😂,146,2026-08-28T02:25:04Z,MrBeast,Gaming,Guess the Animal,601944180,7222568,22868
UgwuY7Bo9uTcrGmTtZ14AaABAg,mktYW177p6U,@AmiViki-h7l,"Is it a hyena ? If it was, you wouldn't see your  arm",20,2026-09-23T14:33:20Z,MrBeast,Gaming,Guess the Animal,601944180,7222568,22868
Ugzz6d41UR0DQOdts054AaABAg,mktYW177p6U,@ethanbrown2935,Why is that capybara actually so cute though.,120,2026-05-24T13:24:28Z,MrBeast,Gaming,Guess the Animal,601944180,7222568,22868
UgzWaZbSGZ2k8ImrIkR4AaABAg,mktYW177p6U,@yunahs_lefteye,The monkey and capybara are so cute lol,101,2026-07-30T10:11:18Z,MrBeast,Gaming,Guess the Animal,601944180,7222568,22868
Ugw1guQVopiExrliWZF4AaABAg,mktYW177p6U,@Faisal0058-w4d,The capybara is probably one of the most chill species lol,36,2026-07-22T18:51:19Z,MrBeast,Gaming,Guess the Animal,601944180,7222568,22868
UgzknLlyO3cSvdLPvT14AaABAg,mktYW177p6U,@ShowSpee-d,Candler .... Why 😂😂,0,2026-09-30T10:56:14Z,MrBeast,Gaming,Guess the Animal,601944180,7222568,22868
UgwlxTH89jqNQNXpzhN4AaABAg,mktYW177p6U,@Lx_nzo,"""I know what this is, this is a bear. Wait THIS IS A BEAR get this away from me"" LOL",968,2026-01-07T00:28:55Z,MrBeast,Gaming,Guess the Animal,601944180,7222568,22868
UgxSXy25For4NOUBDUd4AaABAg,mktYW177p6U,@D_D3o-p6y,If it was a hyena it would’ve already chomped her hand off lol,662,2026-03-21T03:38:52Z,MrBeast,Gaming,Guess the Animal,601944180,7222568,22868
UgyesD--QRi_IzvMcCN4AaABAg,mktYW177p6U,@WaffleLover-v9i,"“Is it a hyena?” ARE WE SERIOUS, A HYENA?",500,2026-02-14T19:12:41Z,MrBeast,Gaming,Guess the Animal,601944180,7222568,22868
UgyrJS5s1uovGqYkG8V4AaABAg,mktYW177p6U,@SUJOYDAS-cy8iu,I Subscribed,0,2026-09-30T05:05:47Z,MrBeast,Gaming,Guess the Animal,601944180,7222568,22868
UgyVeJdXlKHTiiDkBvh4AaABAg,mktYW177p6U,@univers4665,Only OGs remember Chandlers Ostrich,1158,2026-01-06T17:02:58Z,MrBeast,Gaming,Guess the Animal,601944180,7222568,22868
UgxMDk4xX7-F5NLAGgR4AaABAg,mktYW177p6U,@Ev3rlythechees3,Why is this an ad bro-,79,2026-08-07T07:12:42Z,MrBeast,Gaming,Guess the Animal,601944180,7222568,22868
UgzYZC47XPv39vdrunJ4AaABAg,mktYW177p6U,@gogur2,"""It's gonna be something dangerous"" just for it to end up being THE most peaceful animal on this planet",24,2026-07-04T00:00:58Z,MrBeast,Gaming,Guess the Animal,601944180,7222568,22868
UgxRn5smO1eviJjEweZ4AaABAg,mktYW177p6U,@RebeccaBarksfield,ive never seen a more calmed capybara 😭😭😭,1,2026-09-27T05:36:53Z,MrBeast,Gaming,Guess the Animal,601944180,7222568,22868
UgxZ3vw0PvkUffHi4e94AaABAg,mktYW177p6U,@zenzvan,Jimmy getting all the dangerous ones,135,2026-05-13T23:18:28Z,MrBeast,Gaming,Guess the Animal,601944180,7222568,22868
UgwME70KjOUDUgF2zpR4AaABAg,mktYW177p6U,@Ken-x7x2m,The capybara is so cute,294,2026-01-08T20:18:55Z,MrBeast,Gaming,Guess the Animal,601944180,7222568,22868
UgwnqbXIdkXzsINfSEJ4AaABAg,mktYW177p6U,@JopeCenteno-m1t,"""it's gotta be something dangerous""

""Nah it's just a chill guy""",72,2026-03-22T02:35:18Z,MrBeast,Gaming,Guess the Animal,601944180,7222568,22868
UgyYPJLsdb05HydkFvt4AaABAg,mktYW177p6U,@farheenzohri2945,Can I use your filter?,0,2026-09-14T18:26:44Z,MrBeast,Gaming,Guess the Animal,601944180,7222568,22868
UgzR0nLeNts3zqsUf3d4AaABAg,mktYW177p6U,@AdityaShinde1510,Only OGs know y chandler was so excited for the ostrich,170,2026-02-18T04:41:08Z,MrBeast,Gaming,Guess the Animal,601944180,7222568,22868
Ugx6cHHa2kn08mvI3Rx4AaABAg,mktYW177p6U,@BigbeeBigbeeBigbee,The alligator was actually pretty chill,236,2026-04-24T08:21:55Z,MrBeast,Gaming,Guess the Animal,601944180,7222568,22868
UgzB35t7SAPhJ_8uiRF4AaABAg,mktYW177p6U,@mattycry355,The monkey's face after biting is so... cute😊😊😊,105,2026-02-28T08:35:27Z,MrBeast,Gaming,Guess the Animal,601944180,7222568,22868
UgxmpcEWvDasAWMvg1F4AaABAg,mktYW177p6U,@SantiMonfan,"I now you separate him from his mother, Mr Bean",1,2026-09-29T21:08:09Z,MrBeast,Gaming,Guess the Animal,601944180,7222568,22868
UgxmBUpzdjmv_cxUlWd4AaABAg,mktYW177p6U,@ShivaVinodkumar,Bravo on such a standout effort! Your passion and dedication are clearly elevating everything you touch. Can’t wait to see what’s next!,29,2026-06-07T16:25:54Z,MrBeast,Gaming,Guess the Animal,601944180,7222568,22868
UgzZ6A4GARDMahqK1hp4AaABAg,mktYW177p6U,@LukeyJ80,The way he wanted to get out of there fast after touching the bear!😂,76,2026-01-06T17:19:16Z,MrBeast,Gaming,Guess the Animal,601944180,7222568,22868
Ugwq41TdDlvraQSlgy14AaABAg,mktYW177p6U,@RaylynnBlake,"“it’s a bear🙄” 
“OH WAIT ITS A BEAR😨”",206,2026-01-27T17:19:33Z,MrBeast,Gaming,Guess the Animal,601944180,7222568,22868
UgxbASkXEmZcT6s0mX14AaABAg,mktYW177p6U,@ArLima-s1x,Mrbeast casually putting his hand there,2,2026-09-27T15:47:36Z,MrBeast,Gaming,Guess the Animal,601944180,7222568,22868
Ugw71VVTEyAdP8iw6pR4AaABAg,mktYW177p6U,@SmithHunter999,"The girl's logic is simply off the charts, yeah, hyena.",221,2026-01-07T19:25:32Z,MrBeast,Gaming,Guess the Animal,601944180,7222568,22868
UgwolvvRQT_t1W5B0wh4AaABAg,mktYW177p6U,@rakmoretsor2689,"""But my ostrich is a free man"" 
A wise man once said",96,2026-01-30T19:01:53Z,MrBeast,Gaming,Guess the Animal,601944180,7222568,22868
Ugy0iH8gOTQvKBWIKh94AaABAg,mktYW177p6U,@GS_RAIL_EDITZ,Last reaction of Mr beast 😂😂,27,2026-03-04T18:31:34Z,MrBeast,Gaming,Guess the Animal,601944180,7222568,22868
UgzGaSrKLzF6ldU_G0p4AaABAg,mktYW177p6U,@fujioinky,Man I'm so so inspired by u love u  the extreme 💀🧠☠️ is the key 😮😊,5,2026-09-08T19:25:48Z,MrBeast,Gaming,Guess the Animal,601944180,7222568,22868
UgwmR3vbH66_6UZ160x4AaABAg,mktYW177p6U,@shubhraacharya6858,Those wild animals were low-key chill,206,2026-01-06T17:40:06Z,MrBeast,Gaming,Guess the Animal,601944180,7222568,22868
UgweKEv8fJKM5RVZKSl4AaABAg,mktYW177p6U,@lauradanielaruizallec6760,The capibara is cute😍,95,2026-01-06T17:06:21Z,MrBeast,Gaming,Guess the Animal,601944180,7222568,22868
Ugwl2EzZsinGgGKOZ4V4AaABAg,mktYW177p6U,@blck_0xt,Brodie came to realization that he's TOUCHING A BEAR 💀💀💀💀,96,2026-01-07T02:36:49Z,MrBeast,Gaming,Guess the Animal,601944180,7222568,22868
UgzDc0CuP-pmWqkG48N4AaABAg,mktYW177p6U,@tomhogan5915,BRO THE CAYBARY IS SOOOOOOOOO CUTE ❤❤❤❤❤❤❤❤❤❤,4,2026-09-26T15:04:46Z,MrBeast,Gaming,Guess the Animal,601944180,7222568,22868
UgxakImOdVoRIoUayN14AaABAg,mktYW177p6U,@_YashSawant,"""something dangerous"" literally the Most Passive Wild Animal",62,2026-01-10T12:45:51Z,MrBeast,Gaming,Guess the Animal,601944180,7222568,22868
Ugwd6gnpkLsWB3ouVyR4AaABAg,mktYW177p6U,@ItsKing07Game,Trained bears must be the chillest bear in the world,80,2026-01-06T17:39:11Z,MrBeast,Gaming,Guess the Animal,601944180,7222568,22868
UgzqSs7L5IKSXqgm5KR4AaABAg,mktYW177p6U,@saharzeeshan-110,The monkey is really cute!! 🤩🥰,26,2026-01-10T14:37:11Z,MrBeast,Gaming,Guess the Animal,601944180,7222568,22868
UgxhTHI9U9IDAEFjN2F4AaABAg,mktYW177p6U,@SarahRiaz-t6r,Your videos are awesome ❤😊,12,2026-08-26T18:26:31Z,MrBeast,Gaming,Guess the Animal,601944180,7222568,22868
Ugy6N_UIk5NkE6kDK-V4AaABAg,mktYW177p6U,@котик-щ6б2,"Mr. Beast, congratulations on your 500th subscriber!",6,2026-06-15T20:15:42Z,MrBeast,Gaming,Guess the Animal,601944180,7222568,22868
Ugwiy6wYpsla5yHvYFB4AaABAg,mktYW177p6U,@DavidGalicia-m1u,The capibara is so cute🥰,52,2026-01-06T17:10:19Z,MrBeast,Gaming,Guess the Animal,601944180,7222568,22868
Ugx9Lg2H9VeQt_ZuOh94AaABAg,mktYW177p6U,@Spence_on_YouTube,"Yeah, Chandler so dangerous😅",2,2026-09-11T04:33:56Z,MrBeast,Gaming,Guess the Animal,601944180,7222568,22868
UgzfJKY-C0hilJQm8rl4AaABAg,mktYW177p6U,@alexyoyo4832,Am I the only one who thinks it's shocking that you use animals for your entertainment?,48,2026-01-11T22:41:19Z,MrBeast,Gaming,Guess the Animal,601944180,7222568,22868
UgxejrUKa0dQdx-K13B4AaABAg,mktYW177p6U,@fireboy-xg8hd,That Alligator reaction was genuine,4,2026-01-10T06:19:48Z,MrBeast,Gaming,Guess the Animal,601944180,7222568,22868
Ugy5gU9qCl-QKWcz7hV4AaABAg,mktYW177p6U,@Xx_Rai_xX,"Why is nobody talking about how stressed these poor animals must be? We pet them and pet them, and yet they obviously tell us to stop through hisses, grunts, and chirps. You can tell they never signed up for any of this.
Call me a vegan teacher, but I feel worse for the animals here than anyone else in the video. 🙏😿",47,2026-01-07T21:42:01Z,MrBeast,Gaming,Guess the Animal,601944180,7222568,22868
UgyNCT1oJeo2JAbXv454AaABAg,mktYW177p6U,@RvAnimationWorks,I want that kind of challenge,2,2026-09-19T02:24:12Z,MrBeast,Gaming,Guess the Animal,601944180,7222568,22868
UgzWlHM8win02lz0Od54AaABAg,mktYW177p6U,@primix2026,"❤What a cute monkey, it's super adorable!",30,2026-01-24T19:14:32Z,MrBeast,Gaming,Guess the Animal,601944180,7222568,22868
UgylCkPRv5WZsff687Z4AaABAg,mktYW177p6U,@dermaincharakter1,Monkey is just the chillest animal 😂,85,2026-01-06T19:11:48Z,MrBeast,Gaming,Guess the Animal,601944180,7222568,22868
Ugx76A56L9ZfZ05hOT14AaABAg,mktYW177p6U,@aliaakapoor2430,Poor capybara!🥺,57,2026-01-07T12:15:35Z,MrBeast,Gaming,Guess the Animal,601944180,7222568,22868
UgzedouxfMuqtWLJM-F4AaABAg,mktYW177p6U,@DenzelMandigo,"Hello Mr Beast, can I be in one of you videos and challenges, I'm really a fan",0,2026-09-09T19:10:48Z,MrBeast,Gaming,Guess the Animal,601944180,7222568,22868
Ugwnz8qpMCYOxA2-y6V4AaABAg,mktYW177p6U,@Sophie_goat,The WAIT THIS IS A BEAR was personal😂,7,2026-01-09T21:12:58Z,MrBeast,Gaming,Guess the Animal,601944180,7222568,22868
UgygnjdZQqfVy9tTr0Z4AaABAg,mktYW177p6U,@DFK_Aviation,All laugh and giggle until bear finds a better meal 💀,10,2026-01-07T09:47:12Z,MrBeast,Gaming,Guess the Animal,601944180,7222568,22868
UgwLnh71-Wghgxs5LO94AaABAg,mktYW177p6U,@nareshkumar-hg3zd,Trained bears are the chillest creatures on earth,82,2026-01-07T06:34:02Z,MrBeast,Gaming,Guess the Animal,601944180,7222568,22868
UgxtzA9DD5PXP4o4swN4AaABAg,mktYW177p6U,@Sasha-c4i,.the first three animals were kind of cute ngl,1,2026-09-05T14:15:44Z,MrBeast,Gaming,Guess the Animal,601944180,7222568,22868
UgztxVXrlEl9UV2ha-p4AaABAg,mktYW177p6U,@alienxyzmercury,Seeing Chandler say ostrich reminds me of the sliding door challenge 😭😭 anyone else???,59,2026-01-06T17:18:03Z,MrBeast,Gaming,Guess the Animal,601944180,7222568,22868
UgyeTMS_yQAV_udR_jt4AaABAg,mktYW177p6U,@itsme_linda28,Capy Bara is so cute😊😊😊,74,2026-01-12T06:06:54Z,MrBeast,Gaming,Guess the Animal,601944180,7222568,22868
UgzdheGrj1Cv7SZOemx4AaABAg,mktYW177p6U,@JosueCastroDavila-c6v,El cañybara es bonito,87,2026-02-06T18:47:01Z,MrBeast,Gaming,Guess the Animal,601944180,7222568,22868
UgwVFxvXVqQCDlxVYoN4AaABAg,mktYW177p6U,@jivagoSilvaAraújo,What a cute capybara! I wish I had one like that.,0,2026-09-15T19:23:02Z,MrBeast,Gaming,Guess the Animal,601944180,7222568,22868
UgwhjhCb8WZ3wB_BiFN4AaABAg,mktYW177p6U,@77r악,오우 지미! 피스터블 먹으면서 구독했어요!,17,2026-02-03T20:48:14Z,MrBeast,Gaming,Guess the Animal,601944180,7222568,22868
Ugxu0rSAYK_dVuX6dPN4AaABAg,mktYW177p6U,@babymonsterj9,I have already subscribed and liked. ❤,5,2026-04-27T05:18:09Z,MrBeast,Gaming,Guess the Animal,601944180,7222568,22868
UgyZ40d7r-Euw2s3f_V4AaABAg,mktYW177p6U,@2.Mehmed_1453,"“You’re genuinely perfect, my friend.”😊",45,2026-01-06T17:43:34Z,MrBeast,Gaming,Guess the Animal,601944180,7222568,22868
UgxGerooKKFEZ84gZVp4AaABAg,mktYW177p6U,@RoyalPearMutantDinosaurPet,"Bro, the alligator almost did the death roll",0,2026-09-14T03:22:39Z,MrBeast,Gaming,Guess the Animal,601944180,7222568,22868
UgwUcuY7QCBcit8QCmh4AaABAg,hYahU_Cqwp8,@MrBeast,Subscribe to see what’s in this box!,35245,2026-05-22T15:58:20Z,MrBeast,Gaming,YouTube CEO Has A Surprise For Me,588030096,6484954,55906
UgyoCnHtaV7HxQP6oed4AaABAg,hYahU_Cqwp8,@fwairysaidaff,He enteres to office like he enteres his home 😂,6480,2026-08-03T16:53:39Z,MrBeast,Gaming,YouTube CEO Has A Surprise For Me,588030096,6484954,55906
UgxnVeYwpdliwjnFHNh4AaABAg,hYahU_Cqwp8,@LyndaWells-j7t,So nice of jimmy to collab with small content creators,21915,2026-05-25T12:22:30Z,MrBeast,Gaming,YouTube CEO Has A Surprise For Me,588030096,6484954,55906
UgzYUouMz-Gmr4HFnIJ4AaABAg,hYahU_Cqwp8,@AmeenAfsal132,"“ why are u recording?”
“ cuz your handsome 😏”😭😂",22349,2026-05-22T17:22:15Z,MrBeast,Gaming,YouTube CEO Has A Surprise For Me,588030096,6484954,55906
UgwhFrjmFKZF8JFRda14AaABAg,hYahU_Cqwp8,@moonlit_retreat,Ceo is indian🇮🇳,24,2026-09-28T06:19:36Z,MrBeast,Gaming,YouTube CEO Has A Surprise For Me,588030096,6484954,55906
UgwlmRBG45VaNv_CaMx4AaABAg,hYahU_Cqwp8,@666qqy,"STOP COLLECTING INFINITY STONES EVERY MONTH








And yeah, thank you for 100 subscribers",19850,2026-05-22T16:04:56Z,MrBeast,Gaming,YouTube CEO Has A Surprise For Me,588030096,6484954,55906
UgxJJrjX6uc--KpweUJ4AaABAg,hYahU_Cqwp8,@Ishika-o8g4c,So nice of jimmy to Collab with conten creator,16,2026-09-19T02:04:15Z,MrBeast,Gaming,YouTube CEO Has A Surprise For Me,588030096,6484954,55906
UgyIxZ8s6iYTpJ0gA-Z4AaABAg,hYahU_Cqwp8,@AnggaHMW,Thanks Jimmy for collaborating with small creators! Stay healthy always,2,2026-09-30T03:03:16Z,MrBeast,Gaming,YouTube CEO Has A Surprise For Me,588030096,6484954,55906
Ugx8zjm7Jz89Jtgq1cx4AaABAg,hYahU_Cqwp8,@Valzsymz,"MrBeast X Youtube, we did NOT expect this.",5355,2026-05-22T16:05:11Z,MrBeast,Gaming,YouTube CEO Has A Surprise For Me,588030096,6484954,55906
UgxmuGgvMJM6rKzBDTt4AaABAg,hYahU_Cqwp8,@DEEPest-u4l,Bro walks like he owns the room,72,2026-09-11T15:23:47Z,MrBeast,Gaming,YouTube CEO Has A Surprise For Me,588030096,6484954,55906
UgzCVp8Lbu391t5v3G94AaABAg,hYahU_Cqwp8,@yogapangestuputra,"Basically, it's jimmy with his boss.",199,2026-09-20T07:39:08Z,MrBeast,Gaming,YouTube CEO Has A Surprise For Me,588030096,6484954,55906
Ugx730957_O1zLWJzz94AaABAg,hYahU_Cqwp8,@Axelix-o,jimmy with his boss,0,2026-09-30T11:09:34Z,MrBeast,Gaming,YouTube CEO Has A Surprise For Me,588030096,6484954,55906
UgwD_3B5EKfVp5Abm314AaABAg,hYahU_Cqwp8,@YOUTUBBangIadesh,Thanks Jimmy to Collab with small creators  ☠,162,2026-09-07T09:17:49Z,MrBeast,Gaming,YouTube CEO Has A Surprise For Me,588030096,6484954,55906
Ugyb07IK6UPU5kEFFGx4AaABAg,hYahU_Cqwp8,@UttamRoy-p1j9f,Bhai Tori manushya Dharavi Mr beast❤❤❤i love you too ❤️❤️❤️😘❤️🫰☺️❤️,28,2026-09-19T14:38:41Z,MrBeast,Gaming,YouTube CEO Has A Surprise For Me,588030096,6484954,55906
UgyJW9AhlUlfCkxzYtF4AaABAg,hYahU_Cqwp8,@Agam-f14,Congratulations for 500000000 sub,9,2026-09-20T12:08:29Z,MrBeast,Gaming,YouTube CEO Has A Surprise For Me,588030096,6484954,55906
UgxoJzfR0Eg2BnKVRKV4AaABAg,hYahU_Cqwp8,@SmilingGuitar-gz5lx,One car,2,2026-09-27T08:31:01Z,MrBeast,Gaming,YouTube CEO Has A Surprise For Me,588030096,6484954,55906
UgxafcgJSAJkY9SnLKB4AaABAg,hYahU_Cqwp8,@Aayralovesdonuts,WHOSE HERE AFTER HE GOT IT?,1865,2026-06-12T15:00:16Z,MrBeast,Gaming,YouTube CEO Has A Surprise For Me,588030096,6484954,55906
UgwbIm6otH9V6qPzt794AaABAg,hYahU_Cqwp8,@Splash.Dragons,“Guys why are you filming me?” “-because you are handsome” had me rolling😂,1380,2026-05-22T17:35:44Z,MrBeast,Gaming,YouTube CEO Has A Surprise For Me,588030096,6484954,55906
UgxxCRM0-4WVtvHtddF4AaABAg,hYahU_Cqwp8,@SitiAminah-w1m,Thankyou Mr you fery good all I happy  new ❤❤,62,2026-08-04T12:25:40Z,MrBeast,Gaming,YouTube CEO Has A Surprise For Me,588030096,6484954,55906
Ugzq4vPaep1gaKLizQ54AaABAg,hYahU_Cqwp8,@SketchbookbyKajal,You never fail to amaze us with these crazy videos! Truly the GOAT of YouTube! 🙌👑,2,2026-09-27T04:59:15Z,MrBeast,Gaming,YouTube CEO Has A Surprise For Me,588030096,6484954,55906
UgyWD_i99t_rB4D5nj14AaABAg,hYahU_Cqwp8,@KasonManakis,Tell Neil that bunch of friends need to talk to him,296,2026-08-27T17:09:59Z,MrBeast,Gaming,YouTube CEO Has A Surprise For Me,588030096,6484954,55906
Ugz737aaEbOPZKeMxg54AaABAg,hYahU_Cqwp8,@laove-yt,Congrats jimmy🎉,50,2026-07-29T09:53:44Z,MrBeast,Gaming,YouTube CEO Has A Surprise For Me,588030096,6484954,55906
UgwGB0SDWHt2UQvsGBR4AaABAg,hYahU_Cqwp8,@PragDatt0021,"भाई तुम इंसान नहीं, चलती-फिरती सैंताक्लॉस की फैक्ट्री हो! भारत से बहुत सारा प्यार! 🇮🇳❤️""",45,2026-09-19T14:29:25Z,MrBeast,Gaming,YouTube CEO Has A Surprise For Me,588030096,6484954,55906
Ugy8PUPg5bakjg-Nw514AaABAg,hYahU_Cqwp8,@JesSen-m4l,Eyang kubur,2,2026-09-26T04:38:20Z,MrBeast,Gaming,YouTube CEO Has A Surprise For Me,588030096,6484954,55906
Ugz2GVLcBS5BRG6SjQt4AaABAg,hYahU_Cqwp8,@Future-blade18,Bro really begging to get 1/16 of the population subbed to him luv u jimmy,36,2026-05-24T00:17:48Z,MrBeast,Gaming,YouTube CEO Has A Surprise For Me,588030096,6484954,55906
UgwuBrX9smWk5WgpezB4AaABAg,hYahU_Cqwp8,@RizkyAdhi-m5k,"Go for it jimmy, we have to start somewhere eventually😊",46,2026-08-05T10:26:50Z,MrBeast,Gaming,YouTube CEO Has A Surprise For Me,588030096,6484954,55906
Ugy0zZd0KrPMJ_2Walp4AaABAg,hYahU_Cqwp8,@RootsAndRoutesByRiddhi48,Maine yah aapka chocolate kabhi khaya to nahin Hai Lekin main yah pakka bol sakta hun ki aap itni acchi video banate hain. utna hi swadisht 😋aur❤ pyar aapka chocolate hai.,83,2026-08-31T10:56:21Z,MrBeast,Gaming,YouTube CEO Has A Surprise For Me,588030096,6484954,55906
Ugx_ZE67zmMiqD4BoWt4AaABAg,hYahU_Cqwp8,@mdrmart-c8h,Monetization roll badalna chahiye 😅nhi to youtube se Rumble par majburan jana padega😊,1,2026-09-30T09:58:50Z,MrBeast,Gaming,YouTube CEO Has A Surprise For Me,588030096,6484954,55906
UgwKmw1EagWhN8kYZsh4AaABAg,hYahU_Cqwp8,@ArvindNandeshwar123,"Aapka bahut bahut dhanyawad 
You tube ke CEO ko dikhaya",12,2026-09-19T05:59:04Z,MrBeast,Gaming,YouTube CEO Has A Surprise For Me,588030096,6484954,55906
Ugy85NP0Qp2d-hOuk7l4AaABAg,hYahU_Cqwp8,@golucomedye4,He entered to office like he entered his home 😂😂😂,45,2026-09-03T06:27:29Z,MrBeast,Gaming,YouTube CEO Has A Surprise For Me,588030096,6484954,55906
UgzqWHLNTTw-zElnDnx4AaABAg,hYahU_Cqwp8,@Madelyn-l6x,Bro the men in the elevator 😭,47,2026-07-22T21:27:53Z,MrBeast,Gaming,YouTube CEO Has A Surprise For Me,588030096,6484954,55906
UgyvDA3ZYAgAsFdHWZN4AaABAg,hYahU_Cqwp8,@CHARLYOUEDRAOGO-b8t,Tu est trop gentil ❤❤,3,2026-09-22T12:43:12Z,MrBeast,Gaming,YouTube CEO Has A Surprise For Me,588030096,6484954,55906
UgwWpiTg8FZLq04MsMh4AaABAg,hYahU_Cqwp8,@sarthakgaur9191,Again another ceo from india 😂😂😅,483,2026-06-08T01:13:35Z,MrBeast,Gaming,YouTube CEO Has A Surprise For Me,588030096,6484954,55906
UgxWlE9h65dFGuH0PCR4AaABAg,hYahU_Cqwp8,@ddeadstrand,пол миллиарда... Джимми -  легенда,51,2026-07-26T10:56:11Z,MrBeast,Gaming,YouTube CEO Has A Surprise For Me,588030096,6484954,55906
UgyKTa974HKadOc3Mnd4AaABAg,hYahU_Cqwp8,@SarojKumar-i8z8w,He entered  to office like he entered his home😂🎉,3,2026-09-23T12:30:43Z,MrBeast,Gaming,YouTube CEO Has A Surprise For Me,588030096,6484954,55906
UgwhUWEYrdp4h_AbmEd4AaABAg,hYahU_Cqwp8,@MidouAlaoui,Indien youtube where is indian mister beast😂 😂😂😂,56,2026-09-09T22:08:35Z,MrBeast,Gaming,YouTube CEO Has A Surprise For Me,588030096,6484954,55906
UgzLVHg6tjP39_QTBLJ4AaABAg,hYahU_Cqwp8,@streamz.vaults,Congrats Jimmy ❤,21,2026-07-11T23:21:08Z,MrBeast,Gaming,YouTube CEO Has A Surprise For Me,588030096,6484954,55906
Ugxl8PPVw7MLt43pdH94AaABAg,hYahU_Cqwp8,@AbizarGeming777,"You are so handsome, Mister Beast.",40,2026-06-22T06:30:03Z,MrBeast,Gaming,YouTube CEO Has A Surprise For Me,588030096,6484954,55906
UgzWgHi9lz3h4F2yWmt4AaABAg,hYahU_Cqwp8,@LamusinghParaste-j2t,Nice support hei ❤❤🎉🎉🎉❤❤,2,2026-09-24T08:10:21Z,MrBeast,Gaming,YouTube CEO Has A Surprise For Me,588030096,6484954,55906
Ugx70bz5Ge9efkrIUcV4AaABAg,hYahU_Cqwp8,@lwk_buns,shouldve been bunch of friends,53,2026-08-26T13:36:42Z,MrBeast,Gaming,YouTube CEO Has A Surprise For Me,588030096,6484954,55906
UgwQnZ3CTGrr1m9kZvZ4AaABAg,hYahU_Cqwp8,@gabrielrosariobeato8770,En la unica ocasión en la que un Ceo de You Tube menciono que se suscribieran al canal de algún you tuber fue este,25,2026-08-29T18:35:27Z,MrBeast,Gaming,YouTube CEO Has A Surprise For Me,588030096,6484954,55906
UgwEN0wugVFo9x9zwIR4AaABAg,hYahU_Cqwp8,@veXel_Editz9,"""Is it your birthday"" 
😂🎉😎",24,2026-09-10T05:14:03Z,MrBeast,Gaming,YouTube CEO Has A Surprise For Me,588030096,6484954,55906
UgzC-5QSHVBZAF0noUR4AaABAg,hYahU_Cqwp8,@JeyGianel,"MrBeast, dile a YouTube que me dé la placa y a mi hermana que está loca",1,2026-09-29T00:40:56Z,MrBeast,Gaming,YouTube CEO Has A Surprise For Me,588030096,6484954,55906
UgxZUb5GGKxlKdt4R0R4AaABAg,hYahU_Cqwp8,@mememememememememememememe,Jimmy is collabbing with smaller creators,151,2026-08-06T22:05:32Z,MrBeast,Gaming,YouTube CEO Has A Surprise For Me,588030096,6484954,55906
UgzICNMBDGkVmiWpf8x4AaABAg,hYahU_Cqwp8,@DerilSolder,Just want money 😭 and u are the quickest way of making it,42,2026-08-16T13:10:36Z,MrBeast,Gaming,YouTube CEO Has A Surprise For Me,588030096,6484954,55906
UgzGNCoP5N8GzMpomrB4AaABAg,hYahU_Cqwp8,@abdiahmed9531,"""You're handsome"" Was unexpected",148,2026-08-06T17:28:46Z,MrBeast,Gaming,YouTube CEO Has A Surprise For Me,588030096,6484954,55906
UgzlWFP7-Hyi1Wr_KaZ4AaABAg,hYahU_Cqwp8,@KeiLishLynn,"""I.. dont know"" 😭",1,2026-09-26T13:05:49Z,MrBeast,Gaming,YouTube CEO Has A Surprise For Me,588030096,6484954,55906
UgyLhJSiHDPzGUjJeG14AaABAg,hYahU_Cqwp8,@ChengyuMoviesii,Congratulations MR Jimmy 😊❤❤,32,2026-05-22T16:06:00Z,MrBeast,Gaming,YouTube CEO Has A Surprise For Me,588030096,6484954,55906
UgxAB6BFFTHXcTKJcvl4AaABAg,hYahU_Cqwp8,@E.K621,"""Cuz you are handsome""✌️😭✌️😂


Edit:-Guys... I didnt know I was going this much famius",652,2026-05-23T07:13:32Z,MrBeast,Gaming,YouTube CEO Has A Surprise For Me,588030096,6484954,55906
Ugwgi4ldjcUs1ogjK8p4AaABAg,hYahU_Cqwp8,@hishamMostafa-xc8vm,"I want to study in America, and I need the tuition to be fully funded. I've been following you since 2019, and I hope you see my comment because I really want to study in America. Please.",25,2026-09-13T13:46:51Z,MrBeast,Gaming,YouTube CEO Has A Surprise For Me,588030096,6484954,55906
Ugyk7Y0zx-H8fx3GXGN4AaABAg,hYahU_Cqwp8,@komalkumari-m8b3y,Mr means mere ko bhi sikhana hai paisa banana❤😢🎉,1,2026-09-23T08:55:16Z,MrBeast,Gaming,YouTube CEO Has A Surprise For Me,588030096,6484954,55906
UgzchzFi0R0X0q-jAM94AaABAg,hYahU_Cqwp8,@ККаралвл,And I thought it was Shaka Nile,33,2026-07-24T05:18:16Z,MrBeast,Gaming,YouTube CEO Has A Surprise For Me,588030096,6484954,55906
UgxXcN4ahel_hNdm2c54AaABAg,hYahU_Cqwp8,@Kh---080,"He said, ""Because you're handsome, that's very nice."" ❤",339,2026-05-22T16:07:09Z,MrBeast,Gaming,YouTube CEO Has A Surprise For Me,588030096,6484954,55906
UgyJahMJLhvBo4r2JcN4AaABAg,hYahU_Cqwp8,@ApexcoreX,"Neal only said ""we need to meet"", How did Jimmy know it's a suprise?",107,2026-07-31T10:09:19Z,MrBeast,Gaming,YouTube CEO Has A Surprise For Me,588030096,6484954,55906
UgwoTtn1T3D4-7rbolB4AaABAg,hYahU_Cqwp8,@RezzKYXZ,"Hello Mr. Beast, I am from Indonesia, I admire you",1,2026-09-26T12:04:31Z,MrBeast,Gaming,YouTube CEO Has A Surprise For Me,588030096,6484954,55906
UgxkwS4XlAyrWLl7bEl4AaABAg,hYahU_Cqwp8,@PankajLal-f1k,"यस थैंक यू जीसस प्राइस आमीन 🤍🤍,🫶🌹🙏🙌🙌✝️☦️💯 धन्यवाद ईश्वर 🙏",22,2026-08-06T06:12:35Z,MrBeast,Gaming,YouTube CEO Has A Surprise For Me,588030096,6484954,55906
Ugzh7bA22i8H1pZ5Kzl4AaABAg,hYahU_Cqwp8,@mohamedqosai-m3p,Guys 10m left u can do this,131,2026-05-24T16:42:19Z,MrBeast,Gaming,YouTube CEO Has A Surprise For Me,588030096,6484954,55906
UgwirSBEmHh6WhiD2954AaABAg,hYahU_Cqwp8,@Jjkkee88,Who is here after 500 million nice job jimmy,303,2026-06-13T03:20:19Z,MrBeast,Gaming,YouTube CEO Has A Surprise For Me,588030096,6484954,55906
UgzeDZGUHWuT0blRoZ94AaABAg,hYahU_Cqwp8,@TechShovan,New youtuber 🎉❤,1,2026-09-26T15:48:11Z,MrBeast,Gaming,YouTube CEO Has A Surprise For Me,588030096,6484954,55906
UgxPe4j5E6XPqrcoF2l4AaABAg,hYahU_Cqwp8,@KamalHusinjadeofficial,Congratulations 🍾🎉🎊 Mr beast 500 million subscribers ❤,11,2026-05-23T23:40:06Z,MrBeast,Gaming,YouTube CEO Has A Surprise For Me,588030096,6484954,55906
UgxLuKDh7LMMhW2FXX14AaABAg,hYahU_Cqwp8,@millie_eyekon_katseye.ৎ,NOW 500 MILLION,183,2026-06-14T21:24:45Z,MrBeast,Gaming,YouTube CEO Has A Surprise For Me,588030096,6484954,55906
Ugxr7x49efnfwQVz-bd4AaABAg,hYahU_Cqwp8,@violetkittykatgirl,COME ON GUYS!! He's almost at 500M!,207,2026-05-22T16:08:49Z,MrBeast,Gaming,YouTube CEO Has A Surprise For Me,588030096,6484954,55906
UgyWtiynXsGGsq59QjB4AaABAg,hYahU_Cqwp8,@banojnirala857,Thanx to 42 subscribers 🎉🎉,0,2026-09-30T06:36:10Z,MrBeast,Gaming,YouTube CEO Has A Surprise For Me,588030096,6484954,55906
UgzqdMWLHLiib7yhExF4AaABAg,hYahU_Cqwp8,@EarthAngel-b5d9e,اللّهم يا فارج الهم يسر لي أمري و أرحم ضعفي و قلة حيرتي و إرزقني من حيث لا أحتسب يا رب العالمين اللّهم صلى و سلم و بارك على محمد صلى اللّه عليه و سلم ❤,25,2026-08-17T12:50:55Z,MrBeast,Gaming,YouTube CEO Has A Surprise For Me,588030096,6484954,55906
Ugy1E0R9KjKR9Vk2U0N4AaABAg,hYahU_Cqwp8,@Kyliestrawberry685,"""Because your handsome"" is crazy😂",56,2026-09-02T16:06:46Z,MrBeast,Gaming,YouTube CEO Has A Surprise For Me,588030096,6484954,55906
Ugx3wtRMeDE1O27Gfr94AaABAg,hYahU_Cqwp8,@kingmalikbooy2568,So nice of jimmy to collab with small content creators ❤,84,2026-08-11T17:52:36Z,MrBeast,Gaming,YouTube CEO Has A Surprise For Me,588030096,6484954,55906
Ugypj_uxK5vvjiF-Z_54AaABAg,hYahU_Cqwp8,@nuriamartinezcarrion1417,Mr Bean ya tiene los 500 millones,1,2026-09-26T15:57:39Z,MrBeast,Gaming,YouTube CEO Has A Surprise For Me,588030096,6484954,55906
Ugz__eCeJtd_BxaFxOt4AaABAg,hYahU_Cqwp8,@ZaryabCreator,"""Love how Jimmy always lifts up small creators! 🚀""",12,2026-07-23T13:53:21Z,MrBeast,Gaming,YouTube CEO Has A Surprise For Me,588030096,6484954,55906
UgzE-cVhHdKzUhEkR1B4AaABAg,hYahU_Cqwp8,@Aranasworld24,Wonderful 🎉,29,2026-08-07T05:47:10Z,MrBeast,Gaming,YouTube CEO Has A Surprise For Me,588030096,6484954,55906
UgwQqmIM0YdcP7Vs7ut4AaABAg,hYahU_Cqwp8,@pujaraniMarndi89.0,thankyou for YouTube family 3keep supporting guys 🙏🙏,15,2026-09-16T11:20:24Z,MrBeast,Gaming,YouTube CEO Has A Surprise For Me,588030096,6484954,55906
UgwtsAaN9VHqqpbmyRJ4AaABAg,hYahU_Cqwp8,@D.kkushwahKushwah,India aao bhai ❤❤❤❤,1,2026-09-26T16:41:44Z,MrBeast,Gaming,YouTube CEO Has A Surprise For Me,588030096,6484954,55906
Ugz10L5lXfe4WHpuGJF4AaABAg,hYahU_Cqwp8,@AryanKumar-x4s2u,Congratulations for 500million,82,2026-05-22T16:01:14Z,MrBeast,Gaming,YouTube CEO Has A Surprise For Me,588030096,6484954,55906
Ugwskugdd8LsDW5fcVR4AaABAg,hYahU_Cqwp8,@aquaticcalvin888,Bro is collecting infinity stones every month 😭,200,2026-05-23T02:05:32Z,MrBeast,Gaming,YouTube CEO Has A Surprise For Me,588030096,6484954,55906
UgxvRCJShiSWxtLPR6Z4AaABAg,hYahU_Cqwp8,@RollingInGames-,"Saying he’s close to something and he is 11,000,000 away is kind of crazy",377,2026-05-23T22:28:29Z,MrBeast,Gaming,YouTube CEO Has A Surprise For Me,588030096,6484954,55906
UgyshI08x8mDF9L9xxN4AaABAg,hYahU_Cqwp8,@D.kkushwahKushwah,Bolo na Bhai ❤❤❤❤ bhai mere ko bhi apane sath le lo,2,2026-09-26T16:42:03Z,MrBeast,Gaming,YouTube CEO Has A Surprise For Me,588030096,6484954,55906
Ugx8dQEw7yXNlMIxvWR4AaABAg,hCuqh2NU2Yg,@MrBeast,The boys understood the assignment,30389,2026-05-12T15:59:05Z,MrBeast,Gaming,World's Fastest Date,516527081,6863328,24805
UgziM13zPKr_jQZe4sd4AaABAg,hCuqh2NU2Yg,@PabbaVaishnavi-w7o,Bro made dating look like a challenge video 😭,23513,2026-05-12T16:26:02Z,MrBeast,Gaming,World's Fastest Date,516527081,6863328,24805
UgzOh9-bPJ3O6af9zLp4AaABAg,hCuqh2NU2Yg,@LineHolmstrøm-r2x,Date❌ before mom comes home✅,3511,2026-07-09T15:19:12Z,MrBeast,Gaming,World's Fastest Date,516527081,6863328,24805
UgzogrfKsIzW44JQQOV4AaABAg,hCuqh2NU2Yg,@thedislike4444,UNLOCK THAT DOOR,59,2026-09-20T12:52:50Z,MrBeast,Gaming,World's Fastest Date,516527081,6863328,24805
UgzrQOAuqLw2AoJEBKN4AaABAg,hCuqh2NU2Yg,@VaradG-08,"We want 
1$ wedding  VS   1,000,000$ wedding",6777,2026-05-12T16:08:52Z,MrBeast,Gaming,World's Fastest Date,516527081,6863328,24805
UgyaheFKUAeHzcd2Myt4AaABAg,hCuqh2NU2Yg,@TheStrongHurricane,*Sponsored by **_Daniel LaBelle_*,9618,2026-05-12T18:23:31Z,MrBeast,Gaming,World's Fastest Date,516527081,6863328,24805
Ugy1YEzWAadegeqrXrh4AaABAg,hCuqh2NU2Yg,@GenelynMacaraeg-d5k,"A romantic date ❌
 Speed race ✔️ 
 
BRO DOING RACING NOT DATE 😂",2656,2026-05-12T16:41:12Z,MrBeast,Gaming,World's Fastest Date,516527081,6863328,24805
Ugy4Zod2JAEoliVQaBd4AaABAg,hCuqh2NU2Yg,@PH4NT0M-n5n,I wasn't thinking Mr beast will do a Speedrun,7,2026-09-17T14:20:53Z,MrBeast,Gaming,World's Fastest Date,516527081,6863328,24805
UgwaqrvfpV8_NU8stt54AaABAg,hCuqh2NU2Yg,@ss3tu,10$ Date Speedrun VS 1M$ Date Speedrun😭🙏🏻🥀,1517,2026-05-12T16:07:41Z,MrBeast,Gaming,World's Fastest Date,516527081,6863328,24805
UgywX8eQB1TnsUJUDcx4AaABAg,hCuqh2NU2Yg,@BillyBob-w4t,99+ missed calls from Daniel laBelle,435,2026-07-16T03:58:06Z,MrBeast,Gaming,World's Fastest Date,516527081,6863328,24805
UgzmfX6EKLaUH3yke8l4AaABAg,hCuqh2NU2Yg,@Coolman5283-e4z,Bro really placed two controllers in the bin,0,2026-09-30T04:19:14Z,MrBeast,Gaming,World's Fastest Date,516527081,6863328,24805
Ugzw6fD0PDoKb2CoEnV4AaABAg,hCuqh2NU2Yg,@LebronJames-q9r5c,Now that he has 500 millions we better know what’s behind the door,216,2026-07-22T23:10:46Z,MrBeast,Gaming,World's Fastest Date,516527081,6863328,24805
UgzScvvRO6vMA1Lx60J4AaABAg,hCuqh2NU2Yg,@ishangaur.official,"I am waiting for ""1$ wedding v/s 1million $ wedding""💀",570,2026-05-12T16:35:38Z,MrBeast,Gaming,World's Fastest Date,516527081,6863328,24805
UgwRJ0AOWbiGyBmhc3F4AaABAg,hCuqh2NU2Yg,@D1v1loxa,True friends let you down when they feel it's necessary.😂,155,2026-07-31T16:59:48Z,MrBeast,Gaming,World's Fastest Date,516527081,6863328,24805
Ugy3M7P4Kc0iKw2aRWt4AaABAg,hCuqh2NU2Yg,@KajalGharat-q8b,Bro is sad😢😢😢,1,2026-09-30T11:46:46Z,MrBeast,Gaming,World's Fastest Date,516527081,6863328,24805
UgxWTENNgSh2OoiMZqN4AaABAg,hCuqh2NU2Yg,@wozy-vr,Nah this speed is when you haven’t done your homework and your moms almost home,11,2026-09-04T11:08:40Z,MrBeast,Gaming,World's Fastest Date,516527081,6863328,24805
UgyX4TkdxUoyMW70tEd4AaABAg,hCuqh2NU2Yg,@KellanMeyer,Obviously they didn't understand the assignment at the end😂,581,2026-05-12T16:01:47Z,MrBeast,Gaming,World's Fastest Date,516527081,6863328,24805
UgzlJ_kI2tAli3nfqdt4AaABAg,hCuqh2NU2Yg,@thewayofislam-two,why is no one talking abt how he threw the prime bottle in to the trash😭😭,115,2026-08-05T17:34:05Z,MrBeast,Gaming,World's Fastest Date,516527081,6863328,24805
Ugy7c9temtPYHfIiw5t4AaABAg,hCuqh2NU2Yg,@MorganGar,"Fastest ❌ 
Most chaotic ✅",0,2026-09-29T12:51:54Z,MrBeast,Gaming,World's Fastest Date,516527081,6863328,24805
Ugz4Up4tl14R0ZkB7vB4AaABAg,hCuqh2NU2Yg,@JoshcHICKIN,Nolan at the end is killing me😂😂😂,62,2026-08-25T00:50:40Z,MrBeast,Gaming,World's Fastest Date,516527081,6863328,24805
UgxfRKKz7b3HCzguoNB4AaABAg,hCuqh2NU2Yg,@iLoveLiverpool73-v7c,99999+ missed calls from DanielLabelle,5,2026-08-18T12:24:20Z,MrBeast,Gaming,World's Fastest Date,516527081,6863328,24805
Ugz8qSZxsMwwaaqpvY14AaABAg,hCuqh2NU2Yg,@TNRMD,Successfully failed 😂✅,460,2026-05-13T05:27:02Z,MrBeast,Gaming,World's Fastest Date,516527081,6863328,24805
UgxwMw3uLyMvHqdXBEd4AaABAg,hCuqh2NU2Yg,@Nanosika1,Boys are done their work perfectly,4,2026-07-21T10:17:52Z,MrBeast,Gaming,World's Fastest Date,516527081,6863328,24805
Ugz0_7Feb9Sv1QAYtpN4AaABAg,hCuqh2NU2Yg,@The_Dark_lord01,The sheer elegance of Tareq scattering flower petals... It’s peak cinema. Give that man an Oscar😂😂,159,2026-05-13T15:01:35Z,MrBeast,Gaming,World's Fastest Date,516527081,6863328,24805
UgxNaKZGXLjGVOmYHpZ4AaABAg,hCuqh2NU2Yg,@ClipVerse_369,"Jimmy 😂😂, mission failed successfully 😂",320,2026-05-13T10:42:03Z,MrBeast,Gaming,World's Fastest Date,516527081,6863328,24805
UgweN0to_nW8_QMDK354AaABAg,hCuqh2NU2Yg,@DEditz98,FIX MOJANG BEDROCK,1,2026-09-28T22:59:02Z,MrBeast,Gaming,World's Fastest Date,516527081,6863328,24805
UgzD5Vtll9x13gVZ_Px4AaABAg,hCuqh2NU2Yg,@TheMelenium,we want a cheap vs expensive date with mrsbeast,65,2026-08-18T02:17:14Z,MrBeast,Gaming,World's Fastest Date,516527081,6863328,24805
UgzHNzIvRFH7f4gzrJx4AaABAg,hCuqh2NU2Yg,@TheRealPup,"you reached 500M subs, whats behind that door?",187,2026-06-14T18:33:55Z,MrBeast,Gaming,World's Fastest Date,516527081,6863328,24805
UgxAUFcw0esbtL9hgG94AaABAg,hCuqh2NU2Yg,@Hat_Playz,last to leave the date wins a brand new house,4,2026-08-25T21:40:23Z,MrBeast,Gaming,World's Fastest Date,516527081,6863328,24805
UgxG4E-b_8gKJzU2dIh4AaABAg,hCuqh2NU2Yg,@omarcreator23,This short is oddly reminiscent of his deleted youtube video where he surprised his then girlfriend maddy spidell who is ofcourse now his ex-girlfriend,4,2026-09-06T15:02:19Z,MrBeast,Gaming,World's Fastest Date,516527081,6863328,24805
Ugwkj2X4e16XyiIwCQ54AaABAg,hCuqh2NU2Yg,@genjisgenz6218,Fast and ferrous...❤😂 mr beast and his friends 🎉,74,2026-05-12T17:15:13Z,MrBeast,Gaming,World's Fastest Date,516527081,6863328,24805
UgwVYiNz_4R-JzmPRPx4AaABAg,hCuqh2NU2Yg,@Alien_Chiken,"""unlocks at 500 million"" suspicious door guys",103,2026-05-15T07:11:38Z,MrBeast,Gaming,World's Fastest Date,516527081,6863328,24805
UgzGmSekjcVGXJfpEtd4AaABAg,hCuqh2NU2Yg,@Rajakumar-pkp,Mrbeast last mein pakda Gaya❤❤,10,2026-05-18T08:55:55Z,MrBeast,Gaming,World's Fastest Date,516527081,6863328,24805
UgyWmsJs1dgarxantXd4AaABAg,hCuqh2NU2Yg,@Big_Softie,I love how they spent all that effort on the room and then Jimmy just greets her in his socks.,989,2026-05-12T19:47:31Z,MrBeast,Gaming,World's Fastest Date,516527081,6863328,24805
Ugzl1p7BkhzEFHKyrd54AaABAg,hCuqh2NU2Yg,@BrijeshSingh-ro4kp,Prime in dustbin is too personal 😅,2,2026-09-19T04:59:38Z,MrBeast,Gaming,World's Fastest Date,516527081,6863328,24805
Ugyr2Dp8Q-Q7oJ8MKgB4AaABAg,hCuqh2NU2Yg,@UchihAEEditz,"Her - oh u were all alone ??
Him - yeah",6,2026-07-24T18:19:44Z,MrBeast,Gaming,World's Fastest Date,516527081,6863328,24805
Ugxj6kmD3ohH46emB8V4AaABAg,hCuqh2NU2Yg,@JARBros,Throwing the Prime in the trash is crazy,480,2026-05-12T17:02:53Z,MrBeast,Gaming,World's Fastest Date,516527081,6863328,24805
UgzLcaRZ21oRO4_xdfl4AaABAg,hCuqh2NU2Yg,@NRD_BLOX,Bro is speed running,81,2026-05-12T16:12:25Z,MrBeast,Gaming,World's Fastest Date,516527081,6863328,24805
Ugwpszm7rRdkC798xQ14AaABAg,hCuqh2NU2Yg,@pujadutta7102,Bro sent prime bottle the place it should be 😂😂,3,2026-09-18T09:00:06Z,MrBeast,Gaming,World's Fastest Date,516527081,6863328,24805
UgxQPmJnIjQ5UqX6ZRh4AaABAg,hCuqh2NU2Yg,@onerandomgamer-1,Bro will do anything for her,49,2026-05-12T16:01:08Z,MrBeast,Gaming,World's Fastest Date,516527081,6863328,24805
UgwPqal2Zd90EdYl1bV4AaABAg,hCuqh2NU2Yg,@EDITORS_TOP,Speedrunning dates,118,2026-05-12T16:05:59Z,MrBeast,Gaming,World's Fastest Date,516527081,6863328,24805
Ugya5Uxr3n5v29nVECp4AaABAg,hCuqh2NU2Yg,@CandelightEdits,Not only you were fast ‚ but she also took 10 business days to come to the door 😂,38,2026-05-12T16:29:51Z,MrBeast,Gaming,World's Fastest Date,516527081,6863328,24805
UgwJskaUq3WzkgZ5LWl4AaABAg,hCuqh2NU2Yg,@Romyferareza-q3m,Mr beast is speed running for his girlfriend,1,2026-09-19T11:24:42Z,MrBeast,Gaming,World's Fastest Date,516527081,6863328,24805
UgzMoZRWWfR8GflbIKd4AaABAg,hCuqh2NU2Yg,@OKIEbros,Cough Daniel labelle cough cough,38,2026-05-12T20:52:51Z,MrBeast,Gaming,World's Fastest Date,516527081,6863328,24805
Ugx3lCqsA3Gn8yndzwV4AaABAg,hCuqh2NU2Yg,@Florence-j3n1q,MR BEAST brings the feastables to Africa!!!,71,2026-05-17T12:09:37Z,MrBeast,Gaming,World's Fastest Date,516527081,6863328,24805
UgzrbIE2n0qOhm2yzWR4AaABAg,hCuqh2NU2Yg,@appoorve,Throwing PRIME in the trash is wild,31,2026-05-13T00:21:15Z,MrBeast,Gaming,World's Fastest Date,516527081,6863328,24805
Ugz7AV4oAOQFVLugnFR4AaABAg,hCuqh2NU2Yg,@C.ZG5,بيت كبير لكن النهايه مشكله😂,1,2026-09-27T23:20:38Z,MrBeast,Gaming,World's Fastest Date,516527081,6863328,24805
UgwgP8B10LS-Imndkp94AaABAg,hCuqh2NU2Yg,@Accelerok,"Fastest date: ❌
Fastest clean for date: ✅",22,2026-05-12T16:05:57Z,MrBeast,Gaming,World's Fastest Date,516527081,6863328,24805
Ugzh1yrq_ilgYvuWH8d4AaABAg,hCuqh2NU2Yg,@Wozzy725,"what could possibly be behind that ""open at 500 million"" door😭😭",68,2026-07-13T00:57:05Z,MrBeast,Gaming,World's Fastest Date,516527081,6863328,24805
UgyMopNmu8Mxaql_6pV4AaABAg,hCuqh2NU2Yg,@vrindagoswami1028,Daniel Labelle laughing in the corner 😂,6,2026-06-05T16:11:05Z,MrBeast,Gaming,World's Fastest Date,516527081,6863328,24805
UgyAq8ui9rG5zE-DHbh4AaABAg,hCuqh2NU2Yg,@Tanxg,"When will the door be opened, it was 500 million.",3,2026-09-10T11:18:46Z,MrBeast,Gaming,World's Fastest Date,516527081,6863328,24805
UgxvW9QOz5YaUBTtk_B4AaABAg,hCuqh2NU2Yg,@yara908,He made dating look harder than any challenge we’ve ever seen in our whole lives 💀😭,98,2026-05-13T16:53:44Z,MrBeast,Gaming,World's Fastest Date,516527081,6863328,24805
UgzBGgGNnxE2MIQ_MwN4AaABAg,hCuqh2NU2Yg,@ONLY_FF_GAMING.18,PRIME IN DUSTBIN 😂,75,2026-05-13T05:36:09Z,MrBeast,Gaming,World's Fastest Date,516527081,6863328,24805
Ugzp4Yl_W-XdCxoe88h4AaABAg,hCuqh2NU2Yg,@JoaquinChandler2,"anybody else see the ""unlocks at 500 million sign?""",263,2026-05-13T00:03:58Z,MrBeast,Gaming,World's Fastest Date,516527081,6863328,24805
UgwabbUJYWkJTkjMAZp4AaABAg,hCuqh2NU2Yg,@mavon-j5s,Yeah they understood the assignment,0,2026-09-23T21:10:01Z,MrBeast,Gaming,World's Fastest Date,516527081,6863328,24805
Ugw5PeVcjU_Jpcj4z_V4AaABAg,hCuqh2NU2Yg,@JohnEEGaming,"Did anyone else notice the door that says
“Will unlock at 500M” 😂😅🤔",270,2026-05-13T21:37:42Z,MrBeast,Gaming,World's Fastest Date,516527081,6863328,24805
UgwZI0TYhiWNqD8ZwAZ4AaABAg,hCuqh2NU2Yg,@SolomonButler-w7g4u,Ur date took quite long to walk to the door,200,2026-05-12T16:00:42Z,MrBeast,Gaming,World's Fastest Date,516527081,6863328,24805
UgxJoYUzM-oQNbASgmd4AaABAg,hCuqh2NU2Yg,@DanHakimiHD,They had one job.,106,2026-05-12T19:26:39Z,MrBeast,Gaming,World's Fastest Date,516527081,6863328,24805
UgxcR5vnh4vyBrng_Vt4AaABAg,hCuqh2NU2Yg,@mustafaistanbul34,Slm mrbeast  senin bütün videoları izledim YouTube ta digerlerine para olmadığından bakamadım bana da 50 bin dolar atsan çocukların okul ihtiyaçları için atmasanda seni seviyoruz kankaaa,1,2026-09-13T15:10:47Z,MrBeast,Gaming,World's Fastest Date,516527081,6863328,24805
UgzPy9e1LuwRLd2upQp4AaABAg,hCuqh2NU2Yg,@SebSeeks,speedrunning dates.. u got it 😭😂,227,2026-05-12T16:00:47Z,MrBeast,Gaming,World's Fastest Date,516527081,6863328,24805
Ugwc0T1Q_GL7ZCzZcRB4AaABAg,hCuqh2NU2Yg,@Toufik-0123,Happy Birthday Mr Beast 🎉,11,2026-05-12T16:08:50Z,MrBeast,Gaming,World's Fastest Date,516527081,6863328,24805
UgyUZ0qpGwePELbj0YV4AaABAg,hCuqh2NU2Yg,@soledadquiroga8073,Ese soy yo cuando mi papá llega y me quedo dormido,32,2026-05-20T23:39:13Z,MrBeast,Gaming,World's Fastest Date,516527081,6863328,24805
Ugw8L4cLq46jjhBaypp4AaABAg,hCuqh2NU2Yg,@ChamanSingh-l3w,"Ohho, you will have to accept your strength brother. 😊😊😊😊",1,2026-09-06T08:43:15Z,MrBeast,Gaming,World's Fastest Date,516527081,6863328,24805
UgzTikl8xbjktkIKhfx4AaABAg,hCuqh2NU2Yg,@TheMT-w5e3e,"Last mai sab kharab kar diya, 😂😂😂",63,2026-05-24T19:01:57Z,MrBeast,Gaming,World's Fastest Date,516527081,6863328,24805
Ugyzz8kEA8np3puxIWd4AaABAg,hCuqh2NU2Yg,@ErorrLol-r4p,It's just wonderful when you have friends like that.,53,2026-06-09T01:39:42Z,MrBeast,Gaming,World's Fastest Date,516527081,6863328,24805
UgzfTyZhxlEPLUq6csR4AaABAg,hCuqh2NU2Yg,@JhonFreysnelCadenas,Its time to unlock the 500 Million Sub red door!!!,54,2026-07-03T01:03:10Z,MrBeast,Gaming,World's Fastest Date,516527081,6863328,24805
Ugx-k-RBwRT-YZVa5Ix4AaABAg,hCuqh2NU2Yg,@Александр-ф2с-н6г,"Mother: Have you done your chores?
Me: yes mom...",1,2026-09-04T20:35:01Z,MrBeast,Gaming,World's Fastest Date,516527081,6863328,24805
Ugz8rMkZs3lHDeslqFR4AaABAg,hCuqh2NU2Yg,@Endrixmc-14,"""Worldest fastest date vs worldest slowest date""",23,2026-05-13T10:37:37Z,MrBeast,Gaming,World's Fastest Date,516527081,6863328,24805
UgwL2qn_EwdXhUUYB1R4AaABAg,hCuqh2NU2Yg,@LamjahenHangshing-m1b,May be this is the 1st reel in my life that make me to laugh loud at the end.,16,2026-08-13T02:29:45Z,MrBeast,Gaming,World's Fastest Date,516527081,6863328,24805
UgyBxMw_QUup7u4Z-kB4AaABAg,hCuqh2NU2Yg,@August-b3c,Bro just casually just throws away two Xbox controllers like there nothing,51,2026-06-04T13:46:29Z,MrBeast,Gaming,World's Fastest Date,516527081,6863328,24805
UgwYEce3akG6xJjMATx4AaABAg,hCuqh2NU2Yg,@MelodyRBX_Editzz,The kisssss❤ so romantic people me erm that’s cute but not my type yall,1,2026-09-21T00:52:06Z,MrBeast,Gaming,World's Fastest Date,516527081,6863328,24805
UgzZIqv-nMMOszUVls14AaABAg,hCuqh2NU2Yg,@AN_explorer1,Finally they did thier job😂,95,2026-05-16T08:07:42Z,MrBeast,Gaming,World's Fastest Date,516527081,6863328,24805
UgyTbgGNtMdbR0TCFK14AaABAg,hCuqh2NU2Yg,@QuiteRandomYT,"Bro is on a date ❎
Bro is on a speedrun date ✅",27,2026-05-12T16:14:44Z,MrBeast,Gaming,World's Fastest Date,516527081,6863328,24805
UgywIk0fTGlJKArKWIl4AaABAg,hCuqh2NU2Yg,@M-s8k,"Casual Feastables, casual misterios red door, casual 500 million subs sing...",18,2026-05-15T11:44:31Z,MrBeast,Gaming,World's Fastest Date,516527081,6863328,24805
UgzA6zrifwo0y9NbXmd4AaABAg,hCuqh2NU2Yg,@TANTICLOX,I am waiting for the 500m sub door🥶,1,2026-09-19T10:51:13Z,MrBeast,Gaming,World's Fastest Date,516527081,6863328,24805
Ugwu7cwJUw8CmL5xWt54AaABAg,gar4U3n-ILY,@MrBeast,25 had too much fun with this,67621,2026-02-09T16:56:22Z,MrBeast,Gaming,Guess What Age Punched You,515406878,6410178,36870
UgyITUZd5uvMGYcFdSp4AaABAg,gar4U3n-ILY,@FR_black,"I expected to hear that from kids, but not to hear Jimmy's 67.",27395,2026-02-09T18:20:05Z,MrBeast,Gaming,Guess What Age Punched You,515406878,6410178,36870
Ugzai3Rbsrde3nu1wMV4AaABAg,gar4U3n-ILY,@markshubin_author,"1968: I shot Andy Warhol

2026: I punched Mr.Beast",1823,2026-07-26T18:54:24Z,MrBeast,Gaming,Guess What Age Punched You,515406878,6410178,36870
UgzU7O6NpRalB9HgcA14AaABAg,gar4U3n-ILY,@abhiramc5499,The last kid used 100 percent of his brain,319,2026-09-12T08:22:18Z,MrBeast,Gaming,Guess What Age Punched You,515406878,6410178,36870
Ugy33ERDCNWtr1UoPA94AaABAg,gar4U3n-ILY,@NickolasEngel,"The 13-year-old throw to himself, ""If I don't hit him hard, maybe he'll give me ten thousand dollars.""",13941,2026-02-09T22:05:16Z,MrBeast,Gaming,Guess What Age Punched You,515406878,6410178,36870
UgxORSqTE_i1NE1cub94AaABAg,gar4U3n-ILY,@3uroL1ght,"The last kid was so smart. Instead of punching him hard, he punched him with 1% power to make Jimmy think he got punched by an old or baby person.",714,2026-07-04T09:44:34Z,MrBeast,Gaming,Guess What Age Punched You,515406878,6410178,36870
UgwI_c3Zd7pVEiIXh9d4AaABAg,gar4U3n-ILY,@axiomyy,"The 25 year old hit her as if Mr. Beast had said he wouldn't give her $1,000.",2139,2026-02-12T19:48:28Z,MrBeast,Gaming,Guess What Age Punched You,515406878,6410178,36870
UgzkQOGA55K_gxIfAjB4AaABAg,gar4U3n-ILY,@lucy-b1y,Theoretically if anyone brutally punched him and he was declared in a coma or (dead but I don’t flow that way) they could all statistically knock out the guards take the money and run because the gap between them like possibly if there’s somehow 3 guards going after 20 individuals but all the different variables in this situation make the Mr beast paradox very unrealistic to all degrees,31,2026-09-08T13:25:58Z,MrBeast,Gaming,Guess What Age Punched You,515406878,6410178,36870
Ugw4_X7uqAGZzLkaqpR4AaABAg,gar4U3n-ILY,@M-s8k,25 took full advantage of the opportunity 😂😂😂,3632,2026-02-09T20:26:11Z,MrBeast,Gaming,Guess What Age Punched You,515406878,6410178,36870
Ugy5uIcnUcsD6GeDS314AaABAg,gar4U3n-ILY,@iamhooman-k7q,That 25 year old girl just punched the billionaire so hard that too straight to the heart 😳,313,2026-07-18T11:59:40Z,MrBeast,Gaming,Guess What Age Punched You,515406878,6410178,36870
Ugxd4eUsVxTRW5sgPMh4AaABAg,gar4U3n-ILY,@AidentheGorilla,The grandpa in the background when number 67 did her punch: 👁️🫦👁️,214,2026-08-02T15:53:55Z,MrBeast,Gaming,Guess What Age Punched You,515406878,6410178,36870
UgwIUnYcFpQSd73ApN54AaABAg,gar4U3n-ILY,@MaribRblx7,the 13 year old had every villain arc to hit that faster than ragebaiting over roblox!,3,2026-09-27T10:34:55Z,MrBeast,Gaming,Guess What Age Punched You,515406878,6410178,36870
UgwFxzCw_byvAYClfxp4AaABAg,gar4U3n-ILY,@maradanz6871,"For you information, that 99 year old, saw the Great Depression, and WW2..",451,2026-06-26T17:12:41Z,MrBeast,Gaming,Guess What Age Punched You,515406878,6410178,36870
UgyPSAy5RWv-tzk8h4F4AaABAg,gar4U3n-ILY,@YlizaKim,I think the last one just don't want to hurt you that much,113,2026-07-24T11:18:07Z,MrBeast,Gaming,Guess What Age Punched You,515406878,6410178,36870
UgwvmvjhYiLPaWiNs5l4AaABAg,gar4U3n-ILY,@chhandoexplains,Top level content creator with humanity ❤,13,2026-09-01T13:21:10Z,MrBeast,Gaming,Guess What Age Punched You,515406878,6410178,36870
Ugzl1b4rn9XjAhi4iWZ4AaABAg,gar4U3n-ILY,@Rimsonl_TheQuestLover,"""U could be really old or really Old""",2,2026-09-26T12:18:29Z,MrBeast,Gaming,Guess What Age Punched You,515406878,6410178,36870
Ugygsja6eAQTEwRCz1Z4AaABAg,gar4U3n-ILY,@Forean_Fane,"I saw 67
Sighed.
Went to the comments.
Breathed out a sigh of relief.",58,2026-08-10T10:29:41Z,MrBeast,Gaming,Guess What Age Punched You,515406878,6410178,36870
UgzlWMpFxFxRePtsqZ94AaABAg,gar4U3n-ILY,@SamanthaLeggiadro,"""You could be eaither be really old or really old""
Jimmy's lines",179,2026-06-15T21:10:48Z,MrBeast,Gaming,Guess What Age Punched You,515406878,6410178,36870
UgwrAO6gHVErQidfnXl4AaABAg,gar4U3n-ILY,@Mari-OOO_BS,bro i could see the regret in 25 eyes 😭,1114,2026-02-09T17:02:49Z,MrBeast,Gaming,Guess What Age Punched You,515406878,6410178,36870
UgxMXzKM5PFYWOYUAWN4AaABAg,gar4U3n-ILY,@Jeannot_bs,Mrs son 😂 the last,3,2026-09-27T14:09:50Z,MrBeast,Gaming,Guess What Age Punched You,515406878,6410178,36870
UgwY4Vc7d_hy-f1p6GZ4AaABAg,gar4U3n-ILY,@hasanbarho-l8d,I expected to hear that from kids but not to hear Jimmiy's 67,616,2026-02-10T20:08:15Z,MrBeast,Gaming,Guess What Age Punched You,515406878,6410178,36870
UgyGVVgvzFJox7Gu-QV4AaABAg,gar4U3n-ILY,@Yueve43,They just didn't want to hurt him.,116,2026-04-02T14:19:37Z,MrBeast,Gaming,Guess What Age Punched You,515406878,6410178,36870
Ugw2_x25v9JW3L8PL814AaABAg,gar4U3n-ILY,@devran53Brş,expected to hear that from Kiss but not to hear Jimmy's 67.,88,2026-08-29T23:08:45Z,MrBeast,Gaming,Guess What Age Punched You,515406878,6410178,36870
UgztKaWDMxbJ25jpoDB4AaABAg,gar4U3n-ILY,@Imanorangethatisorange,Last one had manipulation tactic lol,1,2026-09-26T11:38:26Z,MrBeast,Gaming,Guess What Age Punched You,515406878,6410178,36870
Ugx1a-0unTrfRHskHmV4AaABAg,gar4U3n-ILY,@ShortySquads963,This 8-year-old child has been in a good manner with everybody related,45,2026-08-20T07:51:01Z,MrBeast,Gaming,Guess What Age Punched You,515406878,6410178,36870
UgwZ9SAsfTK36YBLtvh4AaABAg,gar4U3n-ILY,@JOSEMIGUELROAHUESCA-p9v,The boy of 13 old is strategy brother,644,2026-02-10T03:21:51Z,MrBeast,Gaming,Guess What Age Punched You,515406878,6410178,36870
UgyKsy5xv_nxgmrBAD14AaABAg,gar4U3n-ILY,@lucky_cat666,"""Bro really thought a 13-year-old was a century old. That kid is never going to recover.""😂😂",602,2026-02-09T17:28:09Z,MrBeast,Gaming,Guess What Age Punched You,515406878,6410178,36870
UgySo8BnPJB3ga0bfcF4AaABAg,gar4U3n-ILY,@zestyshortzzz,99 years turn into 8 years 😅,2,2026-09-21T17:19:53Z,MrBeast,Gaming,Guess What Age Punched You,515406878,6410178,36870
UgyLlkNye2wGZsptqKl4AaABAg,gar4U3n-ILY,@chippydino_123,67 got so happy when he thought 40,74,2026-07-26T17:16:18Z,MrBeast,Gaming,Guess What Age Punched You,515406878,6410178,36870
Ugz1FetDfruzzdE43cp4AaABAg,gar4U3n-ILY,@diddykid9838,Gangsta granny chilling there with the boxing gloves.,197,2026-02-10T10:06:31Z,MrBeast,Gaming,Guess What Age Punched You,515406878,6410178,36870
UgxWPF-Wp7KYzO_KRPd4AaABAg,gar4U3n-ILY,@MAGITEOT,"-Mr beast says 67
-*sigh*
-*checking the comments*",447,2026-04-03T20:07:54Z,MrBeast,Gaming,Guess What Age Punched You,515406878,6410178,36870
Ugz8CK1dJ-wB_FnyJFx4AaABAg,gar4U3n-ILY,@sickashorts,25 punch really hit harrddd😅😅😅😅,2,2026-09-13T11:36:06Z,MrBeast,Gaming,Guess What Age Punched You,515406878,6410178,36870
UgwUlh-Ovw9f1fzrDTB4AaABAg,gar4U3n-ILY,@DBisnice,Who saw 90 years old grandpa reaction😂,97,2026-08-15T09:57:08Z,MrBeast,Gaming,Guess What Age Punched You,515406878,6410178,36870
UgxOuMgY_to4gKAlk9p4AaABAg,gar4U3n-ILY,@leonardosotelo3632,The 25 hit him with enthusiasm,37,2026-03-09T19:34:15Z,MrBeast,Gaming,Guess What Age Punched You,515406878,6410178,36870
UgwGLChf9LOVSk5i0oJ4AaABAg,gar4U3n-ILY,@Trexmeg1901,The last one was pure genus’s,32,2026-06-20T21:52:05Z,MrBeast,Gaming,Guess What Age Punched You,515406878,6410178,36870
UgzHgjGMZTi0M57U92R4AaABAg,gar4U3n-ILY,@shubhraacharya6858,That 25 one hurt for sure 😮,262,2026-02-09T17:46:30Z,MrBeast,Gaming,Guess What Age Punched You,515406878,6410178,36870
Ugw1BfBAdDPIOOziRrR4AaABAg,gar4U3n-ILY,@Anime_Editz080,"Mr beast ❌
Punching Machine ✅",447,2026-02-09T18:04:28Z,MrBeast,Gaming,Guess What Age Punched You,515406878,6410178,36870
Ugw1hTMRgiAt6MfcXd94AaABAg,gar4U3n-ILY,@RaoufGirgis-l3g1o,25 age the punch was personal,44,2026-05-17T11:45:13Z,MrBeast,Gaming,Guess What Age Punched You,515406878,6410178,36870
UgwQCrZn_jnIHrXsYFd4AaABAg,gar4U3n-ILY,@Kyle27864,Bro said you can either be really old or really old😂,2,2026-09-08T12:04:45Z,MrBeast,Gaming,Guess What Age Punched You,515406878,6410178,36870
UgzWE0RRGY7Dn4_IoB14AaABAg,gar4U3n-ILY,@dailyinstagramreels-u6t,Rare aesthetic: people getting mad over a number of,9,2026-08-15T08:27:41Z,MrBeast,Gaming,Guess What Age Punched You,515406878,6410178,36870
Ugz8nsBp3eb3lXHjQyd4AaABAg,gar4U3n-ILY,@MarvelRivalsPlayerIplayHela,Yea 25 had too much fun😂,142,2026-04-11T05:09:47Z,MrBeast,Gaming,Guess What Age Punched You,515406878,6410178,36870
Ugw_XjEvGvDh4AqT41h4AaABAg,gar4U3n-ILY,@artwind,Did bro just fumble his chance to punch mr beast👁👄👁,169,2026-08-08T03:44:46Z,MrBeast,Gaming,Guess What Age Punched You,515406878,6410178,36870
Ugx_oEKaHu0b8XWniQd4AaABAg,gar4U3n-ILY,@mikendou6784,Most subscribers than that more like us than Mr beast,5,2026-09-09T16:46:06Z,MrBeast,Gaming,Guess What Age Punched You,515406878,6410178,36870
UgxfYaiJySYpYE2FR_V4AaABAg,gar4U3n-ILY,@Jh0sefAdr,El 25 casi nos deja sin Mr Beast,251,2026-02-13T22:31:29Z,MrBeast,Gaming,Guess What Age Punched You,515406878,6410178,36870
UgzKgiP5VBaY_fxtkix4AaABAg,gar4U3n-ILY,@VỊTBÉO1998,"Look at the reaction of the old man behind the 67-year-old woman, it’s so funny😂😂😂",98,2026-06-07T04:26:08Z,MrBeast,Gaming,Guess What Age Punched You,515406878,6410178,36870
UgwU3t87f6pREw6_74R4AaABAg,gar4U3n-ILY,@Milo-the-mighty,the 7 year old was my favourite in the video,305,2026-02-09T22:54:50Z,MrBeast,Gaming,Guess What Age Punched You,515406878,6410178,36870
UgwpzTVkxm15gi3LUMt4AaABAg,gar4U3n-ILY,@ArjunZarkar-z7z,"Bro 40’s😅😅…..they will literally obliterate u bro,like hers was not even 25% compared to them",4,2026-09-17T22:08:42Z,MrBeast,Gaming,Guess What Age Punched You,515406878,6410178,36870
UgxBQqHTcrYi5O1Y1_x4AaABAg,gar4U3n-ILY,@TwinkleToes347,13 was lowkey smart with the soft punch,137,2026-02-09T17:06:46Z,MrBeast,Gaming,Guess What Age Punched You,515406878,6410178,36870
UgzsXpgrUCpc434EJSh4AaABAg,gar4U3n-ILY,@melonsanbox_melon,"Dude, that really hurts. One hit and I'd faint.😂",98,2026-03-02T00:08:26Z,MrBeast,Gaming,Guess What Age Punched You,515406878,6410178,36870
UgyQX7TDu8DwIb45JUt4AaABAg,gar4U3n-ILY,@JoshuaPostina,He punches Mr Beast as if he had glass bones🦴,102,2026-04-07T15:02:19Z,MrBeast,Gaming,Guess What Age Punched You,515406878,6410178,36870
UgxnW20vvGJHMhRTQw14AaABAg,gar4U3n-ILY,@dnyco71,Respect the age of 13 ❤,1,2026-09-07T05:03:17Z,MrBeast,Gaming,Guess What Age Punched You,515406878,6410178,36870
UgyHVYgd9Di4yotbyvd4AaABAg,gar4U3n-ILY,@NIHAALSINGH-oz8lj,Imagine 25 just punched somewhere else😅🌚,86,2026-02-24T07:55:56Z,MrBeast,Gaming,Guess What Age Punched You,515406878,6410178,36870
Ugy-pw7-O9cIrgrIbUJ4AaABAg,gar4U3n-ILY,@wandookongnamul-gukbap-wdk,"99-Year-Old Grandmother: ""Don't I look so young? Hahaha.""",83,2026-02-10T07:44:55Z,MrBeast,Gaming,Guess What Age Punched You,515406878,6410178,36870
Ugxh4sBMPnkvJv_Jm_J4AaABAg,gar4U3n-ILY,@Amir_dolladolla1,The last guy was so polite,94,2026-05-28T15:01:23Z,MrBeast,Gaming,Guess What Age Punched You,515406878,6410178,36870
Ugw0fHPCRsCc95blOip4AaABAg,gar4U3n-ILY,@SifatKhan-h7h8h,"আমার শত্রু কে,,,,আর যে পরীক্ষা আবিষ্কার করেছে 😂😂😅😅😅",2,2026-09-25T09:51:31Z,MrBeast,Gaming,Guess What Age Punched You,515406878,6410178,36870
UgwlZjHToawj7mhOHWF4AaABAg,gar4U3n-ILY,@upasanakhargharia4555,No. 13 was hilarious. 😅,80,2026-02-09T18:14:38Z,MrBeast,Gaming,Guess What Age Punched You,515406878,6410178,36870
UgxCu5EVzkioMTI3JtV4AaABAg,gar4U3n-ILY,@melonreacciona,"Bro, that hurts a lot. One hit and I'd faint.😂",7,2026-03-02T00:14:50Z,MrBeast,Gaming,Guess What Age Punched You,515406878,6410178,36870
Ugws32gtxrFgMtiU5QB4AaABAg,gar4U3n-ILY,@JackH-p7k,Just wait until Mike Tyson is going to pop up💀,62,2026-02-09T22:42:58Z,MrBeast,Gaming,Guess What Age Punched You,515406878,6410178,36870
UgwaOdezVcpMdMicg1B4AaABAg,gar4U3n-ILY,@noobcore.z,Favorite YouTuber ever.😊,0,2026-09-16T09:04:42Z,MrBeast,Gaming,Guess What Age Punched You,515406878,6410178,36870
UgwV2v2Vo1BYXY2I0S94AaABAg,gar4U3n-ILY,@Ai_music_studio10,That bro used only 1% of his power,149,2026-02-10T14:56:59Z,MrBeast,Gaming,Guess What Age Punched You,515406878,6410178,36870
Ugy0AH9EDoBa7wBaDvt4AaABAg,gar4U3n-ILY,@ShivamMaverick,A 25-year-old girl took out her anger for not winning the game.😂,12,2026-02-09T17:04:59Z,MrBeast,Gaming,Guess What Age Punched You,515406878,6410178,36870
Ugx8d080Wur4j-bwAMp4AaABAg,gar4U3n-ILY,@babylove123-u2t,25s punch was like mike tyson,69,2026-03-08T14:51:17Z,MrBeast,Gaming,Guess What Age Punched You,515406878,6410178,36870
UgyWtrECXOOzobdVsXR4AaABAg,gar4U3n-ILY,@Daniela-m9bias,"I think number 13 dont wanna hurt him?, maybe",2,2026-09-08T22:11:03Z,MrBeast,Gaming,Guess What Age Punched You,515406878,6410178,36870
Ugyzor3SYGwsM1BR_VZ4AaABAg,gar4U3n-ILY,@Rengoku-flame-Hashira8,This was the earliest I’ve ever been,40,2026-02-09T17:03:50Z,MrBeast,Gaming,Guess What Age Punched You,515406878,6410178,36870
Ugx3ty3s1u0BAZ54uvJ4AaABAg,gar4U3n-ILY,@whispersss.offf.duasss,Not the 13 yr old working smarter not harder😂,6,2026-04-01T16:38:37Z,MrBeast,Gaming,Guess What Age Punched You,515406878,6410178,36870
Ugxop0AHfNZ_X5d-FD94AaABAg,gar4U3n-ILY,@BrandonNamu,I was expecting someone to say 67 but im wrong,190,2026-02-14T06:32:30Z,MrBeast,Gaming,Guess What Age Punched You,515406878,6410178,36870
Ugx75zYuDKKAl5-qA4J4AaABAg,gar4U3n-ILY,@midnight_vibes-BP3,"Why is this video a sponsored
IS HE A SMALL CREATOR😂😂",3,2026-09-15T05:07:46Z,MrBeast,Gaming,Guess What Age Punched You,515406878,6410178,36870
Ugw_7KlWxajljD53rIp4AaABAg,gar4U3n-ILY,@CanofSprite69,67 low-key had a power shot😂,218,2026-02-10T00:26:49Z,MrBeast,Gaming,Guess What Age Punched You,515406878,6410178,36870
UgypaPr2svW3rUmwT_p4AaABAg,gar4U3n-ILY,@ArtursSemjonovs-i1i,The funniest things happened between 99 and 67.,127,2026-02-09T17:12:04Z,MrBeast,Gaming,Guess What Age Punched You,515406878,6410178,36870
UgzhpuHsrS0MLtQOSDZ4AaABAg,gar4U3n-ILY,@ZaibSquad,"If 13 was punching at full force, MrBeast would have broken a rib",141,2026-05-13T04:57:55Z,MrBeast,Gaming,Guess What Age Punched You,515406878,6410178,36870
UgyVQ_MCBM153S0j0Ed4AaABAg,gar4U3n-ILY,@TheAlfaShow,I really love this guy 😂,0,2026-09-17T07:54:08Z,MrBeast,Gaming,Guess What Age Punched You,515406878,6410178,36870
Ugychg8EB5jr2zoGW814AaABAg,gar4U3n-ILY,@Kakyoinjjba,"Bro, the number 67 is following me everywhere.😭",122,2026-02-11T22:35:58Z,MrBeast,Gaming,Guess What Age Punched You,515406878,6410178,36870
UgwtWeX-sqvpjaBblKd4AaABAg,gar4U3n-ILY,@TinyFeet.TinyWingsTavgun,"“The editing, the idea, the execution… this is why you’re #1 🔥”",71,2026-03-23T16:49:36Z,MrBeast,Gaming,Guess What Age Punched You,515406878,6410178,36870
UgyFxFZ2MHiRJoEv15t4AaABAg,gar4U3n-ILY,@tiffanyjost6087,25 was nuts. Hello from Australia.  I loved how soft the 13 year old did it 😂😂😂,10,2026-02-14T22:36:43Z,MrBeast,Gaming,Guess What Age Punched You,515406878,6410178,36870
UgwVdU8Vl_yhB3mfORl4AaABAg,gar4U3n-ILY,@Waterlily_Cutiechan-off,"""U could be really old or really old"" sure jimmy..",0,2026-09-27T11:29:30Z,MrBeast,Gaming,Guess What Age Punched You,515406878,6410178,36870
UgxfARcLHoUIRT823v94AaABAg,LyFMbY-c_Lc,@MrBeast,Who should I race next?,15359,2025-11-14T16:57:32Z,MrBeast,Gaming,I Raced Noah Lyles,503505195,5214026,12590
UgwNuyDC2TlM3KCQWt94AaABAg,LyFMbY-c_Lc,@stumbleguy69420,999+ missed calls from ishowspeed and Usain bolt,13735,2025-11-18T22:37:06Z,MrBeast,Gaming,I Raced Noah Lyles,503505195,5214026,12590
UgxZPiYb1mId4jv918F4AaABAg,LyFMbY-c_Lc,@gE00is,"Bathtub❌
Boat❌
Racing car❌
Nothing✅",10500,2025-11-14T17:12:44Z,MrBeast,Gaming,I Raced Noah Lyles,503505195,5214026,12590
Ugy0htM_56LJSESiCEN4AaABAg,LyFMbY-c_Lc,@Agam-f14,They really call him that fastest men alive,3,2026-09-20T12:36:49Z,MrBeast,Gaming,I Raced Noah Lyles,503505195,5214026,12590
Ugw4V8SWr6oUDDAwBih4AaABAg,LyFMbY-c_Lc,@LaithMohand-r8r,"Hello MrBeast,

My name is Laith, and I am from Iraq. I have been watching your videos for years, and your content has inspired millions of people around the world, including me.

I know you receive countless messages every day, but I hope you’ll take a moment to read this one.

I would love the opportunity to participate in one of your future videos or challenges. Being from Iraq, this would be a rare and unique experience, not only for me but also for many viewers who may not often see participants from my country represented on such a global platform.

I am ready for any challenge, willing to travel if needed, and excited to bring energy, determination, and a different perspective to your content.

Whether it’s a competition, survival challenge, or any other project, I would be honored to be considered.

Thank you for everything you do, and I hope to have the chance to meet you someday.

Best regards,

Laith
Iraq",44,2026-06-03T16:40:43Z,MrBeast,Gaming,I Raced Noah Lyles,503505195,5214026,12590
UgxAfZqu7i8-sPSx-EJ4AaABAg,LyFMbY-c_Lc,@jeremiasplays9356,999+ missed call from Usain Bolt,1109,2025-11-16T03:07:26Z,MrBeast,Gaming,I Raced Noah Lyles,503505195,5214026,12590
UgyONoT54yN6ng-UWu14AaABAg,LyFMbY-c_Lc,@akeysZ,999+ missed calls from iShowSpeed,859,2025-11-15T08:28:29Z,MrBeast,Gaming,I Raced Noah Lyles,503505195,5214026,12590
Ugw-QEGbctSr6Ox-NJF4AaABAg,LyFMbY-c_Lc,@Сабр-я8ы,Skill vs money,2,2026-09-13T11:10:03Z,MrBeast,Gaming,I Raced Noah Lyles,503505195,5214026,12590
Ugxyr1QVKz8iZV-lMQ94AaABAg,LyFMbY-c_Lc,@Pir151,I'm looking forward to seeing how many more different things will happen.,385,2025-11-14T17:19:18Z,MrBeast,Gaming,I Raced Noah Lyles,503505195,5214026,12590
Ugz9k_w5IjRqGvLbs3Z4AaABAg,LyFMbY-c_Lc,@tzexty,"NOAH: I beat a Car Bed, you?
Speed: BARK BARK",306,2025-11-16T18:11:13Z,MrBeast,Gaming,I Raced Noah Lyles,503505195,5214026,12590
UgylKVMrjxzgDpltMy94AaABAg,LyFMbY-c_Lc,@Ptay624,He needed the chair,83,2025-11-14T22:37:33Z,MrBeast,Gaming,I Raced Noah Lyles,503505195,5214026,12590
UgxYdGf8t_F1BsZ3tAF4AaABAg,LyFMbY-c_Lc,@Jaydenplayzrbx-s3y,Bro took “I could beat you in my sleep” to a whole new level,56,2026-07-22T10:16:52Z,MrBeast,Gaming,I Raced Noah Lyles,503505195,5214026,12590
UgyZwSX8t2KXfk0Z4Zl4AaABAg,LyFMbY-c_Lc,@user-be2et8bo6e,I wish Usain Bolt was still alive in his prime,309,2025-12-16T09:29:45Z,MrBeast,Gaming,I Raced Noah Lyles,503505195,5214026,12590
Ugwijv1Mu7u8TxZMV3p4AaABAg,LyFMbY-c_Lc,@JebiRoger,"""Racing with the fastest man alive""
Usain bolt:- seriously bro!??",148,2026-02-26T15:08:35Z,MrBeast,Gaming,I Raced Noah Lyles,503505195,5214026,12590
UgwPa1S3udXDQViaAXh4AaABAg,LyFMbY-c_Lc,@Just_BB03,I followed you on multiple accounts on old devices and your videos are just how I remembered them...completely random for no exact reason,12,2025-11-16T19:11:12Z,MrBeast,Gaming,I Raced Noah Lyles,503505195,5214026,12590
UgxfnUIY9BxIJsAsQ714AaABAg,LyFMbY-c_Lc,@اهورامزدا-ز9ح,"Thank you for publishing your videos for ""Iran"" as well, and for translating them.",2,2026-08-12T15:25:55Z,MrBeast,Gaming,I Raced Noah Lyles,503505195,5214026,12590
Ugy6N51uutNxB9ma0rB4AaABAg,LyFMbY-c_Lc,@jannate-7,"He sighed and then said, ""I'm rowing""😂❤❤",229,2025-11-14T21:19:49Z,MrBeast,Gaming,I Raced Noah Lyles,503505195,5214026,12590
UgxE-tayqO5nTxoQAYN4AaABAg,LyFMbY-c_Lc,@GilmaraPrintes,I doubt you'd put the fastest man against a cheetah.,216,2025-11-23T19:35:15Z,MrBeast,Gaming,I Raced Noah Lyles,503505195,5214026,12590
Ugwij8LUAEjcMBW1mmt4AaABAg,LyFMbY-c_Lc,@guardiano-t,Thank you for Persian translation❤❤,5,2026-04-04T20:59:35Z,MrBeast,Gaming,I Raced Noah Lyles,503505195,5214026,12590
UgyhEW_ZlOkIx3Rin2l4AaABAg,LyFMbY-c_Lc,@pevrls,Imagine people walking by seeing Mr beast in a bathtub,43,2026-01-10T00:28:26Z,MrBeast,Gaming,I Raced Noah Lyles,503505195,5214026,12590
Ugw5O51-S1UH2gSM4HV4AaABAg,LyFMbY-c_Lc,@Coldy_PlayzYT,My intrusive toughts at 3 am:,41,2025-11-19T12:51:48Z,MrBeast,Gaming,I Raced Noah Lyles,503505195,5214026,12590
Ugx8ASYLyaZMNHCVksF4AaABAg,LyFMbY-c_Lc,@Ayazamongus0.1,Cameraman Gamemode,13,2026-07-04T09:51:10Z,MrBeast,Gaming,I Raced Noah Lyles,503505195,5214026,12590
UgzD8j9ZhKblU_hWUr14AaABAg,LyFMbY-c_Lc,@MARKOSALIREZA,999+ missed calls from mbappe and usain bolt,8,2026-02-25T19:39:17Z,MrBeast,Gaming,I Raced Noah Lyles,503505195,5214026,12590
UgxpJaD-G4dsoTsziIh4AaABAg,LyFMbY-c_Lc,@urboilightness227,Usain Bolt v Noah Lyle’s v mrbeast v nolan would be peak cinema,155,2025-11-14T17:47:42Z,MrBeast,Gaming,I Raced Noah Lyles,503505195,5214026,12590
UgytGLLs9_M72CN1tst4AaABAg,LyFMbY-c_Lc,@AshleyWarrenNajera,All games and giggles until the controller of the cars crashes on purpose,20,2026-01-07T09:32:04Z,MrBeast,Gaming,I Raced Noah Lyles,503505195,5214026,12590
UgwppAj4mFYP1k49csF4AaABAg,LyFMbY-c_Lc,@moh.jamisahzerkhanc.abdull1026,Noah's faster like a Cheetah,2,2026-09-20T12:05:06Z,MrBeast,Gaming,I Raced Noah Lyles,503505195,5214026,12590
Ugy7v2gyuqUw_FcGkrp4AaABAg,LyFMbY-c_Lc,@Randomperson-p5k,"Noah should fight the final boss: the ""chair""",115,2025-11-15T14:28:50Z,MrBeast,Gaming,I Raced Noah Lyles,503505195,5214026,12590
UgwTayN_epZAEQa7byJ4AaABAg,LyFMbY-c_Lc,@AmrSalah-d1i3g,Really interesting seeing Noah being aura farming,15,2025-11-14T17:13:06Z,MrBeast,Gaming,I Raced Noah Lyles,503505195,5214026,12590
UgwFyMy3XlMLHBfLaHh4AaABAg,LyFMbY-c_Lc,@JonathanHabashy,The Bathtub car reminds me of Wallykazam,30,2025-12-07T05:00:15Z,MrBeast,Gaming,I Raced Noah Lyles,503505195,5214026,12590
UgzrfNEwrhXn8BKwBSx4AaABAg,LyFMbY-c_Lc,@denzfx7,Noah is the flash ⚡️,1,2026-08-12T14:06:53Z,MrBeast,Gaming,I Raced Noah Lyles,503505195,5214026,12590
Ugy1RDOR3dYmFp0Q6Hl4AaABAg,LyFMbY-c_Lc,@AhmedZeek-g6x,Nah he got that feet advantage against the car,17,2025-11-27T14:10:18Z,MrBeast,Gaming,I Raced Noah Lyles,503505195,5214026,12590
UgzNxvlqp-stEy5WuWJ4AaABAg,LyFMbY-c_Lc,@poppyz4ck,bring back the chair,20,2025-11-15T07:02:37Z,MrBeast,Gaming,I Raced Noah Lyles,503505195,5214026,12590
UgyAWc6vCfbDoVuBLh54AaABAg,LyFMbY-c_Lc,@DevinJohnson-f9m,The fact how he was jogging,7,2025-11-14T22:26:18Z,MrBeast,Gaming,I Raced Noah Lyles,503505195,5214026,12590
UgyQGM9avCGrJqSCCVN4AaABAg,LyFMbY-c_Lc,@durgeshgautam0072,"Sir, please don't give me a million dollars—just $10,000 will do. Please help me, Sir.",2,2026-07-12T15:59:30Z,MrBeast,Gaming,I Raced Noah Lyles,503505195,5214026,12590
Ugy6FioiiWZz8O8ACBZ4AaABAg,LyFMbY-c_Lc,@Brownbound,"Noah Lyles is fast, there is a reason he runs the Olympics💨 It’s hard to beat him",18,2025-11-14T22:55:16Z,MrBeast,Gaming,I Raced Noah Lyles,503505195,5214026,12590
UgyuTdXMQPjOwX3TdSN4AaABAg,LyFMbY-c_Lc,@MomenSeruu,"Bro, I already subscribed.",12,2026-01-14T04:27:18Z,MrBeast,Gaming,I Raced Noah Lyles,503505195,5214026,12590
UgzBbj3oPyAN8dH0i_h4AaABAg,LyFMbY-c_Lc,@TheEdixsMc,Bro switched roles with ishowspeed,5,2026-01-31T10:13:06Z,MrBeast,Gaming,I Raced Noah Lyles,503505195,5214026,12590
Ugy3oDowlg0zfi_rA4V4AaABAg,LyFMbY-c_Lc,@S4KVR4X,"99% about missed calls from ishowspeed or Usain Bolt 
1% other",118,2025-12-23T21:09:23Z,MrBeast,Gaming,I Raced Noah Lyles,503505195,5214026,12590
UgxAq21_VlSeE_UvCjp4AaABAg,LyFMbY-c_Lc,@chandanbora775,This channel is amazing I enjoyed every second of it.,13,2025-11-15T23:24:40Z,MrBeast,Gaming,I Raced Noah Lyles,503505195,5214026,12590
UgyN_u2uf6XZxRvfMuN4AaABAg,LyFMbY-c_Lc,@CKHavenn,999+ missed calls from Usain Bolt,7,2026-01-27T02:00:13Z,MrBeast,Gaming,I Raced Noah Lyles,503505195,5214026,12590
UgwjWgIzOnMrEdDtZD94AaABAg,LyFMbY-c_Lc,@Ruby-dl5sy,Yo beast bring out the chair,1,2026-08-18T21:46:15Z,MrBeast,Gaming,I Raced Noah Lyles,503505195,5214026,12590
UgzASEeyGPnxH7dNJQx4AaABAg,LyFMbY-c_Lc,@Mazii-ZCars,The C7 Corvette bed 😂😂🔥,12,2025-11-14T23:39:42Z,MrBeast,Gaming,I Raced Noah Lyles,503505195,5214026,12590
Ugy8LUMgiwgqtDtBVo14AaABAg,LyFMbY-c_Lc,@Usaame-s9l,noah v speed rematch?,166,2025-11-14T17:01:10Z,MrBeast,Gaming,I Raced Noah Lyles,503505195,5214026,12590
UgzkxLiCYfPkjB6Z-Sl4AaABAg,LyFMbY-c_Lc,@sumi_edits2008,Noah is a legend 🤌🏻🔥👑,69,2025-11-15T08:01:58Z,MrBeast,Gaming,I Raced Noah Lyles,503505195,5214026,12590
UgyzsduSvI9IO3O-HtB4AaABAg,LyFMbY-c_Lc,@RagenCupido,The fact that dude took a bath went kayaking and then went yo go sleep. 😂,2,2026-08-02T20:51:45Z,MrBeast,Gaming,I Raced Noah Lyles,503505195,5214026,12590
UgxrsuIKIi1dhGatHrR4AaABAg,LyFMbY-c_Lc,@monaasim8120,Imagine the bath tab fliped bro everyone will be traumatized 😆,5,2025-12-19T19:38:34Z,MrBeast,Gaming,I Raced Noah Lyles,503505195,5214026,12590
UgwD5ZDCConphIm7x_14AaABAg,LyFMbY-c_Lc,@fact-c71,"You competed so well, it was fun to watch ✨",5,2025-11-20T06:12:35Z,MrBeast,Gaming,I Raced Noah Lyles,503505195,5214026,12590
UgwoXdmzEVfc7WUzHLV4AaABAg,LyFMbY-c_Lc,@Supermanflyingwhy497,"GUYS as fast as he was, Usain Bolt isnt the fastest man anymore, he retired a long time ago.",16,2026-03-18T18:14:12Z,MrBeast,Gaming,I Raced Noah Lyles,503505195,5214026,12590
Ugwp005hLKLRMi3u9Zl4AaABAg,LyFMbY-c_Lc,@pasksdndjdhdhhd,Mr Beast and Noah are canonical rivals now,0,2026-09-03T12:44:19Z,MrBeast,Gaming,I Raced Noah Lyles,503505195,5214026,12590
Ugx75ja_4AkDZq42ocl4AaABAg,LyFMbY-c_Lc,@Asel5861,Dünyanın en hızlı adamı Hüseyin bolt,18,2025-11-16T12:22:36Z,MrBeast,Gaming,I Raced Noah Lyles,503505195,5214026,12590
UgxeNr8eFTjiXA27N8x4AaABAg,LyFMbY-c_Lc,@ytsultan-1,Amazing 😍,13,2025-11-14T17:03:48Z,MrBeast,Gaming,I Raced Noah Lyles,503505195,5214026,12590
Ugwwtp7toi4lK_V0LW94AaABAg,LyFMbY-c_Lc,@Ultime7,Mister beast is juste aura farming 😎,16,2025-11-16T22:58:24Z,MrBeast,Gaming,I Raced Noah Lyles,503505195,5214026,12590
Ugz29locpbTEXlut5Ex4AaABAg,LyFMbY-c_Lc,@FamilyCanales-m9l,Pure skill vs pay to win,0,2026-08-27T00:19:06Z,MrBeast,Gaming,I Raced Noah Lyles,503505195,5214026,12590
Ugyp9p7Hs2SrZN3mnrp4AaABAg,LyFMbY-c_Lc,@RaviKagdala,999+ missed calls from Usain Bolt ⚡,20,2026-03-06T19:10:09Z,MrBeast,Gaming,I Raced Noah Lyles,503505195,5214026,12590
UgxdYzRry1brlQqvXep4AaABAg,LyFMbY-c_Lc,@the_Heraews,PLEASE BUY NEWJEANS!😭,4,2026-01-11T17:12:11Z,MrBeast,Gaming,I Raced Noah Lyles,503505195,5214026,12590
UgyaHTEjFGy0JiniHuB4AaABAg,LyFMbY-c_Lc,@astoubabou3191,😂 Le meilleur youtubeur au monde,13,2025-12-30T15:07:52Z,MrBeast,Gaming,I Raced Noah Lyles,503505195,5214026,12590
UgxI96ZKKAQIaH1ugP14AaABAg,LyFMbY-c_Lc,@AzizAziz-j9f3y,Remind me to never swipe right…,1,2026-08-13T21:52:22Z,MrBeast,Gaming,I Raced Noah Lyles,503505195,5214026,12590
Ugzm_VybUc9JzVfSWk94AaABAg,LyFMbY-c_Lc,@GODVEERA,Indian Usain Bolt,11,2025-11-15T08:53:14Z,MrBeast,Gaming,I Raced Noah Lyles,503505195,5214026,12590
Ugy10xlrZpglM7qKxX14AaABAg,LyFMbY-c_Lc,@InzeganGan,The zarzour prime ☠️☠️,11,2025-11-17T21:40:40Z,MrBeast,Gaming,I Raced Noah Lyles,503505195,5214026,12590
UgxIqxykSJoIXhSsQFd4AaABAg,LyFMbY-c_Lc,@phoenix-j6r,Hubiera sido épico con un pato de juguete,24,2025-11-14T17:08:43Z,MrBeast,Gaming,I Raced Noah Lyles,503505195,5214026,12590
UgyfsAeyFktRR7D0x2V4AaABAg,LyFMbY-c_Lc,@DBT_14_2,Never swipe to the right😪,1,2026-08-31T23:25:43Z,MrBeast,Gaming,I Raced Noah Lyles,503505195,5214026,12590
Ugw7t9mjl70bjJVNLtJ4AaABAg,LyFMbY-c_Lc,@kedo8140,Usain bolt😢,81,2025-11-15T10:20:50Z,MrBeast,Gaming,I Raced Noah Lyles,503505195,5214026,12590
UgxElfTDygLEw6xY8xd4AaABAg,LyFMbY-c_Lc,@mariamosteiro3324,And Usain bolt?,14,2026-01-12T18:42:07Z,MrBeast,Gaming,I Raced Noah Lyles,503505195,5214026,12590
Ugy5L7PdxVc3yf4Fjwt4AaABAg,LyFMbY-c_Lc,@claudiacattaneo7373,You are iconic. Nothing to add.,5,2025-11-21T16:04:52Z,MrBeast,Gaming,I Raced Noah Lyles,503505195,5214026,12590
UgwtBHL5hY9Cam5BGyh4AaABAg,LyFMbY-c_Lc,@Naitsirc_56,"Un random que corre medio rápido va en el vídeo de mrbeast, automáticamente el: tenemos al hombre más rápido del universo en este video...",4,2026-06-26T15:34:21Z,MrBeast,Gaming,I Raced Noah Lyles,503505195,5214026,12590
UgytfJU3KXnNYTTAIud4AaABAg,LyFMbY-c_Lc,@Rayanfool,کاش ویدئو های کامل هم دوبله بود,29,2026-02-07T06:37:47Z,MrBeast,Gaming,I Raced Noah Lyles,503505195,5214026,12590
UgxIf5QBwtej8IF36rx4AaABAg,LyFMbY-c_Lc,@ShawonHossainvlogs03,ETA to Darun 😅😊😊🎉,14,2025-11-14T17:03:09Z,MrBeast,Gaming,I Raced Noah Lyles,503505195,5214026,12590
UgxRvrQcJFN5NxW1OgR4AaABAg,LyFMbY-c_Lc,@كريستيانوعمميسي-م9م,شكراً لك يا مستر بيست على الدبلجة العربية 🙏🫶❤️,24,2025-11-14T17:18:42Z,MrBeast,Gaming,I Raced Noah Lyles,503505195,5214026,12590
UgwwWReECqTyPX6DQeV4AaABAg,LyFMbY-c_Lc,@Tsiaro-p2z,1000+ missed call from Usain bolt,0,2026-08-10T17:29:04Z,MrBeast,Gaming,I Raced Noah Lyles,503505195,5214026,12590
Ugzba9oEef0QhXCFe6R4AaABAg,LyFMbY-c_Lc,@Faiz_efx,Bro challenge with usain bolt🎉😈😈,28,2025-11-14T17:11:55Z,MrBeast,Gaming,I Raced Noah Lyles,503505195,5214026,12590
UgymuDNv24QWefquapx4AaABAg,LyFMbY-c_Lc,@HuggyWuggy-ph8md,"Bro, you’re just using the same engine motor just adding different things onto it",7,2026-01-07T01:53:08Z,MrBeast,Gaming,I Raced Noah Lyles,503505195,5214026,12590
UgxVk2SYU4RXWmSD6Fd4AaABAg,LyFMbY-c_Lc,@Skinsgiveaway,Usain Bolt laughing in the corner,9,2025-11-14T22:32:54Z,MrBeast,Gaming,I Raced Noah Lyles,503505195,5214026,12590
Ugzwm4l6KcA92dx5MTd4AaABAg,LyFMbY-c_Lc,@shumailanoreen845,999+ missed calls from usain bolt,1,2026-08-09T16:24:33Z,MrBeast,Gaming,I Raced Noah Lyles,503505195,5214026,12590
UgxtjXelG2Rpi0GOiBh4AaABAg,LyFMbY-c_Lc,@KOSTIA_PLAY,Noah vs Mr.Beast on a Zip line 😁,10,2025-11-14T18:04:01Z,MrBeast,Gaming,I Raced Noah Lyles,503505195,5214026,12590
UgzP3lF7pkI5YdCwwZZ4AaABAg,LyFMbY-c_Lc,@AiKyle-f8m,That car bed is my childhood dream,4,2026-01-07T07:34:05Z,MrBeast,Gaming,I Raced Noah Lyles,503505195,5214026,12590
Ugy6MUOwtWZoA_RIxC14AaABAg,WROMyJAJmp4,@MrBeast,"He had a $1,000,000 car and I still won",42895,2025-11-18T16:57:03Z,MrBeast,Gaming,Can I Beat An F1 Driver?,481687348,3918520,15862
Ugy2LwTWe8mKs_nPDe54AaABAg,WROMyJAJmp4,@SoyJotape17,"""My video my rules"" aaah",114811,2025-11-18T19:11:35Z,MrBeast,Gaming,Can I Beat An F1 Driver?,481687348,3918520,15862
Ugz2puKRkGEZrQv8yAZ4AaABAg,WROMyJAJmp4,@abigailrenee38,he would’ve won if he started in the driver seat,20100,2025-11-29T16:14:53Z,MrBeast,Gaming,Can I Beat An F1 Driver?,481687348,3918520,15862
UgzzdBqwr1eUr_HLo794AaABAg,WROMyJAJmp4,@Joshuarecio,The fact you can clearly see theyre different sized tapes is hilarious😭💀,21344,2025-11-22T06:03:54Z,MrBeast,Gaming,Can I Beat An F1 Driver?,481687348,3918520,15862
Ugzm8YvY5nBIFXrTShF4AaABAg,WROMyJAJmp4,@BollywoodBeatsMusic-z9y,“Those different-sized tapes made this even funnier 😂🔥”,35,2026-09-07T17:50:33Z,MrBeast,Gaming,Can I Beat An F1 Driver?,481687348,3918520,15862
UgxrlK5A8WoyPLWkhyB4AaABAg,WROMyJAJmp4,@Cyclon622,"The driver: Your video, your rules😂",164,2026-08-25T17:03:04Z,MrBeast,Gaming,Can I Beat An F1 Driver?,481687348,3918520,15862
UgxwTLheX0nteuwMFAt4AaABAg,WROMyJAJmp4,@akifahsan3846,remember I am the one paying you. give me that 5 second head start or else ☠️,9,2026-09-09T03:46:28Z,MrBeast,Gaming,Can I Beat An F1 Driver?,481687348,3918520,15862
UgyJX_viXTG2u1fWYgd4AaABAg,WROMyJAJmp4,@ChloeCallahan-JC4L,If he had held the accelerator down the whole time he would've won. 😂,726,2026-08-02T18:04:13Z,MrBeast,Gaming,Can I Beat An F1 Driver?,481687348,3918520,15862
UgzJS2ZcKAr-oUaj1gF4AaABAg,WROMyJAJmp4,@Channel_Wild,"If he started in the car, you wouldn't even have time to blink... 😂",4037,2025-11-19T10:27:21Z,MrBeast,Gaming,Can I Beat An F1 Driver?,481687348,3918520,15862
Ugx-ptf1Ea0HuAuL0Dh4AaABAg,WROMyJAJmp4,@Steve_GD,Bro needed 4 seconds to get in the car 😂,84,2026-08-17T05:36:38Z,MrBeast,Gaming,Can I Beat An F1 Driver?,481687348,3918520,15862
Ugw39XaI1dYuc5BhFDl4AaABAg,WROMyJAJmp4,@tutorialsfever2850,Mrbeast being ishowspeed,1,2026-09-29T13:05:58Z,MrBeast,Gaming,Can I Beat An F1 Driver?,481687348,3918520,15862
UgwmEWqWnUPkFy8aHnV4AaABAg,WROMyJAJmp4,@NotDefineX-10,Gorge might lose his f1 🏎️ seat now,6684,2025-11-18T17:36:17Z,MrBeast,Gaming,Can I Beat An F1 Driver?,481687348,3918520,15862
UgzKCjL1mFWOqUa3cJB4AaABAg,WROMyJAJmp4,@SecretNonameIdk,That's George Russell,14,2026-09-01T01:29:50Z,MrBeast,Gaming,Can I Beat An F1 Driver?,481687348,3918520,15862
Ugzd30LnSN43LczZmwR4AaABAg,WROMyJAJmp4,@VinnieStarliz,F1 driver:tell the CAMERA you won😂😂😂,3160,2025-11-20T14:11:16Z,MrBeast,Gaming,Can I Beat An F1 Driver?,481687348,3918520,15862
UgxRREsMHUihfG72CFV4AaABAg,WROMyJAJmp4,@VedikaGalave,Money follows my brother Money follows😂😂,3,2026-09-11T11:38:47Z,MrBeast,Gaming,Can I Beat An F1 Driver?,481687348,3918520,15862
UgwztMRRIu3WoEIi3S14AaABAg,WROMyJAJmp4,@prabhavthejuniorchef8374,"""8.69""ahh Jimmy's favorite time 💔🕊️",2161,2025-11-18T17:30:15Z,MrBeast,Gaming,Can I Beat An F1 Driver?,481687348,3918520,15862
UgzC6HePWSwDciuN2at4AaABAg,WROMyJAJmp4,@Joseph-x5z1n,It was because George stopped a second and look at the tapes,92,2026-08-08T01:24:10Z,MrBeast,Gaming,Can I Beat An F1 Driver?,481687348,3918520,15862
Ugy4IamCQoiDP2VLoYt4AaABAg,WROMyJAJmp4,@Grizzly-gamez,Is no one gonna see how the blue tape is bigger than the pink one?,849,2025-12-27T22:33:49Z,MrBeast,Gaming,Can I Beat An F1 Driver?,481687348,3918520,15862
UgzX54ivTkmWMtuU4_V4AaABAg,WROMyJAJmp4,@MlungisiNgubeni-t6s,Unexpected Collab....😯😯,1,2026-09-27T06:44:51Z,MrBeast,Gaming,Can I Beat An F1 Driver?,481687348,3918520,15862
UgzJl7V2ECywwHMDpq94AaABAg,WROMyJAJmp4,@djalilovmuhiddin,"Mr. Beast literally - ""My game, my rules""",244,2026-05-25T17:05:43Z,MrBeast,Gaming,Can I Beat An F1 Driver?,481687348,3918520,15862
Ugx3U8JWn68qWLpJBzl4AaABAg,WROMyJAJmp4,@Dap1644,Bro got a 5 second head start,644,2025-12-07T14:40:16Z,MrBeast,Gaming,Can I Beat An F1 Driver?,481687348,3918520,15862
UgzgXkmU0lhTiMniViF4AaABAg,WROMyJAJmp4,@kushagrasah8525,WHY DO I SEE THE MOST RANDOM AND UNEXPECTED COLLABS IN YOUTUBE SHORTS,724,2025-11-18T17:38:02Z,MrBeast,Gaming,Can I Beat An F1 Driver?,481687348,3918520,15862
Ugxo5GOnJJQfJ_aH-hp4AaABAg,WROMyJAJmp4,@Canalqueexiste123,Pink is small and blue is big,2,2026-09-21T01:55:00Z,MrBeast,Gaming,Can I Beat An F1 Driver?,481687348,3918520,15862
UgwKe9quu3xaUJSr3oJ4AaABAg,WROMyJAJmp4,@YankeeByte,He didn't even tried😂,711,2025-12-05T02:35:47Z,MrBeast,Gaming,Can I Beat An F1 Driver?,481687348,3918520,15862
Ugz4PPytIZR0bx1NU9V4AaABAg,WROMyJAJmp4,@H0rr0r_Shorts_Real,Guys chill it's a human vs a car ofc there's gonna be some advantage for him,519,2026-01-12T19:35:25Z,MrBeast,Gaming,Can I Beat An F1 Driver?,481687348,3918520,15862
UgxGvv7qRc179iUyiAd4AaABAg,WROMyJAJmp4,@EL_G.O.A.T_DE_MADRIDツ,He had a huge headstart,17,2026-08-27T00:18:25Z,MrBeast,Gaming,Can I Beat An F1 Driver?,481687348,3918520,15862
UgxaXzX0zyIuVaSvwGR4AaABAg,WROMyJAJmp4,@aliilkinoglu,The desperation of this guy for subs is on another level... 💀💀💀💀💀,1,2026-09-02T06:21:51Z,MrBeast,Gaming,Can I Beat An F1 Driver?,481687348,3918520,15862
UgzDHIEe1vxNDLqo7DV4AaABAg,WROMyJAJmp4,@lexicon_67,"Don't drive to work, just run",47,2026-06-28T08:46:14Z,MrBeast,Gaming,Can I Beat An F1 Driver?,481687348,3918520,15862
UgyClyVS9EEa-LZLztp4AaABAg,WROMyJAJmp4,@AmosKargbo-r5x,F1 drive:tell the  camera you won😂😂,360,2025-11-23T22:26:57Z,MrBeast,Gaming,Can I Beat An F1 Driver?,481687348,3918520,15862
UgwSpgiInOvBqI_nHrF4AaABAg,WROMyJAJmp4,@TheStrongHurricane,Human vs Human has to get in the car first,61,2026-01-14T14:29:07Z,MrBeast,Gaming,Can I Beat An F1 Driver?,481687348,3918520,15862
UgyD2lt5OJ8WKXUsE_F4AaABAg,WROMyJAJmp4,@DeanmarkBryan-zr1ov,He stalled when he got in and when he took of he stalled again,4,2026-08-27T20:06:13Z,MrBeast,Gaming,Can I Beat An F1 Driver?,481687348,3918520,15862
Ugy4uez9eIOCoGWkXsB4AaABAg,WROMyJAJmp4,@Tanzil123-w6r,"Crazy Collab, George Russell and Mr. Beast?? Crazy, never thought I'd see f1 on here.",19,2026-08-11T20:01:58Z,MrBeast,Gaming,Can I Beat An F1 Driver?,481687348,3918520,15862
UgyWEuUQQDS-kX186nJ4AaABAg,WROMyJAJmp4,@iamkarlab,Most of the tape was wrapped around mrbeast,114,2026-01-22T23:23:40Z,MrBeast,Gaming,Can I Beat An F1 Driver?,481687348,3918520,15862
UgwLZnPLFD6WIY7bLX14AaABAg,WROMyJAJmp4,@ChinveeMacaubos,Mr beast thought he won but the car qon guy😂😂😂😂😂,1,2026-09-09T11:49:17Z,MrBeast,Gaming,Can I Beat An F1 Driver?,481687348,3918520,15862
UgwdV5Y49Rkk30b1Tdl4AaABAg,WROMyJAJmp4,@Technostar_yt,Bro the cameramana right hand was literally shaking.. 😅😂😂,627,2025-11-22T12:38:10Z,MrBeast,Gaming,Can I Beat An F1 Driver?,481687348,3918520,15862
UgxJEUu6zXXkvue5Ex14AaABAg,WROMyJAJmp4,@PyroTry,""" Flower vs plane "" aah short 🥀",4,2026-08-19T20:47:25Z,MrBeast,Gaming,Can I Beat An F1 Driver?,481687348,3918520,15862
UgzwYcH78aOm6OILFm94AaABAg,WROMyJAJmp4,@McLovin_61,Bro already had half the roll around his waist,211,2026-03-17T04:26:10Z,MrBeast,Gaming,Can I Beat An F1 Driver?,481687348,3918520,15862
Ugww0Ejzt_RKg8WEXQd4AaABAg,WROMyJAJmp4,@NusratJahangir-j3h,Mr beast you went before the car 😂,0,2026-09-30T08:32:31Z,MrBeast,Gaming,Can I Beat An F1 Driver?,481687348,3918520,15862
UgxPoKdWDTU1oOZiC3R4AaABAg,WROMyJAJmp4,@fantomafaragura,"Mr beast claimed he's addicted to smoked baby meat, and that's why he will always miss the Island",11,2026-04-12T15:05:08Z,MrBeast,Gaming,Can I Beat An F1 Driver?,481687348,3918520,15862
Ugy5mSknOxdOjWn5yNp4AaABAg,WROMyJAJmp4,@Apexsend_co,Bro Mr. Beast turned into a NPC for a second there 😭,150,2025-11-25T22:21:55Z,MrBeast,Gaming,Can I Beat An F1 Driver?,481687348,3918520,15862
UgxO2T38-FyZ5jKT1Zd4AaABAg,WROMyJAJmp4,@Motivationalmaster-r9j,"""Bro is practicing to beat speed ""😂😂",346,2025-11-19T12:42:28Z,MrBeast,Gaming,Can I Beat An F1 Driver?,481687348,3918520,15862
UgzJRtqneGtqVziHwzx4AaABAg,WROMyJAJmp4,@JAZIBEDITS-i1c3u,Bro if that driver was already in the car he would win😭✌🥀,0,2026-09-30T02:16:46Z,MrBeast,Gaming,Can I Beat An F1 Driver?,481687348,3918520,15862
UgxaB0mlRT1z4zOYPRd4AaABAg,WROMyJAJmp4,@LongNickOfDaLaw,Yea the blue roll definitely isn’t double the size of the pink 😂,85,2026-01-03T08:43:27Z,MrBeast,Gaming,Can I Beat An F1 Driver?,481687348,3918520,15862
UgyOeG_Yj671NFBz2_p4AaABAg,WROMyJAJmp4,@maxdomonoposto,"""And in the end, pole position won't go to George Russell, but to Mr. Beast.""",37,2026-06-04T15:03:57Z,MrBeast,Gaming,Can I Beat An F1 Driver?,481687348,3918520,15862
UgyuklcAOGRyx9rG9aV4AaABAg,WROMyJAJmp4,@me_stesso-g8r,What in the multiverse is this collab,24,2025-11-22T18:02:46Z,MrBeast,Gaming,Can I Beat An F1 Driver?,481687348,3918520,15862
UgxGEY9tlOlcfrP5jfd4AaABAg,WROMyJAJmp4,@Nebula.ai1,He has a head start,1,2026-09-11T00:19:11Z,MrBeast,Gaming,Can I Beat An F1 Driver?,481687348,3918520,15862
UgwUlS1DJl7YALbc0ql4AaABAg,WROMyJAJmp4,@ipaulosan,Russell you choked on the take off.,51,2025-11-23T13:17:20Z,MrBeast,Gaming,Can I Beat An F1 Driver?,481687348,3918520,15862
UgzEoS4W4E8SHbn0HYx4AaABAg,WROMyJAJmp4,@ShowUsmusic,Try the next time with a real f1 car 😂💀,469,2025-11-18T20:41:29Z,MrBeast,Gaming,Can I Beat An F1 Driver?,481687348,3918520,15862
UgxoTsK3vzhvx2cGLsd4AaABAg,WROMyJAJmp4,@na_llaa,"Mr. Beast, we, the ENGENE, need your help right now during this difficult time. We lost a member (HEESUNG) of the band ENHYPEN and we want him back because it wasn't his choice. Please support us and help us donate to send protest trucks and flying banners. Pleaseeeeeeee🥺🧡🧡🧡",5,2026-03-16T06:35:41Z,MrBeast,Gaming,Can I Beat An F1 Driver?,481687348,3918520,15862
UgxlKrjc-5Acm-q1aOh4AaABAg,WROMyJAJmp4,@Thamen_editzz,I think bro gave him money to slow-down the car,0,2026-09-27T05:51:31Z,MrBeast,Gaming,Can I Beat An F1 Driver?,481687348,3918520,15862
Ugyxq8zS3ao4jafVQzF4AaABAg,WROMyJAJmp4,@Fla3me,Bro had the best head start 😭,27,2025-11-25T19:20:51Z,MrBeast,Gaming,Can I Beat An F1 Driver?,481687348,3918520,15862
UgwrIATmUS479PmK8fR4AaABAg,WROMyJAJmp4,@zaydanatharizz,If he standby in the car before the timer start might be won i guess,7,2026-03-26T13:44:35Z,MrBeast,Gaming,Can I Beat An F1 Driver?,481687348,3918520,15862
UgxmgYnXvyexYJFBbvV4AaABAg,WROMyJAJmp4,@hinawaheed4840,Buddy actually tried to recreate speed and got humbled,15,2026-08-03T22:56:15Z,MrBeast,Gaming,Can I Beat An F1 Driver?,481687348,3918520,15862
UgwLihUPUuCqV2KtiY94AaABAg,WROMyJAJmp4,@CelX5,"YEES, HE WON",0,2026-09-01T12:48:14Z,MrBeast,Gaming,Can I Beat An F1 Driver?,481687348,3918520,15862
Ugy7do50cJpN8X-eTJl4AaABAg,WROMyJAJmp4,@rAndOmX_9121,Mr Beast 1 cm from the finish line       when the car just starts.😂,39,2025-11-19T09:14:27Z,MrBeast,Gaming,Can I Beat An F1 Driver?,481687348,3918520,15862
Ugw5vQ_qpYjbSvXHE-V4AaABAg,WROMyJAJmp4,@jessicawilliams2862,I WON gets me😂,101,2025-12-14T02:39:05Z,MrBeast,Gaming,Can I Beat An F1 Driver?,481687348,3918520,15862
UgynKtBOQnryF9DioJx4AaABAg,WROMyJAJmp4,@YesWilmot,The pink had less tape,12,2026-03-22T13:35:02Z,MrBeast,Gaming,Can I Beat An F1 Driver?,481687348,3918520,15862
UgzqAyIsXbyIZFm_lx54AaABAg,WROMyJAJmp4,@stephenemmanuel8721,Your algorithm actually tele A beautiful vision,0,2026-09-04T15:31:15Z,MrBeast,Gaming,Can I Beat An F1 Driver?,481687348,3918520,15862
UgzX2gOji3wzuzVU7Wx4AaABAg,WROMyJAJmp4,@MegaZeraora0,"bro, he’s faster than IShowSpeed",10,2025-12-14T19:15:28Z,MrBeast,Gaming,Can I Beat An F1 Driver?,481687348,3918520,15862
Ugxw6s-EuPaWgQPLxa54AaABAg,WROMyJAJmp4,@Schnurrmotor,"Bro beast in germany.
Unbelievable",130,2025-11-21T12:20:35Z,MrBeast,Gaming,Can I Beat An F1 Driver?,481687348,3918520,15862
Ugz-utSGl3qBG3B1rNR4AaABAg,WROMyJAJmp4,@suchateiamsomboon8394,The winner got an incredible car.,11,2026-06-08T10:28:21Z,MrBeast,Gaming,Can I Beat An F1 Driver?,481687348,3918520,15862
UgxmfwIH7ocLxLIi9094AaABAg,WROMyJAJmp4,@ummishorna8928,The other guy should've been on the car. 😭,0,2026-09-06T09:28:49Z,MrBeast,Gaming,Can I Beat An F1 Driver?,481687348,3918520,15862
UgwIKLqTKrMnFNdgGyJ4AaABAg,WROMyJAJmp4,@Louise-n2e1u,Bro mrbeast had less string!😮😢,16,2025-12-22T20:18:13Z,MrBeast,Gaming,Can I Beat An F1 Driver?,481687348,3918520,15862
Ugxv7KrSgKY_7fx1RB54AaABAg,WROMyJAJmp4,@Creativeart-c6u,The car driver started 3 seconds late and still nearly won,11,2026-08-30T12:56:50Z,MrBeast,Gaming,Can I Beat An F1 Driver?,481687348,3918520,15862
UgyWT2PJJZ7yzSFFXxR4AaABAg,WROMyJAJmp4,@YassirBouamoud-xk1of,Russel doing a side quest,11,2026-07-07T21:27:57Z,MrBeast,Gaming,Can I Beat An F1 Driver?,481687348,3918520,15862
Ugy9dX94Bccj3EZ7jlB4AaABAg,WROMyJAJmp4,@clapys,And you have to turn on the engine while you already start running,0,2026-09-04T04:59:44Z,MrBeast,Gaming,Can I Beat An F1 Driver?,481687348,3918520,15862
Ugw6027bDNORlxuIG3N4AaABAg,WROMyJAJmp4,@rdrfam,Jimmy started running earlier before the car did.,7,2026-04-03T11:55:04Z,MrBeast,Gaming,Can I Beat An F1 Driver?,481687348,3918520,15862
Ugw1d3neqVojWRoSmH54AaABAg,WROMyJAJmp4,@poldelepel,latency vs speed...,21,2025-11-19T14:55:10Z,MrBeast,Gaming,Can I Beat An F1 Driver?,481687348,3918520,15862
Ugxbzt01nsRS0oQwS8p4AaABAg,WROMyJAJmp4,@TheEditorKing123,Bro prolly got paid 10k to go slow in the beginning😂❤,46,2025-11-19T21:42:40Z,MrBeast,Gaming,Can I Beat An F1 Driver?,481687348,3918520,15862
Ugw7G_dHUe30XktYgbh4AaABAg,WROMyJAJmp4,@cricketfilms1879,lmao what the guy just sat in the drivers seat for like 3 seconds?,1,2026-09-03T06:01:24Z,MrBeast,Gaming,Can I Beat An F1 Driver?,481687348,3918520,15862
UgwzIngA0xgeu9mWyN94AaABAg,WROMyJAJmp4,@Mr.NITRO7,Plot twist :The pink have less tape 😂,190,2025-11-19T03:03:08Z,MrBeast,Gaming,Can I Beat An F1 Driver?,481687348,3918520,15862
UgwTjF96NyOtJFaEEqV4AaABAg,WROMyJAJmp4,@KiyaanParbhoo-g8e,"Well this is a collab i didnt expect
😂",33,2025-11-18T19:21:23Z,MrBeast,Gaming,Can I Beat An F1 Driver?,481687348,3918520,15862
UgzJPFqhAgwtCpFHZDR4AaABAg,WROMyJAJmp4,@FhdAsr,تبدوا اكثر لياقة من نفسك قبل عامين 😎,11,2025-11-20T03:55:56Z,MrBeast,Gaming,Can I Beat An F1 Driver?,481687348,3918520,15862
UgzZujIOnylASqo5cKR4AaABAg,WROMyJAJmp4,@Alif_Animation-c5t,Consistency is better then motivation,0,2026-09-05T06:24:42Z,MrBeast,Gaming,Can I Beat An F1 Driver?,481687348,3918520,15862
UgzA2PkJUdWzJWNNHCd4AaABAg,WROMyJAJmp4,@åååÆååāā,Pink had less tape it’s so noticeable,47,2025-11-18T20:38:15Z,MrBeast,Gaming,Can I Beat An F1 Driver?,481687348,3918520,15862
UgySaB7maMMYge9zZG54AaABAg,dqpCvSU-ECE,@MrBeast,You saw it…subscribe!,16319,2026-05-17T15:57:22Z,MrBeast,Gaming,Can He Make This Shot?,465343538,3268466,28251
Ugy-w_hkz0CNDac9h9x4AaABAg,dqpCvSU-ECE,@ThisisMeThen,Juan is still a chill guy 😎,12185,2026-05-17T16:31:51Z,MrBeast,Gaming,Can He Make This Shot?,465343538,3268466,28251
UgwSAn0_VcdKkQnfiah4AaABAg,dqpCvSU-ECE,@Thukuna-d3w,He is still a chill guy,16,2026-09-20T23:02:12Z,MrBeast,Gaming,Can He Make This Shot?,465343538,3268466,28251
Ugxh6TlbUU0wfA2BiEx4AaABAg,dqpCvSU-ECE,@anoli4517,"Juan is the definition of ""just a chill guy""",4517,2026-05-17T17:09:53Z,MrBeast,Gaming,Can He Make This Shot?,465343538,3268466,28251
UgwAYkX3KbWsicEwdO14AaABAg,dqpCvSU-ECE,@VicmaryGarcía-c7l,They keep saying Mr. Best Fade Kai,4,2026-09-13T19:16:14Z,MrBeast,Gaming,Can He Make This Shot?,465343538,3268466,28251
Ugz3LRJBFgzZzuh79pJ4AaABAg,dqpCvSU-ECE,@Leynnadailylife,I subscribed for him 😊,10,2026-09-08T05:05:51Z,MrBeast,Gaming,Can He Make This Shot?,465343538,3268466,28251
UgyAZ4tX5vGSLNb5nLh4AaABAg,dqpCvSU-ECE,@Merla-w5k,Some people think it's diamond but in reality it's la peace,46,2026-09-01T09:45:44Z,MrBeast,Gaming,Can He Make This Shot?,465343538,3268466,28251
UgwzpXaOxLH5yxO8YA54AaABAg,dqpCvSU-ECE,@juro_que_no_soy_bot,Juan deidad✋🗿🤚,20,2026-08-20T20:24:58Z,MrBeast,Gaming,Can He Make This Shot?,465343538,3268466,28251
Ugx8dZBJR24Oy27Bcyl4AaABAg,dqpCvSU-ECE,@angelicaricio6822,Ugh I'm so tired from that means to you,11,2026-09-13T14:06:32Z,MrBeast,Gaming,Can He Make This Shot?,465343538,3268466,28251
Ugz8YO2NmYh0zFJgCHN4AaABAg,dqpCvSU-ECE,@Guikdthetop,He already hit 500M gang😭✌️,0,2026-09-30T06:02:34Z,MrBeast,Gaming,Can He Make This Shot?,465343538,3268466,28251
UgzqLi1B1EqOtjBKS3x4AaABAg,dqpCvSU-ECE,@BikashDas-w6c,I watch your videos from Nalchar tripura india and I like your videos very much ❤❤❤,21,2026-08-17T10:02:55Z,MrBeast,Gaming,Can He Make This Shot?,465343538,3268466,28251
UgwFKn-ofn2rRjT8tBV4AaABAg,dqpCvSU-ECE,@Objectsbenifit,Subscribing mr beast is like pouring water in sea,13,2026-09-23T09:27:37Z,MrBeast,Gaming,Can He Make This Shot?,465343538,3268466,28251
UgxCHxN5RTRmmego2754AaABAg,dqpCvSU-ECE,@Josh-jackson2-3,Who realized that MrBeast was not in that video,91,2026-08-17T00:15:54Z,MrBeast,Gaming,Can He Make This Shot?,465343538,3268466,28251
Ugz8WTwn7f2UnsGHOq54AaABAg,dqpCvSU-ECE,@RemyTheGod_VI,"Bro got me feeling like:
😮-😢-😮",0,2026-09-29T01:47:22Z,MrBeast,Gaming,Can He Make This Shot?,465343538,3268466,28251
UgwxZmOaPMJz4BPJx3F4AaABAg,dqpCvSU-ECE,@Harrybale-u2g,It reminds me of on video,19,2026-08-03T15:23:39Z,MrBeast,Gaming,Can He Make This Shot?,465343538,3268466,28251
UgyLc9_1GbYQhg8qFf54AaABAg,dqpCvSU-ECE,@RainShaldre,Theyre still in the convinient store😮😮so suprising!!,26,2026-08-14T10:48:41Z,MrBeast,Gaming,Can He Make This Shot?,465343538,3268466,28251
UgxWILA2EUB4K4zGXS54AaABAg,dqpCvSU-ECE,@JohnPaulPerezJp,Plot twist they repeat it 100x,10,2026-08-29T23:45:46Z,MrBeast,Gaming,Can He Make This Shot?,465343538,3268466,28251
UgxcoZ5kIak9So-SAPx4AaABAg,dqpCvSU-ECE,@MarkerTheGreen_alternate,"His son probably missed him, but once the son saw him they will also see something new",1,2026-09-24T08:37:41Z,MrBeast,Gaming,Can He Make This Shot?,465343538,3268466,28251
UgwQoZ3lQi46ZLdYzml4AaABAg,dqpCvSU-ECE,@VEK-c7k,Juan is built different 💪,27,2026-08-18T21:20:51Z,MrBeast,Gaming,Can He Make This Shot?,465343538,3268466,28251
Ugz4TsOxXFl-CwJqFfB4AaABAg,dqpCvSU-ECE,@FunnyCartoon-m1b,Assalam Walekum,35,2026-08-14T08:26:46Z,MrBeast,Gaming,Can He Make This Shot?,465343538,3268466,28251
Ugx2JIcHy7pqYWzex7N4AaABAg,dqpCvSU-ECE,@jackrbxjr,I'm going to subscribe,51,2026-08-13T23:09:24Z,MrBeast,Gaming,Can He Make This Shot?,465343538,3268466,28251
UgzAwpcogC6uhbvQwFJ4AaABAg,dqpCvSU-ECE,@boboi6181,Just one reason why I subscribe to Mr beast. Because he sometimes likes to help and give alms to the poor peoples❤🎉,1,2026-09-27T06:34:26Z,MrBeast,Gaming,Can He Make This Shot?,465343538,3268466,28251
Ugy_w8SzxR5vGv-ZpSJ4AaABAg,dqpCvSU-ECE,@vanessaurdaneta1218,Mrbeast quiere salir uno de tus desafíos😮,18,2026-08-21T15:24:40Z,MrBeast,Gaming,Can He Make This Shot?,465343538,3268466,28251
Ugw9asTU4BWBLfePLtR4AaABAg,dqpCvSU-ECE,@SergioAndrésYancesArcos-c4f,Good video msberts (sorry if I don't spell well)😅,17,2026-08-19T18:52:25Z,MrBeast,Gaming,Can He Make This Shot?,465343538,3268466,28251
UgxuPqedQeOulqj6JPx4AaABAg,dqpCvSU-ECE,@alexcrisostomobueno,"Another day, bro, I'll support you.",0,2026-09-28T02:03:52Z,MrBeast,Gaming,Can He Make This Shot?,465343538,3268466,28251
Ugxem21R0zbk_RdEIIJ4AaABAg,dqpCvSU-ECE,@kealeynate,this shows how long mrbeast videos actually take,18,2026-08-18T23:46:41Z,MrBeast,Gaming,Can He Make This Shot?,465343538,3268466,28251
Ugwzr1m_lG9ktorfdwN4AaABAg,dqpCvSU-ECE,@TeodoroJacinto-g7h2x,Kamosta  I am a fan I'm from the Philippines,9,2026-08-24T04:42:23Z,MrBeast,Gaming,Can He Make This Shot?,465343538,3268466,28251
Ugz-UBpqijpK5F9gd-N4AaABAg,dqpCvSU-ECE,@SunehaLivesh,😮😮😮😮 bro you get it how would you get a bro😮😮😮😮,21,2026-08-05T11:40:07Z,MrBeast,Gaming,Can He Make This Shot?,465343538,3268466,28251
UgwJjLIj53hhg1S5l2F4AaABAg,dqpCvSU-ECE,@MOVIESSERIES-r7x,“Came here for MrBeast… somehow ended up discovering a tiny movie channel 👀😂”,0,2026-09-29T19:29:39Z,MrBeast,Gaming,Can He Make This Shot?,465343538,3268466,28251
UgxVELu5ge4mLTxtUP54AaABAg,dqpCvSU-ECE,@DougClips500,Juan got buffed 😂,0,2026-09-29T14:10:34Z,MrBeast,Gaming,Can He Make This Shot?,465343538,3268466,28251
UgwZtIM6bNSfWiGbt4R4AaABAg,dqpCvSU-ECE,@sumatimirkale3511,Here before 1 hour,24,2026-05-17T16:02:08Z,MrBeast,Gaming,Can He Make This Shot?,465343538,3268466,28251
UgyDL2zut7SbmY_Hiqh4AaABAg,dqpCvSU-ECE,@ClippiesClappa,bro thats so coooool,9,2026-09-12T04:14:39Z,MrBeast,Gaming,Can He Make This Shot?,465343538,3268466,28251
UgyLOCarQ_p2NLzcNwF4AaABAg,dqpCvSU-ECE,@biankki_287,Señor best... Come arroz 😂😂😂,1,2026-09-26T22:08:32Z,MrBeast,Gaming,Can He Make This Shot?,465343538,3268466,28251
Ugx2HRTITPRbqtO7eXN4AaABAg,dqpCvSU-ECE,@Discoverygirlsmx,"Jajajaja lo hice en el momento que vi el clásico “suscríbete por una galleta”
Espero un dia estar en tus videos",14,2026-08-21T08:19:00Z,MrBeast,Gaming,Can He Make This Shot?,465343538,3268466,28251
UgwnQemjb4YzOPhc4NB4AaABAg,dqpCvSU-ECE,@MiniyEditz,Who Is Here After 500M 💀🔥,7,2026-08-22T10:17:56Z,MrBeast,Gaming,Can He Make This Shot?,465343538,3268466,28251
UgxZ7-2F1iYN17L9ZdR4AaABAg,dqpCvSU-ECE,@NadzuwasaidiKombo,🎉🎉 good mrbeast,7,2026-08-18T21:50:35Z,MrBeast,Gaming,Can He Make This Shot?,465343538,3268466,28251
UgyvouRr8-K4zNGQkUZ4AaABAg,dqpCvSU-ECE,@ElFranchesco_XD_YT,"Mr. Beast, never give up, keep going, but never give up. I wish you the best of luck.",0,2026-09-26T03:00:55Z,MrBeast,Gaming,Can He Make This Shot?,465343538,3268466,28251
Ugw0ofDhoC6-u1qcGIp4AaABAg,dqpCvSU-ECE,@gojiraedit01,Jokes on you I'm already subscribed,7,2026-09-11T03:50:06Z,MrBeast,Gaming,Can He Make This Shot?,465343538,3268466,28251
UgwT1XGdPBVT9OdKOB54AaABAg,dqpCvSU-ECE,@M.kSudhir-p1p,"আমার কপালে এইসব ভাগ্য জোটে না😢😢😢,, আপনার ভিডিও খুবই ভালো লাগে,, আশায় থাকলাম যদি কোনদিন আমার ভাগ্যে জোটে 🙋🙋",12,2026-08-11T03:21:19Z,MrBeast,Gaming,Can He Make This Shot?,465343538,3268466,28251
UgzaSJQdKa3xJ1HaSp54AaABAg,dqpCvSU-ECE,@guyonane2695,2o26😢🎉😂❤,18,2026-08-08T20:38:19Z,MrBeast,Gaming,Can He Make This Shot?,465343538,3268466,28251
UgywSiEQ_3YByvHmBzl4AaABAg,dqpCvSU-ECE,@alexcrisostomobueno,"Hey bro, if you're famous and all that, I'll support you a little another day.",0,2026-09-25T02:18:41Z,MrBeast,Gaming,Can He Make This Shot?,465343538,3268466,28251
UgyMWwTFdzOwCacIM0d4AaABAg,dqpCvSU-ECE,@CyrelAmigo,Jesus is greater than us all praise the king who is always with us and have never abandoned us,12,2026-05-25T09:04:32Z,MrBeast,Gaming,Can He Make This Shot?,465343538,3268466,28251
UgxTTEuFlGodkP8xxDB4AaABAg,dqpCvSU-ECE,@Umair_Abbas1116-hk4yl,I don't Follow orders.,23,2026-05-21T18:34:39Z,MrBeast,Gaming,Can He Make This Shot?,465343538,3268466,28251
UgwgOSY2Vc6tQJfDOUd4AaABAg,dqpCvSU-ECE,@LaLa-w2v,هاذا الاعلان طلعلي مليار مرا 😂😂😂😂😂😂😂😂😂😂😂😂😂😂😂,5,2026-08-28T19:31:42Z,MrBeast,Gaming,Can He Make This Shot?,465343538,3268466,28251
UgzYNM1DH5bypWUEX4J4AaABAg,dqpCvSU-ECE,@umaimachittorwala5060,U are best youtuber,0,2026-09-30T05:34:39Z,MrBeast,Gaming,Can He Make This Shot?,465343538,3268466,28251
UgwW13zuV5jrQIvXcBB4AaABAg,dqpCvSU-ECE,@merentiel092,"Juan deidad
Absolute cinema 🗿😎",6,2026-09-06T14:53:07Z,MrBeast,Gaming,Can He Make This Shot?,465343538,3268466,28251
UgywfQ72PMb1k-xX_zl4AaABAg,dqpCvSU-ECE,@RexAlcontin-l9e,I subb,9,2026-09-04T08:08:52Z,MrBeast,Gaming,Can He Make This Shot?,465343538,3268466,28251
UgzyxJdEpVpq4trjEax4AaABAg,dqpCvSU-ECE,@YumeiWu-u6r,"Details, Juan. They're still in the supermarket Those who haven't seen this episode can look for it",6,2026-09-11T07:59:30Z,MrBeast,Gaming,Can He Make This Shot?,465343538,3268466,28251
Ugw00AxG_38e62Y68Vd4AaABAg,dqpCvSU-ECE,@milenalisbethmachadofernandez,"MrBeast still has the most subscribers with 517 million, the best in the world",1,2026-09-20T19:50:56Z,MrBeast,Gaming,Can He Make This Shot?,465343538,3268466,28251
UgyDJ8DOBM1_fCSmJHx4AaABAg,dqpCvSU-ECE,@sword_mexio,Yep Juan is chilling guy,15,2026-08-16T21:19:13Z,MrBeast,Gaming,Can He Make This Shot?,465343538,3268466,28251
UgxXeEwFOgWmMpD6wk94AaABAg,dqpCvSU-ECE,@SitiAbdullah-d3w,Keep up the work,6,2026-08-26T05:01:25Z,MrBeast,Gaming,Can He Make This Shot?,465343538,3268466,28251
UgxGyraQ-1B1TatE-m14AaABAg,dqpCvSU-ECE,@SeridonAnabel,I already subscribe,6,2026-09-08T10:18:20Z,MrBeast,Gaming,Can He Make This Shot?,465343538,3268466,28251
Ugz6CuhVSMzOnMbSvah4AaABAg,dqpCvSU-ECE,@TristanSumadsad-m4u,You just completely participate the good at every basketball,0,2026-09-30T09:23:30Z,MrBeast,Gaming,Can He Make This Shot?,465343538,3268466,28251
Ugym3TBxZHRlDSbucw54AaABAg,dqpCvSU-ECE,@MaríaAngelicaBajalqueRomero,Mi tío mi TV es que es eso y todavía quiero lo quiero porque es un canción favorita me gusta,11,2026-08-20T02:25:18Z,MrBeast,Gaming,Can He Make This Shot?,465343538,3268466,28251
UgzrqIlrQALSbzHPAbN4AaABAg,dqpCvSU-ECE,@SalmaG-j1m,👍🏻👍🏻👍🏻,13,2026-09-03T13:51:56Z,MrBeast,Gaming,Can He Make This Shot?,465343538,3268466,28251
Ugy_lZN_mAWG81t4Eyd4AaABAg,dqpCvSU-ECE,@theboys_bluudude,"Chef pp new saying
""LIES HATE AND YOUR CRIES
YET I WRITHE BEGGING FOR THE
SCYTHE BRAT YOU CAN TRY!!!
BUT NOW I SUR VIVE
AS A RE VE NANT!!!!"" *-was so peak dud😭😭🥀🥀🥀-*",9,2026-09-13T07:22:23Z,MrBeast,Gaming,Can He Make This Shot?,465343538,3268466,28251
Ugy2hxMGKHTqZLKjqGV4AaABAg,dqpCvSU-ECE,@Abu-19891,Amazing skill 😮,1,2026-09-13T17:07:11Z,MrBeast,Gaming,Can He Make This Shot?,465343538,3268466,28251
UgwkKbdNuVVFky_OOSd4AaABAg,dqpCvSU-ECE,@Sebasramdon67,Hola 👋,9,2026-08-18T00:28:04Z,MrBeast,Gaming,Can He Make This Shot?,465343538,3268466,28251
UgwJc9fbXIPFuFxARJZ4AaABAg,dqpCvSU-ECE,@enyi_poyu,Who heard foltyns laug😭✌🏽,6,2026-09-08T06:41:00Z,MrBeast,Gaming,Can He Make This Shot?,465343538,3268466,28251
Ugy_NumI5pW3pSYAnzN4AaABAg,dqpCvSU-ECE,@AnilBharti-d1o,Congratulations,1,2026-09-30T08:09:14Z,MrBeast,Gaming,Can He Make This Shot?,465343538,3268466,28251
Ugwn0tOE3jrACwt4Vq54AaABAg,dqpCvSU-ECE,@AlirimarParra,That's false.,12,2026-08-01T22:11:43Z,MrBeast,Gaming,Can He Make This Shot?,465343538,3268466,28251
Ugx34PAP8sXP-qtIEsZ4AaABAg,dqpCvSU-ECE,@GladysValera-s7p,Thank you😅😅,1,2026-09-25T20:58:51Z,MrBeast,Gaming,Can He Make This Shot?,465343538,3268466,28251
Ugy_72vgxgJQP01HpWl4AaABAg,dqpCvSU-ECE,@قصي-ظ9غ,اشتركو انا عربي مشان ما حد يفكر مترجم😂😂😂,8,2026-08-18T17:39:51Z,MrBeast,Gaming,Can He Make This Shot?,465343538,3268466,28251
UgwOA1IPdGzbLfAhb5R4AaABAg,dqpCvSU-ECE,@UntoldHistoryTV-w7b,the chillest guy,6,2026-08-27T05:33:17Z,MrBeast,Gaming,Can He Make This Shot?,465343538,3268466,28251
UgwIIKv9UklG08QTuc54AaABAg,dqpCvSU-ECE,@capuchino143,Justo hoy fui a comer 👁️👄👁️✨,4,2026-08-24T18:21:30Z,MrBeast,Gaming,Can He Make This Shot?,465343538,3268466,28251
Ugyfj9eyfSe-rGktNwh4AaABAg,dqpCvSU-ECE,@KristineSantos-t2u,Cool I subscribe now❤❤,0,2026-09-29T23:28:35Z,MrBeast,Gaming,Can He Make This Shot?,465343538,3268466,28251
UgzE16RoBDFNT7pcjaZ4AaABAg,dqpCvSU-ECE,@JorgeBarrios-b6r,Juan Is still a chill guy 😎,11,2026-09-07T02:26:30Z,MrBeast,Gaming,Can He Make This Shot?,465343538,3268466,28251
Ugxh0aJJXjKosvwol_94AaABAg,dqpCvSU-ECE,@LuisMendoza-e9l,❤❤❤🎉🎉🎉😮,10,2026-09-08T03:19:19Z,MrBeast,Gaming,Can He Make This Shot?,465343538,3268466,28251
UgyNNXZAEtOc5dFXoJ54AaABAg,dqpCvSU-ECE,@layaMechal,😢😢❤😭😢😭😭😭😭😭😭😭😭😭😭😭😭😔,9,2026-08-20T03:04:17Z,MrBeast,Gaming,Can He Make This Shot?,465343538,3268466,28251
UgxV1oojxGemCU_LbBR4AaABAg,dqpCvSU-ECE,@saidkalama4637,Love you Mr beast ❤❤,1,2026-09-28T14:19:49Z,MrBeast,Gaming,Can He Make This Shot?,465343538,3268466,28251
UgxRdF4n7y4koudCVR54AaABAg,dqpCvSU-ECE,@Kai-r9w9u,I subscribe!🎉,5,2026-09-07T05:57:39Z,MrBeast,Gaming,Can He Make This Shot?,465343538,3268466,28251
UgycTxCWg-NqCCq3F9N4AaABAg,dqpCvSU-ECE,@NasarAhmed-c6j,🧨🎇🎆,12,2026-08-15T07:37:02Z,MrBeast,Gaming,Can He Make This Shot?,465343538,3268466,28251
Ugwp42RNJ1MX06OVLbF4AaABAg,dqpCvSU-ECE,@Syamsulcoc24,👍👍👍👍👍👍👍👍👍👍👍👍👍👍,13,2026-08-12T23:48:31Z,MrBeast,Gaming,Can He Make This Shot?,465343538,3268466,28251
UgzyYPKkRomHCqWVp1N4AaABAg,dqpCvSU-ECE,@WilimAeemzen,This is exactly why I just posted Rockefeller Center covered in snow ❄️ NYC in winter hits different 🗽,0,2026-09-26T00:02:37Z,MrBeast,Gaming,Can He Make This Shot?,465343538,3268466,28251
Ugx2rrUccGoqUcM53Ep4AaABAg,dqpCvSU-ECE,@Julisanchez-u8s,Juan is silla chill guy🎉,4,2026-08-29T02:27:49Z,MrBeast,Gaming,Can He Make This Shot?,465343538,3268466,28251
Ugy5QMQzrAGDKaJNyGN4AaABAg,686PL7rt654,@MrBeast,Nolan is never picking where we go again,81125,2025-10-03T15:59:06Z,MrBeast,Gaming,World’s Fastest Dinner Date,447657404,5205429,20112
Ugy7q3qZn51VG3Im2Xh4AaABAg,686PL7rt654,@Whistily2,The way she fed the cake😭,84612,2025-10-03T16:47:43Z,MrBeast,Gaming,World’s Fastest Dinner Date,447657404,5205429,20112
UgxJIp2Gw_EBdtqy31N4AaABAg,686PL7rt654,@Razor_Ridezz,"Fastest date❌
Food fight✅",2366,2026-08-18T19:26:41Z,MrBeast,Gaming,World’s Fastest Dinner Date,447657404,5205429,20112
UgzequfZ8ATR-gmiCmZ4AaABAg,686PL7rt654,@EdwardLoyd-s4x,I’m glad you found someone who loves you and truly does. You can tell.,13172,2025-10-03T22:04:37Z,MrBeast,Gaming,World’s Fastest Dinner Date,447657404,5205429,20112
UgwfEA09tPoYBpxnxz54AaABAg,686PL7rt654,@Roaring_rat,The strongest candle ever😂😂,143,2026-09-13T17:05:44Z,MrBeast,Gaming,World’s Fastest Dinner Date,447657404,5205429,20112
UgwqJ75_twoa9fdqrn14AaABAg,686PL7rt654,@Cool_Dude-j6o,It’s so wholesome how they tried to do the pasta kiss thing,15462,2025-10-03T18:00:44Z,MrBeast,Gaming,World’s Fastest Dinner Date,447657404,5205429,20112
Ugy-aQujOU01HKlPkSd4AaABAg,686PL7rt654,@Quran_321,1 dollar date vs 1 million dollar date 😂😂😂😂😂,16478,2025-10-03T16:11:38Z,MrBeast,Gaming,World’s Fastest Dinner Date,447657404,5205429,20112
Ugx1Ydq60Ngr4aefl0x4AaABAg,686PL7rt654,@JosephGitauOnTheGo,The reaction after seeing what was brought up thrilled me,4,2026-09-25T18:39:07Z,MrBeast,Gaming,World’s Fastest Dinner Date,447657404,5205429,20112
UgxJDouIf7dzmZT2ZjF4AaABAg,686PL7rt654,@Fandinator,"World's fastest dinner date ❌
World's strongest candle  ✅",2968,2025-10-04T16:13:27Z,MrBeast,Gaming,World’s Fastest Dinner Date,447657404,5205429,20112
Ugxwe_7MtT1XRedUuwd4AaABAg,686PL7rt654,@Chickenman-s9q,I love how the candle stayed put the whole time 😭😭,3914,2025-10-03T17:10:12Z,MrBeast,Gaming,World’s Fastest Dinner Date,447657404,5205429,20112
Ugz637mUgg3ATcVZ5KJ4AaABAg,686PL7rt654,@NolanHansen,Hope you enjoyed your meal! 😅,6864,2025-10-03T17:04:52Z,MrBeast,Gaming,World’s Fastest Dinner Date,447657404,5205429,20112
Ugyiqe0y6Y-ZS7nue-94AaABAg,686PL7rt654,@BedlrhanÖğmen,"Brother, you are still in my heart.",1,2026-09-25T21:26:10Z,MrBeast,Gaming,World’s Fastest Dinner Date,447657404,5205429,20112
UgxlgvTJ-M9n6c1lqQd4AaABAg,686PL7rt654,@XPApex,I love how they were still trying to eat it even after all of that,2274,2025-10-03T16:04:17Z,MrBeast,Gaming,World’s Fastest Dinner Date,447657404,5205429,20112
UgxGz7D9kRmVfKiaAMt4AaABAg,686PL7rt654,@AK_Animations_0,The messy kiss was perfect,2530,2025-10-03T20:39:45Z,MrBeast,Gaming,World’s Fastest Dinner Date,447657404,5205429,20112
UgxMCptxdCYRKixNU7p4AaABAg,686PL7rt654,@Fati_Queen-m3f,"We enjoy eating ❌
We fight for food. ✅",891,2026-07-26T05:42:14Z,MrBeast,Gaming,World’s Fastest Dinner Date,447657404,5205429,20112
UgyusdCRGmOqkXDlwUV4AaABAg,686PL7rt654,@PersonDFilms,the way that she fad the cake 😭,4,2026-09-26T17:37:42Z,MrBeast,Gaming,World’s Fastest Dinner Date,447657404,5205429,20112
UgzZp9PhS21KnMQjrUd4AaABAg,686PL7rt654,@KNZRoblox-y3v,Bro turned a date into a Fast & Furious scene 😭💀,231,2026-08-20T07:51:56Z,MrBeast,Gaming,World’s Fastest Dinner Date,447657404,5205429,20112
Ugw-CV0Js6mwSRP03Rh4AaABAg,686PL7rt654,@DIPSrajverma-in_bhai,"FAST DATE❌
BEST DATE❌
BEAST DATE✅",536,2026-06-10T14:41:35Z,MrBeast,Gaming,World’s Fastest Dinner Date,447657404,5205429,20112
UgyWkYnPYlcIS-6Fs7B4AaABAg,686PL7rt654,@asahired_0,"The plate: Yes, im free",239,2026-09-07T14:28:06Z,MrBeast,Gaming,World’s Fastest Dinner Date,447657404,5205429,20112
UgweIU3JLM5VNby8zCh4AaABAg,686PL7rt654,@LilWIL-o5t,"Fastest dinner ❌️
Speeding up ✅️",2,2026-09-27T10:04:11Z,MrBeast,Gaming,World’s Fastest Dinner Date,447657404,5205429,20112
UgxUkiHWY0MvpgkWsW54AaABAg,686PL7rt654,@IsaiahWinfrey-k6h,"Fast dinner date❌
Car eating speedrun ✅",568,2026-04-02T19:53:47Z,MrBeast,Gaming,World’s Fastest Dinner Date,447657404,5205429,20112
Ugxxfeiv6lIfoC7ybY14AaABAg,686PL7rt654,@AnnikaPetersen-m7q,The way he threw the spaghetti at her 😂😂😂😂😂😂😂,710,2025-12-22T18:59:30Z,MrBeast,Gaming,World’s Fastest Dinner Date,447657404,5205429,20112
UgwgHGU-otbMf9x4pmN4AaABAg,686PL7rt654,@Cobbles100,Bro took travel sickness to a whole new level! 😂😂,766,2025-10-03T16:19:12Z,MrBeast,Gaming,World’s Fastest Dinner Date,447657404,5205429,20112
UgwnQRB6JWVfg9T02Jh4AaABAg,686PL7rt654,@SufiyanDiwakar,Bro the camera man never dies,1,2026-09-28T18:10:15Z,MrBeast,Gaming,World’s Fastest Dinner Date,447657404,5205429,20112
UgyJd25X_HtBW2vWMfF4AaABAg,686PL7rt654,@Radhika_Bhat,1 dollar date vs 1 million dollar date 😂😂,594,2025-10-03T16:02:20Z,MrBeast,Gaming,World’s Fastest Dinner Date,447657404,5205429,20112
UgwpzBqrk3eeLN1FBE14AaABAg,686PL7rt654,@fahzonar,How did that candle survive all that chaos😭,675,2025-11-25T08:27:26Z,MrBeast,Gaming,World’s Fastest Dinner Date,447657404,5205429,20112
UgwMSYb5HWJfRBJCUrR4AaABAg,686PL7rt654,@Robot-riot,He definitely threw that spaghetti on her on purpose 😂,557,2026-01-18T21:41:05Z,MrBeast,Gaming,World’s Fastest Dinner Date,447657404,5205429,20112
Ugwrc5LbJLuQP_jasY94AaABAg,686PL7rt654,@GideonMarah,Bro is a daredevil,1,2026-09-25T13:41:29Z,MrBeast,Gaming,World’s Fastest Dinner Date,447657404,5205429,20112
Ugxy42Rq5ybS99XJte54AaABAg,686PL7rt654,@Vasanthi-t6x,The pain the car owner felt is unthinkable,182,2026-08-01T12:28:43Z,MrBeast,Gaming,World’s Fastest Dinner Date,447657404,5205429,20112
UgwtDQLnJGO5BPKaUld4AaABAg,686PL7rt654,@Maximo-n2b,Mr. Beast kisses before GTA 6 😮,398,2026-01-02T02:08:39Z,MrBeast,Gaming,World’s Fastest Dinner Date,447657404,5205429,20112
Ugyby2DOY0TyOV-2zKt4AaABAg,686PL7rt654,@Vincenz0-l4i4p,Cameraman never flys away,294,2026-08-14T14:36:55Z,MrBeast,Gaming,World’s Fastest Dinner Date,447657404,5205429,20112
Ugxg7CpehhuaEzkaKLR4AaABAg,686PL7rt654,@TubeRoomtv,I need to see the chef 😂😅,6,2026-09-15T20:51:27Z,MrBeast,Gaming,World’s Fastest Dinner Date,447657404,5205429,20112
Ugyrpq73lOjvMreStiF4AaABAg,686PL7rt654,@ShadyBuilds-o1v,I'd be gobbling down everything before the car turns cause the food is just too tasty,114,2026-07-16T13:35:23Z,MrBeast,Gaming,World’s Fastest Dinner Date,447657404,5205429,20112
UgzJ9ryfowpF2xN8zXl4AaABAg,686PL7rt654,@ازميرهامر,"حين تلعبون بطعامٍ هو نعمة من الله، تذكّروا أن هناك من يتمنى لقمةً تسدّ جوعه ولا يجدها.
الطعام ليس لعبة ولا شيئًا يُرمى بلا مبالاة؛ إنه نعمة تستحق الحمد والمحافظة عليها.
فاحمدوا الله على ما في أيديكم، ولا تجعلوا نعمه سببًا في وجع من حُرم منها.",15,2026-09-06T05:21:41Z,MrBeast,Gaming,World’s Fastest Dinner Date,447657404,5205429,20112
Ugzb5wa2qQf5X4r4ckB4AaABAg,686PL7rt654,@ay19kh19,1 weirdest date v$ 1 million weirdest date  😂😅,328,2025-10-03T21:54:59Z,MrBeast,Gaming,World’s Fastest Dinner Date,447657404,5205429,20112
UgxVEZLGw9MF5tvM02F4AaABAg,686PL7rt654,@Raza._.0ffici4l,Poor MrBeast 😌😂,1,2026-09-29T10:24:17Z,MrBeast,Gaming,World’s Fastest Dinner Date,447657404,5205429,20112
UgwRnzEoxdPLK-jjL5V4AaABAg,686PL7rt654,@Cemre-n8j,"Candle: I'm still standin' yeah, yeah, yeah",407,2025-10-03T22:34:23Z,MrBeast,Gaming,World’s Fastest Dinner Date,447657404,5205429,20112
Ugyz909UcWwZTvGSWCV4AaABAg,686PL7rt654,@JOSHWEB30,"The world's Fastest Dinner❌
The world's Messiest Dinner✅",418,2026-02-21T12:31:32Z,MrBeast,Gaming,World’s Fastest Dinner Date,447657404,5205429,20112
UgwoLVfJVaFuvMmZ4s94AaABAg,686PL7rt654,@notjokercuh,Not the Spegeti flying onto her HAHAHAHAHA,445,2025-10-14T17:08:17Z,MrBeast,Gaming,World’s Fastest Dinner Date,447657404,5205429,20112
Ugz6WJPGq8Y5rQYBynh4AaABAg,686PL7rt654,@CakePop_Sprinkles,The candle going like “IM STILL STANDINGG”,1,2026-09-27T02:00:59Z,MrBeast,Gaming,World’s Fastest Dinner Date,447657404,5205429,20112
Ugy3iereU1HEmQykHKR4AaABAg,686PL7rt654,@Mm2_mmv5454,"Your girlfriend is gorgeous, God bless you both, you're the best couple! ❤❤",161,2026-06-17T00:16:29Z,MrBeast,Gaming,World’s Fastest Dinner Date,447657404,5205429,20112
UgxKB22VP2N7-VyI5gp4AaABAg,686PL7rt654,@TTVETURI,1/mph date vs 1b/mph date😂😂😂,272,2025-10-03T16:52:05Z,MrBeast,Gaming,World’s Fastest Dinner Date,447657404,5205429,20112
Ugw2TrNINgE9DUH_wQJ4AaABAg,686PL7rt654,@Pythonpowervids,The plates flying got me dying 😂😂😂,383,2025-11-02T05:11:36Z,MrBeast,Gaming,World’s Fastest Dinner Date,447657404,5205429,20112
UgxIz5tveX8uNYHaCEd4AaABAg,686PL7rt654,@ChinteshPatidar-b2d,MR20 😂😂😂,3,2026-09-20T08:32:14Z,MrBeast,Gaming,World’s Fastest Dinner Date,447657404,5205429,20112
UgymEg21Ip4u2ycNHSN4AaABAg,686PL7rt654,@Gabrielkyamusoke-j7t,An adorable couple ❤,407,2025-10-03T16:03:58Z,MrBeast,Gaming,World’s Fastest Dinner Date,447657404,5205429,20112
UgytrNYSBTTcIUeMNlx4AaABAg,686PL7rt654,@TimJSwan,"Flowers: ""Bye.""
Candle: ""Ima stay here.""",181,2025-10-17T16:32:33Z,MrBeast,Gaming,World’s Fastest Dinner Date,447657404,5205429,20112
UgzGCyrzw3YHQWhSuUB4AaABAg,686PL7rt654,@Tobix_bobix,"""1 dollar fastest date Vs 1 million dollar fastest date""",278,2025-10-03T16:11:43Z,MrBeast,Gaming,World’s Fastest Dinner Date,447657404,5205429,20112
UgzsNM5WF1dS6bD3Thp4AaABAg,686PL7rt654,@Exaspweration,pov you run with papers in your hand in a windy day:,1,2026-09-24T23:29:23Z,MrBeast,Gaming,World’s Fastest Dinner Date,447657404,5205429,20112
UgzQdAacpTy-TQWqwAp4AaABAg,686PL7rt654,@YusufGümüş-p2p,Look at the way they're feeding it! 😢😢😢,8,2026-07-03T17:02:03Z,MrBeast,Gaming,World’s Fastest Dinner Date,447657404,5205429,20112
Ugx3nCXsYKw6l5zGLgl4AaABAg,686PL7rt654,@AngelHalderRIH,The plates flying 😭😭😭,250,2025-10-05T20:15:23Z,MrBeast,Gaming,World’s Fastest Dinner Date,447657404,5205429,20112
UgzjDiZSBaCEzM6g7FN4AaABAg,686PL7rt654,@safrarazak114,Bro the candle is the main character,255,2025-10-08T17:30:08Z,MrBeast,Gaming,World’s Fastest Dinner Date,447657404,5205429,20112
Ugx6eGBRza2gOhMXrfF4AaABAg,686PL7rt654,@Shinigami-sama-2013,Now that's what we call fast food 😂,1,2026-09-25T17:07:39Z,MrBeast,Gaming,World’s Fastest Dinner Date,447657404,5205429,20112
Ugw3sRTn9he-12nI2TN4AaABAg,686PL7rt654,@둘이서_레벨업,"비스트 유튜브 보고 영감받아서 저도 최근에 일그만두고 유튜브에서 좋은 일 하려합니다!
저 또한 유튜브가 주는 선한 영향력을 사랑하는 사람중 한명으로 꼭 비스트 유튜브 발톱때만큼이라도 기여하겠습니다",208,2025-10-04T08:22:36Z,MrBeast,Gaming,World’s Fastest Dinner Date,447657404,5205429,20112
Ugx6ZpOiKTYJPW08dzF4AaABAg,686PL7rt654,@Dafrcreator,The fork is dangourous,8,2026-07-18T10:56:57Z,MrBeast,Gaming,World’s Fastest Dinner Date,447657404,5205429,20112
UgxTF4jnht-3lap-AvR4AaABAg,686PL7rt654,@Norah.797,The last kiss 😭,185,2026-05-31T12:51:21Z,MrBeast,Gaming,World’s Fastest Dinner Date,447657404,5205429,20112
Ugw4Xft1gzNyZKSCTF94AaABAg,686PL7rt654,@obdark-m9f,This women is mad lucky,1,2026-09-24T18:28:37Z,MrBeast,Gaming,World’s Fastest Dinner Date,447657404,5205429,20112
Ugw7kG-zWBVViUQ3Fjl4AaABAg,686PL7rt654,@DanSlapp,Who’s here after they got married?!,39,2026-07-26T06:27:14Z,MrBeast,Gaming,World’s Fastest Dinner Date,447657404,5205429,20112
UgxPJuIZdkjHNlhNcl54AaABAg,686PL7rt654,@Karamplaysthis,Safety glasses for a date😂😂😂 best date ever,143,2025-10-03T16:07:51Z,MrBeast,Gaming,World’s Fastest Dinner Date,447657404,5205429,20112
UgzH2KAFD8BX2T0etgN4AaABAg,686PL7rt654,@Akshay-m9h,bro girlfriend not trusting now 😂,6,2026-08-19T11:47:43Z,MrBeast,Gaming,World’s Fastest Dinner Date,447657404,5205429,20112
UgxDGtzzQ_1STS5ZWQN4AaABAg,686PL7rt654,@Grfancyxtra,Best food mr eats ever 😂,3,2026-09-18T16:38:38Z,MrBeast,Gaming,World’s Fastest Dinner Date,447657404,5205429,20112
UgxM3jqudCK5kOTZxA94AaABAg,686PL7rt654,@Roronoa_X_Luffy,The way she fed the cake is 😭,216,2025-10-05T10:45:58Z,MrBeast,Gaming,World’s Fastest Dinner Date,447657404,5205429,20112
UgxXIT83cU6LyPNaPFB4AaABAg,686PL7rt654,@MuhammadYousaf-f3u,"Fast dinner date 
❌Kissing and loveely date✅",121,2026-05-17T00:11:21Z,MrBeast,Gaming,World’s Fastest Dinner Date,447657404,5205429,20112
UgzSkxQfudFFhgh7-9l4AaABAg,686PL7rt654,@charlesogbeide2595,You guys are so cute together,71,2025-10-03T19:26:33Z,MrBeast,Gaming,World’s Fastest Dinner Date,447657404,5205429,20112
UgzL5BgTQsgSHn5UXB94AaABAg,686PL7rt654,@SoulDaReaper3,That kiss was persenol💀,0,2026-09-30T12:20:56Z,MrBeast,Gaming,World’s Fastest Dinner Date,447657404,5205429,20112
Ugx3w_l-MR5QyRqXA3Z4AaABAg,686PL7rt654,@carlahicks6873,Being the girlfriend of Mr.Beast Is such a flex bro 💀💀💀,191,2026-02-17T17:05:56Z,MrBeast,Gaming,World’s Fastest Dinner Date,447657404,5205429,20112
UgyQpcIq3CnXj0qwVWl4AaABAg,686PL7rt654,@hennaa11,Last kiss was only successful done😂😂,20,2026-08-26T18:32:37Z,MrBeast,Gaming,World’s Fastest Dinner Date,447657404,5205429,20112
UgyFGQcvzUibIjO8RmN4AaABAg,686PL7rt654,@emiliano9399,What a beautiful couple they are!,8,2025-10-03T21:38:59Z,MrBeast,Gaming,World’s Fastest Dinner Date,447657404,5205429,20112
UgxiOXBeEYDCP3CJo2x4AaABAg,686PL7rt654,@denzelplays5553,The moment Jimmy started shouting never gets old,0,2026-09-26T16:23:24Z,MrBeast,Gaming,World’s Fastest Dinner Date,447657404,5205429,20112
UgybS3UC5Bizsy2rTA54AaABAg,686PL7rt654,@Viwelikz_ytt,The most important thing is the kiss at the end.😂😂😂,63,2026-04-24T22:02:15Z,MrBeast,Gaming,World’s Fastest Dinner Date,447657404,5205429,20112
Ugz32hWYHmWvuXHnfRt4AaABAg,686PL7rt654,@jayk92-11,It’s the plates hitting him that kills me 😂😂,13,2025-10-04T19:01:10Z,MrBeast,Gaming,World’s Fastest Dinner Date,447657404,5205429,20112
UgzgPpoNnvRdSoLYJhR4AaABAg,686PL7rt654,@awhxNena,Ihr seid so süß zusammen ❤,20,2025-10-03T16:43:07Z,MrBeast,Gaming,World’s Fastest Dinner Date,447657404,5205429,20112
Ugw3P8enNQBbFFM3HXl4AaABAg,686PL7rt654,@IM_ANJALI123,Finally mr beast have date😂,1,2026-09-24T02:50:13Z,MrBeast,Gaming,World’s Fastest Dinner Date,447657404,5205429,20112
UgwaY0GWXmnRn1vW7pR4AaABAg,686PL7rt654,@Mariamx247x,Now THATS a date 😂🙈👌,174,2025-10-03T16:02:28Z,MrBeast,Gaming,World’s Fastest Dinner Date,447657404,5205429,20112
UgyabzGuvl9Vn2xfxF54AaABAg,686PL7rt654,@Quran_321,Nice editing gimmy🎉,59,2025-10-03T16:13:37Z,MrBeast,Gaming,World’s Fastest Dinner Date,447657404,5205429,20112
Ugz09NajIJYM9P8UhHR4AaABAg,686PL7rt654,@NirvaCalpakian,The way she fed you the cake got me dying 😂😂,34,2025-10-10T02:31:11Z,MrBeast,Gaming,World’s Fastest Dinner Date,447657404,5205429,20112
UgxsAw2gwhjXFd8XyNV4AaABAg,SllXaJiQjBA,@ZIZZYSKYWALKER,Bros just collecting infinity stones at this point,26173,2026-05-19T16:45:52Z,MrBeast,Gaming,Every Youtube Play Button,395868130,3106588,39720
UgwXkQ3bL-h0LvqQk6h4AaABAg,SllXaJiQjBA,@ItsBrotherOp,One button is a dream bro unlocked the whole inventory 💀🏆,11032,2026-05-19T16:02:16Z,MrBeast,Gaming,Every Youtube Play Button,395868130,3106588,39720
UgzKcqSTiJjg2VzEdM54AaABAg,SllXaJiQjBA,@iKlein61,Bro made YouTube to create more playbuttons which nobody thought was possible.Legend,6383,2026-05-19T17:36:52Z,MrBeast,Gaming,Every Youtube Play Button,395868130,3106588,39720
UgxJFeFHL109fTNvvRR4AaABAg,SllXaJiQjBA,@xixi__rose1225,"Wow, these medals are so cool! This is the first time I've ever seen them.",14,2026-09-01T14:20:04Z,MrBeast,Gaming,Every Youtube Play Button,395868130,3106588,39720
Ugwbajgvm9FG5jSpUtJ4AaABAg,SllXaJiQjBA,@ShotBy_Demon,Never thought MrBeast would be using a LINKIN PARK song,224,2026-08-16T06:08:56Z,MrBeast,Gaming,Every Youtube Play Button,395868130,3106588,39720
UgzGcF2LhlvxJCzvVX54AaABAg,SllXaJiQjBA,@Tala-al-Sharaiyra,10 years ago he thought that he'll only have 1million. Look at him now❤,2448,2026-05-19T16:15:21Z,MrBeast,Gaming,Every Youtube Play Button,395868130,3106588,39720
UgwLLZ7nh-ax5xf1Arp4AaABAg,SllXaJiQjBA,@Scrapseal,I’m curious to see what the 500M play button would look like,1502,2026-05-19T16:02:01Z,MrBeast,Gaming,Every Youtube Play Button,395868130,3106588,39720
Ugyi51uN-Z7xreERJ0h4AaABAg,SllXaJiQjBA,@collabvideossunil5511,Thanks for 166 YouTube Family Members ❤❤❤❤🎉🎉🎉🎉🎉mr beast,0,2026-09-30T06:48:25Z,MrBeast,Gaming,Every Youtube Play Button,395868130,3106588,39720
Ugw5RK0LOawKIi_Gn4B4AaABAg,SllXaJiQjBA,@TheCheeseLordx,Bro cant even remember his 1M and 100K playbuttons 😂😂,961,2026-05-21T06:53:04Z,MrBeast,Gaming,Every Youtube Play Button,395868130,3106588,39720
Ugy4MQz4QkwJDNvwJmB4AaABAg,SllXaJiQjBA,@Solar7001,MRBEAST USED LINKIN PARK MUSIC???? 🤩🤩🤩,87,2026-08-02T16:51:21Z,MrBeast,Gaming,Every Youtube Play Button,395868130,3106588,39720
UgzIIRhC18Gdo1VSanF4AaABAg,SllXaJiQjBA,@Alikhan-e8,"At this point, I am convinced Jimmy is going to buy the moon next and give it to a random subscriber. 💀🚀""",87,2026-07-15T09:53:18Z,MrBeast,Gaming,Every Youtube Play Button,395868130,3106588,39720
UgyZzvn3DgScopY1Zqx4AaABAg,SllXaJiQjBA,@عبدالله-ف8ص7ش,"Hello Mr. Bean, I'm from Syria. Congratulations on the awards, you're the best YouTuber in the world! ❤❤",1,2026-09-29T04:00:50Z,MrBeast,Gaming,Every Youtube Play Button,395868130,3106588,39720
Ugx32p1xow8LudkSlfF4AaABAg,SllXaJiQjBA,@Boomkicks-boomkicklord,Bro is casually just sleeping on money😭,664,2026-05-19T18:52:18Z,MrBeast,Gaming,Every Youtube Play Button,395868130,3106588,39720
UgzhWOJFcTAhvfKDeL54AaABAg,SllXaJiQjBA,@NOTKINGBRINE,Justice for silver and gold play button,97,2026-05-24T11:48:12Z,MrBeast,Gaming,Every Youtube Play Button,395868130,3106588,39720
Ugyu0xGU1mTLHhZN_vp4AaABAg,SllXaJiQjBA,@daximusyt,Bro lost the 100k and 1M ones XD,404,2026-05-19T16:06:01Z,MrBeast,Gaming,Every Youtube Play Button,395868130,3106588,39720
UgzLvLp0SwuguyQuQ9l4AaABAg,SllXaJiQjBA,@Gaten_verity,"""one more to collect the six infinity stones"" hits hard🔥",1,2026-09-26T08:19:30Z,MrBeast,Gaming,Every Youtube Play Button,395868130,3106588,39720
Ugx8MAKj9aKa1WALQ4x4AaABAg,SllXaJiQjBA,@hishamMostafa-xc8vm,"I want to study in America, and I need the tuition to be fully funded. I've been following you since 2019, and I hope you see my comment because I really want to study in America. Please.",25,2026-09-13T13:46:40Z,MrBeast,Gaming,Every Youtube Play Button,395868130,3106588,39720
Ugw5Msge-h9K5mx8X9Z4AaABAg,SllXaJiQjBA,@MarvinsRoom8,1 billion is gonna be crazy,92,2026-05-19T16:29:12Z,MrBeast,Gaming,Every Youtube Play Button,395868130,3106588,39720
UgwZEkPQZv3s-usLQGN4AaABAg,SllXaJiQjBA,@IncredibleAtmoz,He will become YouTube Thanos and snap channels out of existence,185,2026-05-26T08:01:42Z,MrBeast,Gaming,Every Youtube Play Button,395868130,3106588,39720
UgxzkHMiUsBUjrO0NjF4AaABAg,SllXaJiQjBA,@I_love_youtube4826,Breaking bad core😂:,0,2026-09-30T08:58:02Z,MrBeast,Gaming,Every Youtube Play Button,395868130,3106588,39720
Ugx09Ox7N9jsmwxAnQV4AaABAg,SllXaJiQjBA,@LinoLV,"""Micheal bay"" hits hard",37,2026-05-19T16:49:55Z,MrBeast,Gaming,Every Youtube Play Button,395868130,3106588,39720
UgwcqogR8_yMKR_ltCJ4AaABAg,SllXaJiQjBA,@somethingyoucannotfind,I think youtube stops doing legit play buttons at 200M,81,2026-05-23T00:52:06Z,MrBeast,Gaming,Every Youtube Play Button,395868130,3106588,39720
UgzoGsJoZMDu7SPETAt4AaABAg,SllXaJiQjBA,@BrodyTutewiler-j5p,Bro gets a new one every week at this point 😭,77,2026-05-25T01:06:44Z,MrBeast,Gaming,Every Youtube Play Button,395868130,3106588,39720
UgwD6b9tRRGC3h_fxmZ4AaABAg,SllXaJiQjBA,@Hypeeemoments,That 200 million is beautiful,0,2026-09-29T23:43:25Z,MrBeast,Gaming,Every Youtube Play Button,395868130,3106588,39720
UgxL6UiptimRA7FWD554AaABAg,SllXaJiQjBA,@Commenttetor,Human stomach never fills,45,2026-05-23T10:28:16Z,MrBeast,Gaming,Every Youtube Play Button,395868130,3106588,39720
Ugy3h6CN5UHMGXUwww54AaABAg,SllXaJiQjBA,@sailor1492,We made the right person famous,35,2026-05-19T16:03:30Z,MrBeast,Gaming,Every Youtube Play Button,395868130,3106588,39720
Ugykmy3MtmU3S6zFqZB4AaABAg,SllXaJiQjBA,@chinnkong,Bro called me broke in 30 different languages,85,2026-06-01T07:33:47Z,MrBeast,Gaming,Every Youtube Play Button,395868130,3106588,39720
Ugxr-LVMK7PG1_klPXR4AaABAg,SllXaJiQjBA,@Flight_RL,I came at 35 million. I will always remember that from the screenshot I have.,1,2026-09-19T21:08:19Z,MrBeast,Gaming,Every Youtube Play Button,395868130,3106588,39720
UgwzmizYaE9RHKrWjKp4AaABAg,SllXaJiQjBA,@Techno-Dev07,Watching his growth over the years has been inspiring 💖 😇,30,2026-05-20T03:48:40Z,MrBeast,Gaming,Every Youtube Play Button,395868130,3106588,39720
Ugzf4kNxH-bjy7jJ1Xh4AaABAg,SllXaJiQjBA,@JamesTheEditor_13,Bro Is Rich And Still Has A Damaged Side Of His Phone😭🥀,97,2026-06-04T22:07:48Z,MrBeast,Gaming,Every Youtube Play Button,395868130,3106588,39720
UgzGxQsQZsgg9c15aVF4AaABAg,SllXaJiQjBA,@Candelight_Music,Bro sleeping on his money like its mattress 😂,40,2026-05-19T16:15:27Z,MrBeast,Gaming,Every Youtube Play Button,395868130,3106588,39720
UgwoJlKbI8EUfeUdMIN4AaABAg,SllXaJiQjBA,@Iamsnom,holy vibe check,1,2026-09-16T00:15:40Z,MrBeast,Gaming,Every Youtube Play Button,395868130,3106588,39720
UgwmycoBY58VDcrFDaR4AaABAg,SllXaJiQjBA,@JohnreyreyesRebojo,The song in the background is so good,8,2026-06-29T05:52:46Z,MrBeast,Gaming,Every Youtube Play Button,395868130,3106588,39720
UgwlItEm6tcOOEWTl7t4AaABAg,SllXaJiQjBA,@JohnKempofficial,100 and 200 million are sick,125,2026-05-20T08:40:02Z,MrBeast,Gaming,Every Youtube Play Button,395868130,3106588,39720
UgwEEvbTNZFMoCPpDy94AaABAg,SllXaJiQjBA,@realzombieboi,Michael Bay directed transformers.,38,2026-07-22T16:34:29Z,MrBeast,Gaming,Every Youtube Play Button,395868130,3106588,39720
UgySiB3n8b4znGcVHb54AaABAg,SllXaJiQjBA,@CUTENESS-00-k5b,502 million subscribers now☠️☠️,91,2026-06-16T18:25:28Z,MrBeast,Gaming,Every Youtube Play Button,395868130,3106588,39720
UgwRduecNyYFR_2Si7F4AaABAg,SllXaJiQjBA,@Nixson0907,"YouTube 🗣️: ""Let's make it""",48,2026-05-19T16:19:10Z,MrBeast,Gaming,Every Youtube Play Button,395868130,3106588,39720
UgzteYGDIW2kUWkzEex4AaABAg,SllXaJiQjBA,@TheLegend-tl2,Bro makes YouTube work overtime with new  buttons,164,2026-05-19T16:53:10Z,MrBeast,Gaming,Every Youtube Play Button,395868130,3106588,39720
Ugzy7zRUw4bhnrGobkx4AaABAg,SllXaJiQjBA,@tahieshalogan5939,He's collecting the Infinity Stones 😭,1,2026-09-20T16:21:32Z,MrBeast,Gaming,Every Youtube Play Button,395868130,3106588,39720
Ugx-e9QJqUBTWhAUj9h4AaABAg,SllXaJiQjBA,@tanjiro-d4e,It feels like a movie trailer,37,2026-05-25T08:37:03Z,MrBeast,Gaming,Every Youtube Play Button,395868130,3106588,39720
UgwyyGizPlOeqUpJ6ON4AaABAg,SllXaJiQjBA,@arpitasen2087,Who is here after 500 million,239,2026-06-12T15:08:25Z,MrBeast,Gaming,Every Youtube Play Button,395868130,3106588,39720
UgwEOQrJ2ksDCetAJeZ4AaABAg,SllXaJiQjBA,@BobbyBlox25YT,100k “what about meeee”,75,2026-06-11T18:11:31Z,MrBeast,Gaming,Every Youtube Play Button,395868130,3106588,39720
UgwYfliQjwgmlxo246d4AaABAg,SllXaJiQjBA,@Boombncyt16,Bro is flexing his money!,0,2026-09-30T03:54:01Z,MrBeast,Gaming,Every Youtube Play Button,395868130,3106588,39720
Ugw58HbK6eY-dJueM7t4AaABAg,SllXaJiQjBA,@Morecurly,Bro I’m out here trying to get 1 and you’ve got a whole collection 😭,91,2026-05-20T10:22:56Z,MrBeast,Gaming,Every Youtube Play Button,395868130,3106588,39720
UgyemW3VrEqGKWuwh6N4AaABAg,SllXaJiQjBA,@Pengo1321,The Linkin Park song makes this short even better...,43,2026-06-30T22:43:41Z,MrBeast,Gaming,Every Youtube Play Button,395868130,3106588,39720
Ugy-phW0lvXadQ4Fhed4AaABAg,SllXaJiQjBA,@Srirajeditpro,I think Jimmy is the next version of Thanos all he needs is a a metal glove to activate the gems,45,2026-05-19T17:48:11Z,MrBeast,Gaming,Every Youtube Play Button,395868130,3106588,39720
UgwagCGDrG7-sKhSSgR4AaABAg,SllXaJiQjBA,@hlunyeeofficial,"He slept on millions,but his real dream was 400M family. Money can buy bed,but not love like this . You deserve it Beast! ❤",2,2026-09-04T19:56:37Z,MrBeast,Gaming,Every Youtube Play Button,395868130,3106588,39720
UgxZ18XBfYmmUN1iA-14AaABAg,SllXaJiQjBA,@EmilyCosta-i7f,He is collecting play buttons like infinity stones,22,2026-06-12T22:08:54Z,MrBeast,Gaming,Every Youtube Play Button,395868130,3106588,39720
Ugw-a4XDaM-sAGOwc7F4AaABAg,SllXaJiQjBA,@MatsanDCruz,The fact that bro started from 10 million rather than 100k,46,2026-05-21T10:35:56Z,MrBeast,Gaming,Every Youtube Play Button,395868130,3106588,39720
UgzpMFFLEP4iyoYSLgB4AaABAg,SllXaJiQjBA,@council_manager-1,bro is so goated that he didn't even bother to show the first 2 playbuttons,20,2026-06-05T20:00:50Z,MrBeast,Gaming,Every Youtube Play Button,395868130,3106588,39720
Ugw_U49Y2bBu3wX1KVt4AaABAg,SllXaJiQjBA,@Idontknow1_1-l1t,Hope you get the 1B play button too one day,0,2026-09-27T23:02:07Z,MrBeast,Gaming,Every Youtube Play Button,395868130,3106588,39720
UgxpFSUKTDJvHpPD2kp4AaABAg,SllXaJiQjBA,@jstm0chi,200 million looks crazy,113,2026-05-21T00:40:44Z,MrBeast,Gaming,Every Youtube Play Button,395868130,3106588,39720
UgwEAmirqEX_9w7Zxnt4AaABAg,SllXaJiQjBA,@Animaj.2.0,YouTube engineers are sweating trying to design the 500M play button before Jimmy hits it next month🗿⚡,131,2026-05-20T15:41:20Z,MrBeast,Gaming,Every Youtube Play Button,395868130,3106588,39720
Ugy2OquCGS9hlw6mNJR4AaABAg,SllXaJiQjBA,@CandelightEdits,Directed by Michael bay 😂,37,2026-05-19T16:09:31Z,MrBeast,Gaming,Every Youtube Play Button,395868130,3106588,39720
Ugx5DHhWgJwa_Ir1xP14AaABAg,SllXaJiQjBA,@Moneysimplified-g2o,“My dream that will never come true.”,1,2026-09-03T18:52:35Z,MrBeast,Gaming,Every Youtube Play Button,395868130,3106588,39720
Ugz_XTAlNhuKr-6lSDh4AaABAg,SllXaJiQjBA,@pineappl-f2x,Bro just made YouTube history 💀,153,2026-05-22T18:00:52Z,MrBeast,Gaming,Every Youtube Play Button,395868130,3106588,39720
UgxuQ8_Rkad7mSTmHxx4AaABAg,SllXaJiQjBA,@good_samaritan-s,"Rest and peace Chester, Linkin Park",32,2026-05-20T19:33:38Z,MrBeast,Gaming,Every Youtube Play Button,395868130,3106588,39720
UgxjHGRxakdHL37iFuV4AaABAg,SllXaJiQjBA,@Shadowlord-i1b,Jimmy has just made it in life.,132,2026-05-19T16:00:38Z,MrBeast,Gaming,Every Youtube Play Button,395868130,3106588,39720
UgwdJYp7x_yZL60wUCl4AaABAg,SllXaJiQjBA,@FarahKhan-m6c,Wow ma sha Allah mrbeast 😊❤🙌🏻,1,2026-09-06T18:25:18Z,MrBeast,Gaming,Every Youtube Play Button,395868130,3106588,39720
UgxC5K2RMk1m1dDz5sF4AaABAg,SllXaJiQjBA,@rakhirauthanandishmitrauth8462,Bro started from diamond Play button ❤,103,2026-05-19T17:19:03Z,MrBeast,Gaming,Every Youtube Play Button,395868130,3106588,39720
UgyhhWnSj0bHq1tJGDl4AaABAg,SllXaJiQjBA,@kneeofjustice9619,I was about to say it looks like a crime scene and then we just shows Jimmy on the floor,107,2026-05-19T16:01:05Z,MrBeast,Gaming,Every Youtube Play Button,395868130,3106588,39720
Ugz3CoEV1_vIZwfNeQB4AaABAg,SllXaJiQjBA,@Harriet_the_fish,Imagine if he got 1 billion,5,2026-07-05T17:42:10Z,MrBeast,Gaming,Every Youtube Play Button,395868130,3106588,39720
UgzgLeytIYPCF7fh2514AaABAg,SllXaJiQjBA,@RifaiHasan-b2m,"Mr. Beast, I'm your fan, Mr. Beast, I want to see my fans have 1 billion subscribers, yeah, I live in Indonesia, greetings from America",3,2026-08-14T08:20:47Z,MrBeast,Gaming,Every Youtube Play Button,395868130,3106588,39720
UgyUFsVQ90GPmD9-bpR4AaABAg,SllXaJiQjBA,@Jayandrick,Bro just called me me broke 400 million ways,173,2026-05-19T16:23:00Z,MrBeast,Gaming,Every Youtube Play Button,395868130,3106588,39720
UgylmNUPjDHbopLLTFx4AaABAg,SllXaJiQjBA,@Prepared648,Mr beast and linkin park is an elite collab,51,2026-05-20T00:52:41Z,MrBeast,Gaming,Every Youtube Play Button,395868130,3106588,39720
Ugzss3aKqsxnr2X-KsN4AaABAg,SllXaJiQjBA,@realzombieboi,remind me of transformers movie,9,2026-07-22T16:33:32Z,MrBeast,Gaming,Every Youtube Play Button,395868130,3106588,39720
UgzFdCaI5qM6tHGsu_B4AaABAg,SllXaJiQjBA,@Kishan-Patwa_3-5ey,"You are YouTube,s father ❤",1,2026-09-16T05:32:20Z,MrBeast,Gaming,Every Youtube Play Button,395868130,3106588,39720
Ugw9NjPYo9wA8t5WX5Z4AaABAg,SllXaJiQjBA,@nnoahfn,''MrBeast making a movie before GTA 6'',161,2026-05-19T20:28:19Z,MrBeast,Gaming,Every Youtube Play Button,395868130,3106588,39720
UgxcCPtnNGFZ3iyqq9x4AaABAg,SllXaJiQjBA,@islamiczoon7-iz7,"Seeing this collection of Play Buttons makes me emotional 😭 So many sleepless nights, so much hard work... and today the whole world is following you. Your journey to 500 Million is incredibly inspiring. People like you truly make the world a better place 😊",18,2026-05-22T07:58:19Z,MrBeast,Gaming,Every Youtube Play Button,395868130,3106588,39720
UgwMagaxmYp-DO9_iC54AaABAg,SllXaJiQjBA,@YHOOEDIT,BRO'S JUST COLLECTING INFINITY STONES AT THE POINT 🗿🔥,38,2026-05-20T02:46:38Z,MrBeast,Gaming,Every Youtube Play Button,395868130,3106588,39720
UgzAN-EMM7pvy_ksgJN4AaABAg,SllXaJiQjBA,@مستر.ديمون,"But there are YouTube shields that don't exist, such as the shield for the100K Subscriber and Sheld the 1M and Sheld the 50M 😂😂",2,2026-09-28T20:42:27Z,MrBeast,Gaming,Every Youtube Play Button,395868130,3106588,39720
Ugw_PsFCUgd6Atyi2tt4AaABAg,SllXaJiQjBA,@Ultra-Max-PvP,You forgot the 100K subscribe button 1M and 50M subscribe button,81,2026-05-21T23:33:40Z,MrBeast,Gaming,Every Youtube Play Button,395868130,3106588,39720
UgykHwMpRYmxsZ_wbwB4AaABAg,SllXaJiQjBA,@DIMASAdsel-b2t,Bros just collecting infinity Stones at this  500.000.001,119,2026-05-24T08:37:34Z,MrBeast,Gaming,Every Youtube Play Button,395868130,3106588,39720
UgzbJv3UcNLek2tIuwl4AaABAg,SllXaJiQjBA,@importanttreea9865,Cant wait to see what the 1B play button looks like,30,2026-05-26T07:49:55Z,MrBeast,Gaming,Every Youtube Play Button,395868130,3106588,39720
UgwXNHV6IuFd66cJ_WZ4AaABAg,SllXaJiQjBA,@saimaamir3533,I love the 200 million one,0,2026-09-16T12:54:24Z,MrBeast,Gaming,Every Youtube Play Button,395868130,3106588,39720
Ugwu5AYBus8ofP9Zohd4AaABAg,c9VS_cgInT4,@MrBeast,bad day to not be subscribed,22989,2026-02-28T19:56:05Z,MrBeast,Gaming,"Subscribe, I’ll Double Your Bank Account",383218834,3415529,28362
UgwJE-l13O4oq1WeyXh4AaABAg,c9VS_cgInT4,@SchmergDergen,Please don't double my -255.60!,27181,2026-02-28T20:06:56Z,MrBeast,Gaming,"Subscribe, I’ll Double Your Bank Account",383218834,3415529,28362
UgwGOffIqt19Xwndz7h4AaABAg,c9VS_cgInT4,@Maham-s3k,Bro just exposed her bank account,14407,2026-02-28T20:27:36Z,MrBeast,Gaming,"Subscribe, I’ll Double Your Bank Account",383218834,3415529,28362
Ugz651H_epklzDSljId4AaABAg,c9VS_cgInT4,@shannonsucipto6294,"""But not u?""
Hahahahah bro just roasted her😂",8,2026-08-25T14:37:58Z,MrBeast,Gaming,"Subscribe, I’ll Double Your Bank Account",383218834,3415529,28362
UgyfPKyzCE8T71fn2_d4AaABAg,c9VS_cgInT4,@Steemr1275,all fun and games until Mrbeast doubles your debt 🤣,6533,2026-02-28T21:28:54Z,MrBeast,Gaming,"Subscribe, I’ll Double Your Bank Account",383218834,3415529,28362
Ugz6UWBxrxgq_IFsPPJ4AaABAg,c9VS_cgInT4,@CreedSavar,Imagine deleting YouTube and then you see Mrbeast a week later😂😂😂,3009,2026-02-28T20:05:08Z,MrBeast,Gaming,"Subscribe, I’ll Double Your Bank Account",383218834,3415529,28362
Ugxf7nDC52OIJVfLuM94AaABAg,c9VS_cgInT4,@DownIoading,and then the irs takes 90% of it,46,2026-08-16T21:22:11Z,MrBeast,Gaming,"Subscribe, I’ll Double Your Bank Account",383218834,3415529,28362
Ugwr_UWONm-7LBuKNZh4AaABAg,c9VS_cgInT4,@Haryanto-r1y,Alhamdulillah Amin amin ya rabbal alamin terimakasih ❤❤,10,2026-08-27T06:15:45Z,MrBeast,Gaming,"Subscribe, I’ll Double Your Bank Account",383218834,3415529,28362
UgwVQk2moB-KS3CwzwF4AaABAg,c9VS_cgInT4,@plankington-l4l,all laughs and giggles until you accidentally said this to elon musk,62,2026-07-22T03:37:45Z,MrBeast,Gaming,"Subscribe, I’ll Double Your Bank Account",383218834,3415529,28362
UgyL3lhrhrY-BbLmvj94AaABAg,c9VS_cgInT4,@storytimewithunclebill1998,Awesome!! Hope you're having a great day!!,11,2026-08-13T01:51:52Z,MrBeast,Gaming,"Subscribe, I’ll Double Your Bank Account",383218834,3415529,28362
UgyvfSpWe9u7jUwZxcJ4AaABAg,c9VS_cgInT4,@Zahremohammadi4149,"Even if I subscribe to your channel, I’ll never get that money anyway. 😭😂",4,2026-09-20T09:18:43Z,MrBeast,Gaming,"Subscribe, I’ll Double Your Bank Account",383218834,3415529,28362
Ugwu9kMniOifUeMDj014AaABAg,c9VS_cgInT4,@crdixoxx,"""I'm in debt 😔""

-famous last words",1098,2026-03-02T10:33:20Z,MrBeast,Gaming,"Subscribe, I’ll Double Your Bank Account",383218834,3415529,28362
UgwCiWRUhABxDgSw7J14AaABAg,c9VS_cgInT4,@Almira1Alya2,"Sorry, I'm originally in Indonesia, I can't meet you.",19,2026-07-13T10:43:11Z,MrBeast,Gaming,"Subscribe, I’ll Double Your Bank Account",383218834,3415529,28362
Ugyr7KlnSKpZPeROCaB4AaABAg,c9VS_cgInT4,@Ronaldhino123,Imagine he saw Elon musk and he was subscribed,85,2026-08-02T19:13:37Z,MrBeast,Gaming,"Subscribe, I’ll Double Your Bank Account",383218834,3415529,28362
Ugzj2TFN-SUebZ8USWJ4AaABAg,c9VS_cgInT4,@SheinaPahaganas,Hope I too will be blessed like thia,28,2026-06-02T11:07:43Z,MrBeast,Gaming,"Subscribe, I’ll Double Your Bank Account",383218834,3415529,28362
UgyMKWvAf25T75rOy7Z4AaABAg,c9VS_cgInT4,@NurZakiarahmi,I have subscribed using all my accounts and all my family members' accounts. Can you help me?,13,2026-07-16T22:57:06Z,MrBeast,Gaming,"Subscribe, I’ll Double Your Bank Account",383218834,3415529,28362
Ugx-igFwEmBtSSBKoQZ4AaABAg,c9VS_cgInT4,@SvN_HaX,He's doubling 0.1cents for me,70,2026-07-19T13:32:10Z,MrBeast,Gaming,"Subscribe, I’ll Double Your Bank Account",383218834,3415529,28362
UgwwAPNIbbVVgWdcLdl4AaABAg,c9VS_cgInT4,@Zahremohammadi4149,"Imagine I subscribed to MrBeast’s channel, but I know I’ll never be able to meet him or get the money. 😭😂",3,2026-09-20T09:21:17Z,MrBeast,Gaming,"Subscribe, I’ll Double Your Bank Account",383218834,3415529,28362
UgxDOk7qwfxnXjcqzC54AaABAg,c9VS_cgInT4,@PRANZ-k9e,Beli mangga lupa di iris=misterbis😹,17,2026-07-04T04:23:41Z,MrBeast,Gaming,"Subscribe, I’ll Double Your Bank Account",383218834,3415529,28362
UgyCjEpsvcvjvt9YnfZ4AaABAg,c9VS_cgInT4,@UuyreAau,What if you double bank account Elon Musk 😊,26,2026-06-23T02:34:19Z,MrBeast,Gaming,"Subscribe, I’ll Double Your Bank Account",383218834,3415529,28362
UgxHBBgiRFiaEdBqgzN4AaABAg,c9VS_cgInT4,@Ziggy-l9u,"""If your subscribed I will double you- Ohhh hey Elon 😅""",20,2026-08-24T20:20:25Z,MrBeast,Gaming,"Subscribe, I’ll Double Your Bank Account",383218834,3415529,28362
UgzppWu9anDjRlxJLet4AaABAg,c9VS_cgInT4,@LilisLilis-h1m3o,Indonesia jawabarat bogor ciseeng plisssss😢,3,2026-09-09T21:47:08Z,MrBeast,Gaming,"Subscribe, I’ll Double Your Bank Account",383218834,3415529,28362
UgyZc2urTeIfDjZcEJx4AaABAg,c9VS_cgInT4,@SAFAROV-2013,Please don't double my -205.50,7,2026-08-17T11:21:13Z,MrBeast,Gaming,"Subscribe, I’ll Double Your Bank Account",383218834,3415529,28362
UgyxtzGHYft9JILxKQF4AaABAg,c9VS_cgInT4,@AFRICANORTHODOXTV,"I saw in Africa, you are a savior. How I wish you would this to Africans 🎉",15,2026-07-13T06:01:05Z,MrBeast,Gaming,"Subscribe, I’ll Double Your Bank Account",383218834,3415529,28362
Ugy1HlINqu4zi0JvEqZ4AaABAg,c9VS_cgInT4,@BRFC9575,Come to England hope u find me! 😂😂😂,25,2026-03-06T20:08:41Z,MrBeast,Gaming,"Subscribe, I’ll Double Your Bank Account",383218834,3415529,28362
Ugxf_MBgRKAzJoj89w14AaABAg,c9VS_cgInT4,@MajestyNnamoko,Try it for Elon,1,2026-09-24T15:02:31Z,MrBeast,Gaming,"Subscribe, I’ll Double Your Bank Account",383218834,3415529,28362
UgzREnRSg93HiIauoAB4AaABAg,c9VS_cgInT4,@Gamerzzzzz777,Give Lambo to person that subscribed,5,2026-07-13T12:22:49Z,MrBeast,Gaming,"Subscribe, I’ll Double Your Bank Account",383218834,3415529,28362
Ugz0FY8EcdKRqmuxiSx4AaABAg,c9VS_cgInT4,@Masfattah-v7d,I have zero bank dana or paypal and Already subscribed for you mrbeast,5,2026-08-18T07:16:13Z,MrBeast,Gaming,"Subscribe, I’ll Double Your Bank Account",383218834,3415529,28362
UgzvkilEpuiaxd-oFiZ4AaABAg,c9VS_cgInT4,@mrcomedyshortsfunny,Bhai mister meet Main tujhe sochta hoon mujhe Kya milega❤❤❤❤,45,2026-04-04T02:22:52Z,MrBeast,Gaming,"Subscribe, I’ll Double Your Bank Account",383218834,3415529,28362
UgzKROiHPARRL7MeZhx4AaABAg,c9VS_cgInT4,@bilalkhalil6273,Location please 😂,2,2026-08-23T15:01:39Z,MrBeast,Gaming,"Subscribe, I’ll Double Your Bank Account",383218834,3415529,28362
UgwUGiefTISJiTFK3QF4AaABAg,c9VS_cgInT4,@the_order-x1i,"""But not you"" Is diabolical",25,2026-03-13T20:44:38Z,MrBeast,Gaming,"Subscribe, I’ll Double Your Bank Account",383218834,3415529,28362
UgxIY_ltLjePPjC0M9l4AaABAg,c9VS_cgInT4,@DGClippers-2026,"even if i'm subscribed, i don't even have a cent on my bank account 😂",46,2026-05-23T10:12:10Z,MrBeast,Gaming,"Subscribe, I’ll Double Your Bank Account",383218834,3415529,28362
UgyNEtKP0HGue-Ix_jV4AaABAg,c9VS_cgInT4,@ArsyaSopian-y6c,Only valid in America🗿,18,2026-05-24T14:11:55Z,MrBeast,Gaming,"Subscribe, I’ll Double Your Bank Account",383218834,3415529,28362
UgyiWjfosD1E5rjytNh4AaABAg,c9VS_cgInT4,@michaeljamesmarquez-ue9rj,Im on the streets hoping for this moment😂😂😂😂,0,2026-08-31T04:19:07Z,MrBeast,Gaming,"Subscribe, I’ll Double Your Bank Account",383218834,3415529,28362
UgyGOkTKX_CcTsAq6gl4AaABAg,c9VS_cgInT4,@pardeepdult,I need money urgently 😢❤,11,2026-04-11T05:54:42Z,MrBeast,Gaming,"Subscribe, I’ll Double Your Bank Account",383218834,3415529,28362
Ugz5L-CycAsaGhnjVJV4AaABAg,c9VS_cgInT4,@Roblox-o6l8m,I subscribed,4,2026-09-04T07:47:29Z,MrBeast,Gaming,"Subscribe, I’ll Double Your Bank Account",383218834,3415529,28362
UgyqtvBeKfyzMlRJKDd4AaABAg,c9VS_cgInT4,@Amongusthegreatest,Imagine one of these people got blessed by Elon Musk before this. And MrBeast doubled the money🤑,203,2026-03-01T11:35:45Z,MrBeast,Gaming,"Subscribe, I’ll Double Your Bank Account",383218834,3415529,28362
UgwamnfR2QzCyg_bEWd4AaABAg,c9VS_cgInT4,@CeianGray,Hey mr beast i subscribe,2,2026-09-08T10:27:45Z,MrBeast,Gaming,"Subscribe, I’ll Double Your Bank Account",383218834,3415529,28362
UgzA5JlP_bn3CtGeXiR4AaABAg,c9VS_cgInT4,@Frecom1,Elon musk ?,43,2026-03-11T14:15:34Z,MrBeast,Gaming,"Subscribe, I’ll Double Your Bank Account",383218834,3415529,28362
UgzPzwhjasZbjXDbQGh4AaABAg,c9VS_cgInT4,@laxmiraval1124,Sir aap India main aaye or...mujse mile.. please 🤗,6,2026-06-22T19:02:36Z,MrBeast,Gaming,"Subscribe, I’ll Double Your Bank Account",383218834,3415529,28362
UgyuIKOSc7fsd1V9nc94AaABAg,c9VS_cgInT4,@MohammadTahaAqil,"Bro please come Afghanistan 🎉😢😢
All is poor 😔😔😔",30,2026-03-01T11:38:14Z,MrBeast,Gaming,"Subscribe, I’ll Double Your Bank Account",383218834,3415529,28362
Ugw4sTZb3OgHtSRKRBl4AaABAg,c9VS_cgInT4,@fadhilchandra-b5l,Rambut ny mirip aloy,2,2026-08-28T05:50:27Z,MrBeast,Gaming,"Subscribe, I’ll Double Your Bank Account",383218834,3415529,28362
Ugzr97bmrLCsVI43OrN4AaABAg,c9VS_cgInT4,@ShortsByPromon,I'm also subscribed but my bank balance is 0 :D,11,2026-04-07T05:37:02Z,MrBeast,Gaming,"Subscribe, I’ll Double Your Bank Account",383218834,3415529,28362
UgzpvNFgmMV8Ckq1mv54AaABAg,c9VS_cgInT4,@cipher119,"If you double mine,it still gon be $0😂",9,2026-08-03T16:37:00Z,MrBeast,Gaming,"Subscribe, I’ll Double Your Bank Account",383218834,3415529,28362
UgywnFz3057dEvenRi54AaABAg,c9VS_cgInT4,@piring_12-y6x,She wants to be billionaire 🎉,15,2026-04-18T16:42:14Z,MrBeast,Gaming,"Subscribe, I’ll Double Your Bank Account",383218834,3415529,28362
UgzDQcZmwpZmqd003zx4AaABAg,c9VS_cgInT4,@Gulana-i2n,"Bagi bang gue belum makan, tadi juga nafi makan rumput",0,2026-09-03T21:35:57Z,MrBeast,Gaming,"Subscribe, I’ll Double Your Bank Account",383218834,3415529,28362
UgwwZ3hoqlwrxinZuON4AaABAg,c9VS_cgInT4,@PARTNAR-YT,"Bhai mera kismat bhi chamakao❤❤,...plz 😢....,yar😊...,.",22,2026-03-03T01:50:24Z,MrBeast,Gaming,"Subscribe, I’ll Double Your Bank Account",383218834,3415529,28362
UgwzEaY7Vqdf9FsWbjB4AaABAg,c9VS_cgInT4,@MuhamadHanafi-y5s,I subscribed❤,4,2026-08-25T07:08:08Z,MrBeast,Gaming,"Subscribe, I’ll Double Your Bank Account",383218834,3415529,28362
UgwxsW5iRRoSDSHXvNl4AaABAg,c9VS_cgInT4,@Friends4782,"Hii anna 
Haa money naku kavali",8,2026-08-27T00:29:53Z,MrBeast,Gaming,"Subscribe, I’ll Double Your Bank Account",383218834,3415529,28362
UgwAQ_t95QKzU2Vo4RJ4AaABAg,c9VS_cgInT4,@bob73499,"Saddest part of this whole thing is that you could do this all day in places where young people are, and 2/3 would have pretty much nothing in their bank account.",1,2026-08-27T05:38:56Z,MrBeast,Gaming,"Subscribe, I’ll Double Your Bank Account",383218834,3415529,28362
UgwkIBwG_ufk4ucJ6eZ4AaABAg,c9VS_cgInT4,@زهير-س8ي,"مستر بيست! أنا من السويد وبتابعك من أول يوم.  
أحب طاقتك، أفكارك، وطريقة تعاملك مع الناس.  
أتحداك ترد على تعليقي 😄🔥

MrBeast! I’ve been watching you from Sweden since the early days.  
Your creativity and kindness are unmatched.  
I challenge you to reply to this comment!",8,2026-03-27T01:46:35Z,MrBeast,Gaming,"Subscribe, I’ll Double Your Bank Account",383218834,3415529,28362
UgxzGDxl7K4jlv7yZYh4AaABAg,c9VS_cgInT4,@Galaxy_Boy95,Imagine that girl had $0 z😭,4,2026-09-22T08:57:35Z,MrBeast,Gaming,"Subscribe, I’ll Double Your Bank Account",383218834,3415529,28362
Ugz_fNFtygAA8MeWVfZ4AaABAg,c9VS_cgInT4,@AmmarAlrashid-q3d,"Why the first guy look's like ""aloy"" From Indonesia?",18,2026-06-08T10:38:21Z,MrBeast,Gaming,"Subscribe, I’ll Double Your Bank Account",383218834,3415529,28362
UgzG1yO0YoriRd6qE254AaABAg,c9VS_cgInT4,@Esmailintvshow,Si fuera aquí en RD los ganaría,22,2026-04-06T16:35:41Z,MrBeast,Gaming,"Subscribe, I’ll Double Your Bank Account",383218834,3415529,28362
UgyYka3lZQfDlque3o94AaABAg,c9VS_cgInT4,@felicityraybone-f2d,Was that Technoblade?,0,2026-09-01T20:10:56Z,MrBeast,Gaming,"Subscribe, I’ll Double Your Bank Account",383218834,3415529,28362
UgwguFFGHmTcp5wjELt4AaABAg,c9VS_cgInT4,@RohmatChanell-t6p,"Hello MrBeast, Stay Healthy. 😊",27,2026-05-30T08:32:06Z,MrBeast,Gaming,"Subscribe, I’ll Double Your Bank Account",383218834,3415529,28362
UgzN_hZwHOm6eahlOCZ4AaABAg,c9VS_cgInT4,@_meno.___,So when is my account getting doubled 😅😭😭,57,2026-03-06T14:45:30Z,MrBeast,Gaming,"Subscribe, I’ll Double Your Bank Account",383218834,3415529,28362
UgwIIyjdqhA1Ayy42V54AaABAg,c9VS_cgInT4,@M.rel24Rel22,Yg pertama rambut nya mirip aloy for Indonesia,22,2026-05-12T07:47:10Z,MrBeast,Gaming,"Subscribe, I’ll Double Your Bank Account",383218834,3415529,28362
Ugzp3sv43I7T7UcrFVV4AaABAg,c9VS_cgInT4,@Loloshkey,Mr beast is this for real 🎉,1,2026-08-27T06:30:22Z,MrBeast,Gaming,"Subscribe, I’ll Double Your Bank Account",383218834,3415529,28362
Ugx1DOIGA3HcVLNEidF4AaABAg,c9VS_cgInT4,@Zoracalista-w2j,Imagine one of these people got blessed by Elon Musk before this. And MrBeast doubled the money... ❤️,37,2026-03-07T18:06:41Z,MrBeast,Gaming,"Subscribe, I’ll Double Your Bank Account",383218834,3415529,28362
Ugz5U9NI2in01yXN-dZ4AaABAg,c9VS_cgInT4,@flufington,"""all my friends watch youu🥺""",10,2026-03-01T11:17:41Z,MrBeast,Gaming,"Subscribe, I’ll Double Your Bank Account",383218834,3415529,28362
Ugy6UZuuFsnOss6XeNt4AaABAg,c9VS_cgInT4,@AnakMalaysiaYTGaming,How it felt to subscribe to Mr Beast in 2026:     *pouring water at the sea*,7,2026-07-11T16:11:15Z,MrBeast,Gaming,"Subscribe, I’ll Double Your Bank Account",383218834,3415529,28362
Ugw3Oe71UcSrYJ9uTpl4AaABAg,c9VS_cgInT4,@ShaquillebaguioClauna,pls come with philiphines with binlok ok,3,2026-09-02T11:31:57Z,MrBeast,Gaming,"Subscribe, I’ll Double Your Bank Account",383218834,3415529,28362
Ugz8OnH38W1nCC5UhpF4AaABAg,c9VS_cgInT4,@leedouglas3589,My birthday is June 12th. 🎉 I'm from  raleigh North Carolina. I love how you give back to the community keep up the good work. We need more people like you in the World,17,2026-05-19T22:29:28Z,MrBeast,Gaming,"Subscribe, I’ll Double Your Bank Account",383218834,3415529,28362
UgyXkd85FBaWwP2f8Jl4AaABAg,c9VS_cgInT4,@LuisPlatero-pl7hz,Ven a El Salvador!!!!!!!!🎉,24,2026-02-28T20:00:54Z,MrBeast,Gaming,"Subscribe, I’ll Double Your Bank Account",383218834,3415529,28362
Ugz3PU5iovTOsVRhySN4AaABAg,c9VS_cgInT4,@brklyndwayne,Me chasing that lady to steal the case,8,2026-05-27T17:46:44Z,MrBeast,Gaming,"Subscribe, I’ll Double Your Bank Account",383218834,3415529,28362
UgykgYw6tziTQOK3uTB4AaABAg,c9VS_cgInT4,@thiruthaya5766,My account balance 0.$😢,2,2026-08-25T19:29:14Z,MrBeast,Gaming,"Subscribe, I’ll Double Your Bank Account",383218834,3415529,28362
UgzESWrMWWBKOgYbd9N4AaABAg,c9VS_cgInT4,@MiniCarsTV,"I'm also a subscriber, I'm from Uzbekistan, I love you so much, I watch all your videos without missing a beat",10,2026-03-01T05:27:16Z,MrBeast,Gaming,"Subscribe, I’ll Double Your Bank Account",383218834,3415529,28362
UgwZ5OmPRL8CYi9K9XJ4AaABAg,c9VS_cgInT4,@فجرالفقير-ذ9ظ,7 😭☝🏻,18,2026-02-28T20:00:44Z,MrBeast,Gaming,"Subscribe, I’ll Double Your Bank Account",383218834,3415529,28362
UgxL2R5Zz2U_5WvC_KN4AaABAg,c9VS_cgInT4,@Ritik21-Mishra,Aaisa sirf USA me hi hota hai kisi aur countary me nahi,7,2026-03-26T13:28:09Z,MrBeast,Gaming,"Subscribe, I’ll Double Your Bank Account",383218834,3415529,28362
UgzPR40Q4STooHronrl4AaABAg,c9VS_cgInT4,@trulyinformationnuskhe-7786,"Good❤ from Nagpur , India",1,2026-08-30T13:50:55Z,MrBeast,Gaming,"Subscribe, I’ll Double Your Bank Account",383218834,3415529,28362
UgzwJn5Se0mHoNvfyvl4AaABAg,c9VS_cgInT4,@Noba.Akiru.official,"Woii wieli s harusnya lu kek gini, jangan baik di kamera dan konten doang, tapi langsung rl",7,2026-04-27T09:27:52Z,MrBeast,Gaming,"Subscribe, I’ll Double Your Bank Account",383218834,3415529,28362
UgyfeEIH0L_ZUUz6FyJ4AaABAg,c9VS_cgInT4,@Qlol2000,those who are in debt...,23,2026-03-02T16:43:44Z,MrBeast,Gaming,"Subscribe, I’ll Double Your Bank Account",383218834,3415529,28362
UgyZICC8GewEquyWyY54AaABAg,c9VS_cgInT4,@FNHAGAMES,تعال علينا عند العرب عليّ الحرام غير نفلسك مشترك من ١٠ حسابات 😂😂😂اكتشفت انه ما عندي بطاقة بنك 🥲 الحظ 📞📞📞📞📞,25,2026-03-05T02:58:08Z,MrBeast,Gaming,"Subscribe, I’ll Double Your Bank Account",383218834,3415529,28362
UgyAA5xQVGrZMgnl9Pt4AaABAg,c9VS_cgInT4,@kaizerhyped5463,Finally someone with a real bank account balance,0,2026-08-24T12:02:00Z,MrBeast,Gaming,"Subscribe, I’ll Double Your Bank Account",383218834,3415529,28362
UgwdKfrDMrpCh7jQ6J94AaABAg,uZY9xr-QAk0,@MrBeast,Comment what college I should visit next!,23290,2025-11-28T16:57:34Z,MrBeast,Gaming,"Flip a Coin, I’ll Pay For Your College",378820626,6626036,33415
UgxeB5lbFQIpRFXcDW94AaABAg,uZY9xr-QAk0,@ẅřqč̣ø,"""How much was your tuition this year"" 
Me: 500 mill😢",29024,2025-12-08T17:35:58Z,MrBeast,Gaming,"Flip a Coin, I’ll Pay For Your College",378820626,6626036,33415
UgyDNWA5x4QYLK-Gxbt4AaABAg,uZY9xr-QAk0,@Ender_boy609,The kids in the back: 👁️👄👁️,294,2026-08-14T12:30:24Z,MrBeast,Gaming,"Flip a Coin, I’ll Pay For Your College",378820626,6626036,33415
UgztiyQl-HvbA_2BgwN4AaABAg,uZY9xr-QAk0,@𱘐,She just won $30k and barely reacted 😭,15379,2025-11-28T17:17:04Z,MrBeast,Gaming,"Flip a Coin, I’ll Pay For Your College",378820626,6626036,33415
Ugz8f7X6K_RJCD3epNd4AaABAg,uZY9xr-QAk0,@JosephGitauOnTheGo,She didn't see that coming.wonderful,1,2026-09-27T18:17:44Z,MrBeast,Gaming,"Flip a Coin, I’ll Pay For Your College",378820626,6626036,33415
Ugz4wtgW0X9TU7aPi1J4AaABAg,uZY9xr-QAk0,@SaviorsSon,“I’ll try my best” it’s a 50/50 shot😂😂,14877,2025-11-28T17:56:41Z,MrBeast,Gaming,"Flip a Coin, I’ll Pay For Your College",378820626,6626036,33415
UgzOewMWYhM9MOeJOvF4AaABAg,uZY9xr-QAk0,@Dreadoth,"The people in the background randomly watching Mr beast give her $30,000:    👁️👄👁️",4091,2025-11-28T17:05:50Z,MrBeast,Gaming,"Flip a Coin, I’ll Pay For Your College",378820626,6626036,33415
UgzmgNliixrfGJQvT3x4AaABAg,uZY9xr-QAk0,@Aizen_Part_29.10,That girl surely an number one Introvert,2091,2025-11-29T09:24:23Z,MrBeast,Gaming,"Flip a Coin, I’ll Pay For Your College",378820626,6626036,33415
UgyThcpgrRokjl5j-np4AaABAg,uZY9xr-QAk0,@pro.lucasbarros,"“Help me, please.” 🙏",3,2026-09-09T04:12:43Z,MrBeast,Gaming,"Flip a Coin, I’ll Pay For Your College",378820626,6626036,33415
UgwhuWRYe0u6uCtE3IN4AaABAg,uZY9xr-QAk0,@GhostlygamerIguess,"You know while they’re pulling up the channel, they click the subscribe button 😭",113,2026-08-12T21:12:22Z,MrBeast,Gaming,"Flip a Coin, I’ll Pay For Your College",378820626,6626036,33415
UgxWM8UDiQZ9lAwF6w94AaABAg,uZY9xr-QAk0,@BadmoshBandarDilliwale,At this point being a MrBeast subscriber is a lottery ticket,137,2026-06-05T17:48:31Z,MrBeast,Gaming,"Flip a Coin, I’ll Pay For Your College",378820626,6626036,33415
Ugwf5B4GNDheCvuVOnN4AaABAg,uZY9xr-QAk0,@Sharp-Edits_67,"""Wow, i won"" bros reaction to 30k dallars☠️💀💀💀💀💀",2513,2025-11-28T17:47:57Z,MrBeast,Gaming,"Flip a Coin, I’ll Pay For Your College",378820626,6626036,33415
Ugwh58BguTSB6-TClJV4AaABAg,uZY9xr-QAk0,@daily_japan_shorts,Crackin such a great creation just by giving her 30k is a WON,4,2026-09-18T11:27:30Z,MrBeast,Gaming,"Flip a Coin, I’ll Pay For Your College",378820626,6626036,33415
Ugz5t9t-MC_S4DxpNH54AaABAg,uZY9xr-QAk0,@SetoraShodiyva,“You have helped so many people. Please help us too.” 😢,6,2026-08-18T08:49:51Z,MrBeast,Gaming,"Flip a Coin, I’ll Pay For Your College",378820626,6626036,33415
Ugw07QyRckaWVIZFXZx4AaABAg,uZY9xr-QAk0,@TeagenStanger777,Plot twist: the dollar side was the lightest...,4,2026-09-05T02:11:56Z,MrBeast,Gaming,"Flip a Coin, I’ll Pay For Your College",378820626,6626036,33415
UgwOOGH8xz8RNtBB7Zx4AaABAg,uZY9xr-QAk0,@mmubashar182,"“Yes please, choose me. I’m very excited to be in a video.”",64,2026-05-06T06:28:50Z,MrBeast,Gaming,"Flip a Coin, I’ll Pay For Your College",378820626,6626036,33415
Ugyt2nTWcsPMu3sM7Al4AaABAg,uZY9xr-QAk0,@Itzjustmarshall,The people in the back are probably so sad they didn’t get that opportunity 😔,1071,2025-11-29T00:07:42Z,MrBeast,Gaming,"Flip a Coin, I’ll Pay For Your College",378820626,6626036,33415
UgzeQl8znfWVeliylIt4AaABAg,uZY9xr-QAk0,@VahagnKarapetyan-r1g,Bro is giving to everyone everything with one dollars 😭,7,2026-08-19T03:57:33Z,MrBeast,Gaming,"Flip a Coin, I’ll Pay For Your College",378820626,6626036,33415
UgwVOyEUkokUgRcfKZp4AaABAg,uZY9xr-QAk0,@BeastFacts-c1u,Bro must be respected for his heavy charity work 😊,0,2026-09-26T17:59:59Z,MrBeast,Gaming,"Flip a Coin, I’ll Pay For Your College",378820626,6626036,33415
UgxyVTjwtbC6EyDA1yN4AaABAg,uZY9xr-QAk0,@planet_extremes,Support doesn’t always come like this! But i am totally open for that one too 🥶🥶🥶🥶,9,2026-08-22T12:49:13Z,MrBeast,Gaming,"Flip a Coin, I’ll Pay For Your College",378820626,6626036,33415
UgzBdPWUK4Dk5OJQuO54AaABAg,uZY9xr-QAk0,@Techybennett2,That was the calmest reaction I've seen on this channel,588,2025-11-28T17:03:54Z,MrBeast,Gaming,"Flip a Coin, I’ll Pay For Your College",378820626,6626036,33415
UgzQhbLPl87IthMpZu94AaABAg,uZY9xr-QAk0,@Binyamin-e8e,The kids behind are speechless😭,8,2026-08-25T21:01:29Z,MrBeast,Gaming,"Flip a Coin, I’ll Pay For Your College",378820626,6626036,33415
Ugw7GFX5Fn8iyczoOk14AaABAg,uZY9xr-QAk0,@kamalmx2269,"I live in Afghanistan, I've subscribed to your channel too.",3,2026-09-01T18:12:44Z,MrBeast,Gaming,"Flip a Coin, I’ll Pay For Your College",378820626,6626036,33415
UgxkqrqOg06yph1i1k14AaABAg,uZY9xr-QAk0,@Mandibeeman,the family in the bg💀,9,2026-08-29T21:53:16Z,MrBeast,Gaming,"Flip a Coin, I’ll Pay For Your College",378820626,6626036,33415
UgxxFa3aSzufTOdWbD14AaABAg,uZY9xr-QAk0,@jsguagtsanvsksw06,"Please come to Turkey, please, I want to see you, Mr. Beast. I watch you with great pleasure and I want you to come.",7,2026-07-19T08:27:53Z,MrBeast,Gaming,"Flip a Coin, I’ll Pay For Your College",378820626,6626036,33415
UgyphtUShVFmF7SOEVJ4AaABAg,uZY9xr-QAk0,@girlies4life-d3b,Not the people in the back staring. They looked so shocked when she got the briefcases 😂,15,2026-08-12T01:53:55Z,MrBeast,Gaming,"Flip a Coin, I’ll Pay For Your College",378820626,6626036,33415
UgyFE7Ab5Ae76B0To2B4AaABAg,uZY9xr-QAk0,@emiriiiirmmo,"Mr. Beast, throw me money.",1,2026-09-10T18:46:18Z,MrBeast,Gaming,"Flip a Coin, I’ll Pay For Your College",378820626,6626036,33415
Ugy6dJ51Fy4vyCPZUwN4AaABAg,uZY9xr-QAk0,@Baconsarebetter-r6h,The family behind watching that 😂,101,2026-01-01T06:51:42Z,MrBeast,Gaming,"Flip a Coin, I’ll Pay For Your College",378820626,6626036,33415
UgyC5wqcXAGhs_K4z4h4AaABAg,uZY9xr-QAk0,@zenovarga751,"Everyone talks about the girl's reaction, but when the coin shows dollars, she is really happy about it.",418,2025-11-30T09:40:04Z,MrBeast,Gaming,"Flip a Coin, I’ll Pay For Your College",378820626,6626036,33415
UgxXQ-6Iduj_jZ9MTOh4AaABAg,uZY9xr-QAk0,@u.a_u.a_u.a,The family in the back-,55,2025-11-28T18:18:43Z,MrBeast,Gaming,"Flip a Coin, I’ll Pay For Your College",378820626,6626036,33415
UgwOzc2VBUtuGcwTtgZ4AaABAg,uZY9xr-QAk0,@Juancamilomenesesrivera-e3c1h,"Bro, seriously, the guys in the back were already set for the heist XD 😁😅",0,2026-09-08T20:03:25Z,MrBeast,Gaming,"Flip a Coin, I’ll Pay For Your College",378820626,6626036,33415
Ugwipfl9CLdNfg1Z2ox4AaABAg,uZY9xr-QAk0,@MANNOM,"I know the girl had already lost, but MrBeast has a big heart, so he let her win and gave her the money anyway.  Because when the coin hit the ground, it wasn't shown in the full clip.  There's a cut in the video.",130,2026-07-28T23:23:21Z,MrBeast,Gaming,"Flip a Coin, I’ll Pay For Your College",378820626,6626036,33415
Ugzpg3blcG77bLhi4854AaABAg,uZY9xr-QAk0,@FootballTalents-07,The others behind can not believe it😂😂😂,53,2025-12-12T06:49:27Z,MrBeast,Gaming,"Flip a Coin, I’ll Pay For Your College",378820626,6626036,33415
UgyUB53u54MadC_7QCx4AaABAg,uZY9xr-QAk0,@wonderloop13,"Suddenly given that much money, it seems the woman was in a state of shock. 😂😂",7,2026-06-22T23:48:18Z,MrBeast,Gaming,"Flip a Coin, I’ll Pay For Your College",378820626,6626036,33415
UgzkmVTbyHPUBa0gSIF4AaABAg,uZY9xr-QAk0,@Dark_Roblox588,her meaning 30 HUNDRED which is 3k 😂,1,2026-09-05T23:54:57Z,MrBeast,Gaming,"Flip a Coin, I’ll Pay For Your College",378820626,6626036,33415
Ugy12SCorFu0_upmCE54AaABAg,uZY9xr-QAk0,,I just know she was freaking out in the inside😭,591,2025-11-28T17:49:04Z,MrBeast,Gaming,"Flip a Coin, I’ll Pay For Your College",378820626,6626036,33415
Ugw8wVvMkV4bQXoHqrF4AaABAg,uZY9xr-QAk0,@bekirberkw,"Even though the chances are almost impossible, there's still a glimmer of hope, which is why I subscribed.",80,2025-12-23T18:16:04Z,MrBeast,Gaming,"Flip a Coin, I’ll Pay For Your College",378820626,6626036,33415
UgxtHrYom0RyQJbfRah4AaABAg,uZY9xr-QAk0,@abhisheksharma-ci1et,I like the brief case,0,2026-09-30T01:13:41Z,MrBeast,Gaming,"Flip a Coin, I’ll Pay For Your College",378820626,6626036,33415
UgxDv7z7b5mTLl4OJFh4AaABAg,uZY9xr-QAk0,@AngeanEuy,I JUST KNOW SHE WAS FREAKING OUT IN THE INSIDE😭😭😭😭,29,2026-06-02T17:09:18Z,MrBeast,Gaming,"Flip a Coin, I’ll Pay For Your College",378820626,6626036,33415
Ugziurbeo1XLUScepTN4AaABAg,uZY9xr-QAk0,@lashagagnidze9660,Well 30k is a great amount 🎉,289,2026-01-28T06:36:23Z,MrBeast,Gaming,"Flip a Coin, I’ll Pay For Your College",378820626,6626036,33415
UgxzqU0EJGgw8dhS5R14AaABAg,uZY9xr-QAk0,@SATO-X3,Plot twist: She spent it on herself and did not pay her tuition cost,61,2026-06-04T23:57:13Z,MrBeast,Gaming,"Flip a Coin, I’ll Pay For Your College",378820626,6626036,33415
UgyeZ5uKc9-1qxtp4tV4AaABAg,uZY9xr-QAk0,@coffee_addict56,Mr. Beast I'm 56 and finishing my Masters program!! Help pay for my loans ❤❤❤ Love your content and your heart to help others,9,2026-09-03T18:25:59Z,MrBeast,Gaming,"Flip a Coin, I’ll Pay For Your College",378820626,6626036,33415
UgybIXs7ns-I31j39et4AaABAg,uZY9xr-QAk0,@KumailTaopVlogger,"""Sometimes, the eyes that shine the brightest are the ones that have cried the most. Carrying a smile while the heart is heavy is the hardest battle.""😢",114,2025-12-31T14:37:35Z,MrBeast,Gaming,"Flip a Coin, I’ll Pay For Your College",378820626,6626036,33415
UgyCu2rdb65ajdIPYaJ4AaABAg,uZY9xr-QAk0,@ishothepro,"You know you're at the next level when you don't even need to say your channel name, all you need to ask is ""Are you subscribed?"" and they respond because they know exactly who you are",214,2025-12-03T03:16:32Z,MrBeast,Gaming,"Flip a Coin, I’ll Pay For Your College",378820626,6626036,33415
UgyG7bcfx2Gjct3uWvN4AaABAg,uZY9xr-QAk0,@NotTuff_69,I never know 30 grand comes in huge suitcase,15,2026-05-16T12:30:03Z,MrBeast,Gaming,"Flip a Coin, I’ll Pay For Your College",378820626,6626036,33415
UgxXSkQxjw0nayPz0Y54AaABAg,uZY9xr-QAk0,@akashvermaakashverma2468,Mister beast sirf bade bade logon se milte Hain,0,2026-09-18T10:32:15Z,MrBeast,Gaming,"Flip a Coin, I’ll Pay For Your College",378820626,6626036,33415
UgzmEX1OzDL5pSVL1Zl4AaABAg,uZY9xr-QAk0,@Adriel1234-f5k,She didn’t even react when she won $30k,22,2025-11-28T17:50:42Z,MrBeast,Gaming,"Flip a Coin, I’ll Pay For Your College",378820626,6626036,33415
UgwcfGG3LamaUogGGCV4AaABAg,uZY9xr-QAk0,@To8ttimes,Those kids were so jealous 😂😂,85,2026-03-17T03:23:17Z,MrBeast,Gaming,"Flip a Coin, I’ll Pay For Your College",378820626,6626036,33415
UgzTve3HuH6zWlmzjTF4AaABAg,uZY9xr-QAk0,@rajimteyajraj7637,"Why do I feel like Mr. Bet, these are all people you know?😢",19,2026-05-18T19:34:08Z,MrBeast,Gaming,"Flip a Coin, I’ll Pay For Your College",378820626,6626036,33415
UgxTUNE4pcqdEWasD894AaABAg,uZY9xr-QAk0,@PoddoRay-h4h,“Bangladeshis can’t come because I don’t even have 5 taka.”😢😢🇧🇩🇧🇩😢😢🇧🇩🇧🇩,1,2026-09-12T01:19:07Z,MrBeast,Gaming,"Flip a Coin, I’ll Pay For Your College",378820626,6626036,33415
Ugz0C3gBf0839JRqsP54AaABAg,uZY9xr-QAk0,@Judyjaneellis,This changed her life!  Praise God! ❤❤❤❤,28,2026-05-12T20:34:58Z,MrBeast,Gaming,"Flip a Coin, I’ll Pay For Your College",378820626,6626036,33415
Ugyu-WgvcVKkIIWzGid4AaABAg,uZY9xr-QAk0,@Somebody-u2v,Guys on the background:🤯,144,2026-02-16T14:35:48Z,MrBeast,Gaming,"Flip a Coin, I’ll Pay For Your College",378820626,6626036,33415
UgwCQFRE9mbHkgoYkgd4AaABAg,uZY9xr-QAk0,@tayfunözlem,Bro is real life salesman,88,2025-12-02T11:01:57Z,MrBeast,Gaming,"Flip a Coin, I’ll Pay For Your College",378820626,6626036,33415
Ugz-KxIKTnIIfVmALtd4AaABAg,uZY9xr-QAk0,@SagarSingh-xg2uc,You are best mister beest 🎉❤,1,2026-09-18T01:18:17Z,MrBeast,Gaming,"Flip a Coin, I’ll Pay For Your College",378820626,6626036,33415
UgwmhUdR4AcmxFC1_hB4AaABAg,uZY9xr-QAk0,@EmmanuelMusomia-j2k6d,"UNIKIN, Congo Kinshasa 😔💔",41,2025-11-29T13:32:53Z,MrBeast,Gaming,"Flip a Coin, I’ll Pay For Your College",378820626,6626036,33415
UgyuCubbJrG7ZeFLLtN4AaABAg,uZY9xr-QAk0,@Интервьюрус,"Beast you best,thanks for your help for people",44,2025-11-28T17:51:33Z,MrBeast,Gaming,"Flip a Coin, I’ll Pay For Your College",378820626,6626036,33415
UgyQhjUVIrs3EzMYohV4AaABAg,uZY9xr-QAk0,@Indian_MobileEditor,Ambassador laughing in the corner.😂😂😂,18,2025-12-16T08:09:59Z,MrBeast,Gaming,"Flip a Coin, I’ll Pay For Your College",378820626,6626036,33415
Ugy1XdhRkwVpkXsOkbN4AaABAg,uZY9xr-QAk0,@teamZyro90,You paid 30K dollars until you realized the student doesn't even go to tution 😭🥀,143,2026-07-27T03:22:09Z,MrBeast,Gaming,"Flip a Coin, I’ll Pay For Your College",378820626,6626036,33415
Ugw8qAngy2CtpD6wNwF4AaABAg,uZY9xr-QAk0,@Chicken179_1,He's already subscribed to himself.,42,2026-04-15T17:27:20Z,MrBeast,Gaming,"Flip a Coin, I’ll Pay For Your College",378820626,6626036,33415
UgzIlJozs9jpEODne5x4AaABAg,uZY9xr-QAk0,@viki184,The cut was on point 😊,207,2025-11-29T05:25:46Z,MrBeast,Gaming,"Flip a Coin, I’ll Pay For Your College",378820626,6626036,33415
UgyLgoGbzAGPZ8fyHCB4AaABAg,uZY9xr-QAk0,@ريتاجالزعبي-ل8ض,"I love MrBeast's content and hope to meet him or get the chance to participate in challenges like his, as I am in great need of money. I am about to start university for the first time, but the high tuition fees might stand in the way of my dream.",1,2026-09-27T18:52:52Z,MrBeast,Gaming,"Flip a Coin, I’ll Pay For Your College",378820626,6626036,33415
UgxEmcUDQ9dfESdTcd14AaABAg,uZY9xr-QAk0,@skitsthathit,Kinda lucky for a 50/50 shot! 💵,76,2026-05-02T15:31:50Z,MrBeast,Gaming,"Flip a Coin, I’ll Pay For Your College",378820626,6626036,33415
UgxD9bg0xyi6KKlSnvB4AaABAg,uZY9xr-QAk0,@charz99,The girl’s search 💀,21,2026-01-02T05:27:21Z,MrBeast,Gaming,"Flip a Coin, I’ll Pay For Your College",378820626,6626036,33415
UgyhLaXrunVe3z-XS4Z4AaABAg,uZY9xr-QAk0,@Dominiquekpoton,What if you came to Benin?,9,2026-06-19T15:03:40Z,MrBeast,Gaming,"Flip a Coin, I’ll Pay For Your College",378820626,6626036,33415
UgyBWVS0mv5RM8HHKUR4AaABAg,uZY9xr-QAk0,@norhimorhi123miracbike,Paranın arkasınj ağırlaştırıp 100 de 100 $ gelmesini sağlayan koca yürekli mrbeast abimiz,1,2026-09-06T12:38:52Z,MrBeast,Gaming,"Flip a Coin, I’ll Pay For Your College",378820626,6626036,33415
UgzGgPpfj7-FVP0UlHB4AaABAg,uZY9xr-QAk0,@manojkushwah264,"""If I had any luck, the coin would have flown away before it even landed 😭😂
Legend content as always 💯🔥""",80,2025-11-29T08:45:28Z,MrBeast,Gaming,"Flip a Coin, I’ll Pay For Your College",378820626,6626036,33415
UgxRHniBkqogIHmxLsZ4AaABAg,uZY9xr-QAk0,@geo.rge_12,They defo did it 100 times until it landed on the money sign,28,2026-08-19T14:53:19Z,MrBeast,Gaming,"Flip a Coin, I’ll Pay For Your College",378820626,6626036,33415
UgwPxQLYOC1PhIt9eE54AaABAg,uZY9xr-QAk0,@Capcuteditortbh,“How much was your tuition this year?” Me: 100K (even tho it’s 60k I get 40k for free HAHAHAHAHAHAHAHAHAHAHAHAHAHAHAHAHAHAHAHAHAHAHAHAHAHAHAHAHAHAHAHAHAHAAHAHAHHAAHHAHAHAAHAHAHAHAHAHAHAHHAHAAHHAHAHAHAHAHAHAHAAHAH),6,2026-06-20T17:15:01Z,MrBeast,Gaming,"Flip a Coin, I’ll Pay For Your College",378820626,6626036,33415
Ugz5PP7jeQHclm8eiX14AaABAg,uZY9xr-QAk0,@aryashort1507,Bro garibi bahut rulati hai garibi ki maddat kiya kri bhagwan aapko es kabil bnaya hai ❤❤❤❤,33,2026-05-05T17:08:41Z,MrBeast,Gaming,"Flip a Coin, I’ll Pay For Your College",378820626,6626036,33415
UgzhhgxHMN_mVQ_26Sl4AaABAg,uZY9xr-QAk0,@THE.REVELS,I’ve subscribed on social media platforms just incase 😂😂😂,2,2026-09-10T02:31:58Z,MrBeast,Gaming,"Flip a Coin, I’ll Pay For Your College",378820626,6626036,33415
UgwyMgnH_hqihXbmPBN4AaABAg,uZY9xr-QAk0,@Daksh-h6s,Do a challenge in which someone quits smoking,27,2025-11-28T17:04:41Z,MrBeast,Gaming,"Flip a Coin, I’ll Pay For Your College",378820626,6626036,33415
Ugxgp7vM8yvpiMbt8cp4AaABAg,uZY9xr-QAk0,@kevinpennington7811,Next video: how long can I stay on mars..,39,2026-01-26T09:07:36Z,MrBeast,Gaming,"Flip a Coin, I’ll Pay For Your College",378820626,6626036,33415
UgytGSmvE8hRJA1g9UV4AaABAg,uZY9xr-QAk0,@VoVBobby,Bro said “oh my gosh” like 30k is a lot for him,53,2026-06-09T01:35:50Z,MrBeast,Gaming,"Flip a Coin, I’ll Pay For Your College",378820626,6626036,33415
UgyvRhS7nAYoaJPl4-l4AaABAg,uZY9xr-QAk0,@老鎷,She’s so sweet❤,0,2026-09-22T09:10:11Z,MrBeast,Gaming,"Flip a Coin, I’ll Pay For Your College",378820626,6626036,33415
UgyiUhSuLPcdxL1qwIR4AaABAg,uZY9xr-QAk0,@CR7.67goat,When it doesn’t land “do that again “,60,2025-11-28T21:33:52Z,MrBeast,Gaming,"Flip a Coin, I’ll Pay For Your College",378820626,6626036,33415
UgxRhEHN4GivbuIIVB54AaABAg,y1UVAtHALaA,@MrBeast,What country should we go to next,49584,2026-05-29T15:58:50Z,MrBeast,Gaming,"I Surprised a Random Subscriber With $10,000",358789125,7280623,77762
UgxjPIM1en0cojIUR8h4AaABAg,y1UVAtHALaA,@jachris21a,Giving an indian USD is crazy work😭🙏,38700,2026-06-12T20:20:20Z,MrBeast,Gaming,"I Surprised a Random Subscriber With $10,000",358789125,7280623,77762
UgwzknI6HRDaoag4eCd4AaABAg,y1UVAtHALaA,@moonlightisntshiny,Imagine the Tuk Tuk guy was subscribed but didn't understand English.,45067,2026-05-29T17:34:35Z,MrBeast,Gaming,"I Surprised a Random Subscriber With $10,000",358789125,7280623,77762
Ugz0cqQHwBEjN2-pduF4AaABAg,y1UVAtHALaA,@BloodyBatmanYT,Nirmala Sitharaman waiting in his doors 😂,2761,2026-08-14T14:36:29Z,MrBeast,Gaming,"I Surprised a Random Subscriber With $10,000",358789125,7280623,77762
Ugwk3ALd-bFyd4xhV7V4AaABAg,y1UVAtHALaA,@calebcadainoo,Comfortably shaking 😂😂🔥🔥💡,5,2026-09-29T18:56:05Z,MrBeast,Gaming,"I Surprised a Random Subscriber With $10,000",358789125,7280623,77762
UgyeYDmLMy-ShcNBGwJ4AaABAg,y1UVAtHALaA,@SheetalvilasGavas,"""Why can't I ever meet guys like this""😅😅",20197,2026-05-30T02:24:07Z,MrBeast,Gaming,"I Surprised a Random Subscriber With $10,000",358789125,7280623,77762
UgwC3aAYWMuqa7qBgBp4AaABAg,y1UVAtHALaA,@TheRealBot123,That 1 guy who was watching him getting the 10k is regretting not subscribing 😭,6992,2026-05-29T16:06:28Z,MrBeast,Gaming,"I Surprised a Random Subscriber With $10,000",358789125,7280623,77762
Ugx-O8ow0w_EdOOS6nl4AaABAg,y1UVAtHALaA,@MRBEANO2010,Bro you can go anywhere because you're kind and respectful so we all love mr beast,9,2026-09-27T19:29:29Z,MrBeast,Gaming,"I Surprised a Random Subscriber With $10,000",358789125,7280623,77762
UgxkqgZ3_-KSky8s1hZ4AaABAg,y1UVAtHALaA,@gabriellin1184,Bro sounded calm but shaking inside,107,2026-09-15T19:08:14Z,MrBeast,Gaming,"I Surprised a Random Subscriber With $10,000",358789125,7280623,77762
UgzuCo9IFMFlnZ_Ovv54AaABAg,y1UVAtHALaA,@AnimeshMax,Bro is the calmest person to win 10k.,614,2026-07-20T12:57:25Z,MrBeast,Gaming,"I Surprised a Random Subscriber With $10,000",358789125,7280623,77762
Ugx5RQV9Yop3gstpkSd4AaABAg,y1UVAtHALaA,@NakshatraGorani,He knows where all views and subscribers come from. 😅😂,2615,2026-05-31T20:01:28Z,MrBeast,Gaming,"I Surprised a Random Subscriber With $10,000",358789125,7280623,77762
UgwxBWuyvRVIBYNpGDt4AaABAg,y1UVAtHALaA,@djfruitplantvlog4022,Thank u mrbeast love from india,3,2026-09-27T06:27:26Z,MrBeast,Gaming,"I Surprised a Random Subscriber With $10,000",358789125,7280623,77762
UgwPie_3qOpyPWDF-Sh4AaABAg,y1UVAtHALaA,@GamingGiantFC0710,"10k USD is like 1 million INR, it's crazy, you literally changed his life probably",68,2026-09-17T13:16:55Z,MrBeast,Gaming,"I Surprised a Random Subscriber With $10,000",358789125,7280623,77762
UgwbNBcEQZt9NaK4pbN4AaABAg,y1UVAtHALaA,@MdMamun-gv1os,Selection of India was absolutely intentional because of its large population to get more viewers and subscribers also😂,145,2026-09-06T06:40:25Z,MrBeast,Gaming,"I Surprised a Random Subscriber With $10,000",358789125,7280623,77762
UgxCoU87dezh1gTnGOl4AaABAg,y1UVAtHALaA,@mohamedsuhailirfankhazi6628,$10000 to INR and living in India. You have literally changed this boy's life overnight.,938,2026-05-30T12:38:13Z,MrBeast,Gaming,"I Surprised a Random Subscriber With $10,000",358789125,7280623,77762
UgzB77py3n_zYaVQFlB4AaABAg,y1UVAtHALaA,@adalawazonaz,"bro does not looked surprised
""bro got payed"" 🤣",2,2026-09-27T00:00:08Z,MrBeast,Gaming,"I Surprised a Random Subscriber With $10,000",358789125,7280623,77762
UgyP6pUfFgV5FNeJ3px4AaABAg,y1UVAtHALaA,@techwithowen,That guy was pretty chill for 10k 😂,281,2026-07-28T19:13:10Z,MrBeast,Gaming,"I Surprised a Random Subscriber With $10,000",358789125,7280623,77762
UgziHq4LLWD27TJtvbF4AaABAg,y1UVAtHALaA,@Gauravyadavv,If the auto driver stopped there his life would be changed ❤,105,2026-08-31T05:39:00Z,MrBeast,Gaming,"I Surprised a Random Subscriber With $10,000",358789125,7280623,77762
Ugy_QRc6SLpr_PZXg_J4AaABAg,y1UVAtHALaA,@thushariparanagama,"India Landing is not mystery ....""!!!😂❤
Edit> I'm famous...😅",1972,2026-05-30T08:38:10Z,MrBeast,Gaming,"I Surprised a Random Subscriber With $10,000",358789125,7280623,77762
Ugxb6I7Fi9aZ8bFNLup4AaABAg,y1UVAtHALaA,@supermanm9378,"Please send some money my way too!
God, please make my wish come true.",1,2026-09-30T11:59:44Z,MrBeast,Gaming,"I Surprised a Random Subscriber With $10,000",358789125,7280623,77762
UgyhRjydOl9CCrpJl3V4AaABAg,y1UVAtHALaA,@danielvilarealcosta4747,He almost had the misfortune of giving Brazil away.,48,2026-09-22T22:06:08Z,MrBeast,Gaming,"I Surprised a Random Subscriber With $10,000",358789125,7280623,77762
UgzDlToMLQ4mnvEMTuB4AaABAg,y1UVAtHALaA,@xtra_bbQ,"this is one of those things that sounds obvious after hearing it, but most people never think about it that way",45,2026-06-23T11:23:29Z,MrBeast,Gaming,"I Surprised a Random Subscriber With $10,000",358789125,7280623,77762
Ugy2ve1TOWgdNvxqs254AaABAg,y1UVAtHALaA,@GreenIsSilly,"""i am literally shaking"" twins celebrating in lowercase😭🤞",176,2026-08-23T04:56:56Z,MrBeast,Gaming,"I Surprised a Random Subscriber With $10,000",358789125,7280623,77762
UgwNcMbwXPjyTBQZ2Pt4AaABAg,y1UVAtHALaA,@worldexplore-c9z,Bro was calm ☠️,1,2026-09-25T16:37:26Z,MrBeast,Gaming,"I Surprised a Random Subscriber With $10,000",358789125,7280623,77762
Ugz1MTqZpYvppACZRRN4AaABAg,y1UVAtHALaA,@Sasukelife56,I'm just waiting for Juan to win at the challenge🤗 W Dad❤️,781,2026-05-29T16:17:06Z,MrBeast,Gaming,"I Surprised a Random Subscriber With $10,000",358789125,7280623,77762
UgwpcgNoSiWWEiMmcoR4AaABAg,y1UVAtHALaA,@NoahJonathan-m,"Imagine you are a random guy who didnt want to go to work, and then a random guy shows up and gives you 10k",31,2026-05-29T16:05:03Z,MrBeast,Gaming,"I Surprised a Random Subscriber With $10,000",358789125,7280623,77762
UgywcQaVcf2jyqhngpF4AaABAg,y1UVAtHALaA,@BeastFlick1,That guy was so happy 😊 that he gets 10k,15,2026-08-09T15:06:13Z,MrBeast,Gaming,"I Surprised a Random Subscriber With $10,000",358789125,7280623,77762
UgyB7rVcmcapfWwrQZl4AaABAg,y1UVAtHALaA,@RajeswariRamesh-e6q,"Here's the conclusion :
If he make a content about India it Will reach higher that's our power of population",2,2026-09-28T15:43:52Z,MrBeast,Gaming,"I Surprised a Random Subscriber With $10,000",358789125,7280623,77762
UgwMYxcepK5nG5ZnAKR4AaABAg,y1UVAtHALaA,@Wisdom-R,"India is not only delhi and mumbai 😂
Come to other parts of india too",703,2026-05-30T04:24:20Z,MrBeast,Gaming,"I Surprised a Random Subscriber With $10,000",358789125,7280623,77762
Ugw5pl0k1e9Rgk7LBex4AaABAg,y1UVAtHALaA,@mariazoilamolinaarica7451,Bro la reacción del bro al ver 10k es como si le hubieran dado 10soles😂,52,2026-08-06T01:03:14Z,MrBeast,Gaming,"I Surprised a Random Subscriber With $10,000",358789125,7280623,77762
UgyWnv9iG8aa8_RlnEh4AaABAg,y1UVAtHALaA,@Samragye_Vlogs19,Respect to the guy who beat cancer!!,322,2026-05-31T07:05:51Z,MrBeast,Gaming,"I Surprised a Random Subscriber With $10,000",358789125,7280623,77762
Ugwc5-jz7birkhdrEMJ4AaABAg,y1UVAtHALaA,@Shivangxanime,It is very nice that you people give money in India also.,160,2026-06-01T15:50:57Z,MrBeast,Gaming,"I Surprised a Random Subscriber With $10,000",358789125,7280623,77762
UgzDudgL6oKO9cWqjrJ4AaABAg,y1UVAtHALaA,@KALIANAAG1,Actually Mr beast Audiance Indian 40% to 50% 😂,792,2026-05-30T14:55:05Z,MrBeast,Gaming,"I Surprised a Random Subscriber With $10,000",358789125,7280623,77762
UgwO8ge-86IzP0aQGyx4AaABAg,y1UVAtHALaA,@Mr_bean-J1BYT,He's a nice guy,35,2026-05-30T02:24:38Z,MrBeast,Gaming,"I Surprised a Random Subscriber With $10,000",358789125,7280623,77762
UgzucoMCwPmXG9orZ-F4AaABAg,y1UVAtHALaA,@Guilherme-w6k6c,Brazil is where I live and am registered; I am using a translator.,1,2026-09-29T23:28:33Z,MrBeast,Gaming,"I Surprised a Random Subscriber With $10,000",358789125,7280623,77762
UgzJwIbzdkxfF_lbKJZ4AaABAg,y1UVAtHALaA,@Pr3tty-princess-215,Bro was so calm,80,2026-07-24T03:37:55Z,MrBeast,Gaming,"I Surprised a Random Subscriber With $10,000",358789125,7280623,77762
Ugw6BjXaZtXlneUzYFt4AaABAg,y1UVAtHALaA,@KarolKarol-q32,"It's good that at least this gentleman because he is not a fraudster, bravo, bravo, normally, bravo",47,2026-08-25T21:24:10Z,MrBeast,Gaming,"I Surprised a Random Subscriber With $10,000",358789125,7280623,77762
UgymZoRzcMWHHrjvNMt4AaABAg,y1UVAtHALaA,@ColtonChristensen-z9g,Praise the Lord,64,2026-05-30T00:23:34Z,MrBeast,Gaming,"I Surprised a Random Subscriber With $10,000",358789125,7280623,77762
UgyCXLSYcZU-_H7lOQR4AaABAg,y1UVAtHALaA,@alyssaariola9154,R.I.P his coach❤️😭,0,2026-09-28T05:11:25Z,MrBeast,Gaming,"I Surprised a Random Subscriber With $10,000",358789125,7280623,77762
UgyG-zcwFy-joZD1L8N4AaABAg,y1UVAtHALaA,@ericsilvestre5606,Giving him that much money in the public street is dangerous. You probably got that guy hurt.,129,2026-07-09T00:40:46Z,MrBeast,Gaming,"I Surprised a Random Subscriber With $10,000",358789125,7280623,77762
UgwEGaYG2-T6UvutuzN4AaABAg,y1UVAtHALaA,@satishcooking7,Congratulations 500 million subscribers,82,2026-06-12T19:11:48Z,MrBeast,Gaming,"I Surprised a Random Subscriber With $10,000",358789125,7280623,77762
UgwpOowwoASI7xZb0Zd4AaABAg,y1UVAtHALaA,@Peter-q1v,"Why was bro so chill after winning 10,000 Dollars",149,2026-08-09T15:47:21Z,MrBeast,Gaming,"I Surprised a Random Subscriber With $10,000",358789125,7280623,77762
UgzKQxtmZdUQiAIQZI54AaABAg,y1UVAtHALaA,@Poor-j9m,He always remind me of coach Wall 🤧,28,2026-05-30T14:29:59Z,MrBeast,Gaming,"I Surprised a Random Subscriber With $10,000",358789125,7280623,77762
UgyKCICxDwczIA6vYrx4AaABAg,y1UVAtHALaA,@CommentGodStrike,Imagine he got North Korea 💀,264,2026-07-04T07:19:27Z,MrBeast,Gaming,"I Surprised a Random Subscriber With $10,000",358789125,7280623,77762
UgzFTa56lYCyMc89NzN4AaABAg,y1UVAtHALaA,@Lenader_Rlbx,Respect to all the people that respected the guy who beat cancer,125,2026-05-31T08:57:57Z,MrBeast,Gaming,"I Surprised a Random Subscriber With $10,000",358789125,7280623,77762
UgxtceGu8yAVgcm9uch4AaABAg,y1UVAtHALaA,@SHOTGUNTV69,Bro u should come to nepal too,0,2026-09-28T02:04:28Z,MrBeast,Gaming,"I Surprised a Random Subscriber With $10,000",358789125,7280623,77762
Ugx3gca3IrR_aJChWoZ4AaABAg,y1UVAtHALaA,@Neel_talks-v4c,He knows very well about thier subscribersss..!!!,179,2026-06-02T10:13:04Z,MrBeast,Gaming,"I Surprised a Random Subscriber With $10,000",358789125,7280623,77762
UgxFY4EfyPzrH2nlFTR4AaABAg,y1UVAtHALaA,@Rumetikbal,"And don't think I'm only subscribed to one of your channels because I'm subscribed to all of them. I love you Jimmy, see you in Türkiye, my friend.❤❤",35,2026-07-18T10:49:42Z,MrBeast,Gaming,"I Surprised a Random Subscriber With $10,000",358789125,7280623,77762
Ugw2akGCTe2YrFVFzjJ4AaABAg,y1UVAtHALaA,@angellx4,"""i am literally shaking"" bro was standing completely still 🥀
edit : TY FOR 100 LIKES😛",159,2026-08-14T15:35:27Z,MrBeast,Gaming,"I Surprised a Random Subscriber With $10,000",358789125,7280623,77762
Ugzfxg90dHHkzB0i9RN4AaABAg,y1UVAtHALaA,@rajadebnath09,I am Subscriber 🎉,1,2026-09-29T17:14:09Z,MrBeast,Gaming,"I Surprised a Random Subscriber With $10,000",358789125,7280623,77762
UgzMMmzx-iZUjKECeYd4AaABAg,y1UVAtHALaA,@YamunaNepal-zv9wj,"Nepal🇳🇵🇳🇵🇳🇵🇳🇵🇳🇵❤❤❤
Love from Nepal to you❤❤❤",96,2026-05-30T03:37:53Z,MrBeast,Gaming,"I Surprised a Random Subscriber With $10,000",358789125,7280623,77762
UgyJQnGMxCV06iWrdFB4AaABAg,y1UVAtHALaA,@adibrajhan7902,برا ایرانی ها هم پول بفرست😅 مشترک زیاد داری اونجا❤,6,2026-09-09T12:38:35Z,MrBeast,Gaming,"I Surprised a Random Subscriber With $10,000",358789125,7280623,77762
Ugz0gND5x8QcNDO1NMp4AaABAg,y1UVAtHALaA,@MuhammadDaniyal-k8c,"He said ""Suscribe to Mister Bees""",26,2026-09-19T13:18:06Z,MrBeast,Gaming,"I Surprised a Random Subscriber With $10,000",358789125,7280623,77762
Ugwj3qzMxPiMGJfjgTJ4AaABAg,y1UVAtHALaA,@marz_channel01,Come to Shillong Meghalaya India,1,2026-09-25T10:03:46Z,MrBeast,Gaming,"I Surprised a Random Subscriber With $10,000",358789125,7280623,77762
UgwVQhk1V59F-zidIQR4AaABAg,y1UVAtHALaA,@bikash......ji04,"This money is someone's life time dream , for some people ,it's valueed a lot",104,2026-05-31T11:33:32Z,MrBeast,Gaming,"I Surprised a Random Subscriber With $10,000",358789125,7280623,77762
UgyaeQld7NNwi8WlXLR4AaABAg,y1UVAtHALaA,@Socks159,That Indian guy who won was chill,376,2026-05-29T20:55:45Z,MrBeast,Gaming,"I Surprised a Random Subscriber With $10,000",358789125,7280623,77762
UgyyOr3TLiyBFdAGZLh4AaABAg,y1UVAtHALaA,@byezidaliexclusive,India Waloon ko Impress krne ke liye Acha Tariqa hai 🥰,149,2026-05-29T23:50:11Z,MrBeast,Gaming,"I Surprised a Random Subscriber With $10,000",358789125,7280623,77762
Ugyrm5i7ZPk4OAyG7TV4AaABAg,y1UVAtHALaA,@mr.arshad.75,HIS ESTRATIGY IS MASTER 😅,0,2026-09-28T09:52:52Z,MrBeast,Gaming,"I Surprised a Random Subscriber With $10,000",358789125,7280623,77762
Ugz2-_HdUlYgPyyKJ354AaABAg,y1UVAtHALaA,@Ek_Xyz17,"Al Most 500m Jimmy 🎯 hit it now!!!! we can't wait broo..... ❤
Yessss Jimmy You did that 500m completed yooooooo.......... 😸😸😸",42,2026-06-02T15:15:55Z,MrBeast,Gaming,"I Surprised a Random Subscriber With $10,000",358789125,7280623,77762
Ugxitt2GhIKmp5T5kvp4AaABAg,y1UVAtHALaA,@Rumetikbal,"Bring Festables with you, my dear Jimmy.",13,2026-07-18T11:14:09Z,MrBeast,Gaming,"I Surprised a Random Subscriber With $10,000",358789125,7280623,77762
Ugxj8BTi6-Xo6QZwbXt4AaABAg,y1UVAtHALaA,@aaronsjacob5746,"Bro won 9,50,000₹",1,2026-09-30T09:53:17Z,MrBeast,Gaming,"I Surprised a Random Subscriber With $10,000",358789125,7280623,77762
UgxWLe1dM9F1TpZv15F4AaABAg,y1UVAtHALaA,@chickdairgps9121,Bro will reach 500 million subscribers so that's insane❤❤❤❤,19,2026-05-30T04:25:19Z,MrBeast,Gaming,"I Surprised a Random Subscriber With $10,000",358789125,7280623,77762
UgyppiObENXgcM8x9iB4AaABAg,y1UVAtHALaA,@Hema_abono2012,"""I am literally shaking"" the Indian accent made me laugh for some reason 😂",25,2026-07-14T10:49:23Z,MrBeast,Gaming,"I Surprised a Random Subscriber With $10,000",358789125,7280623,77762
Ugy6HTCoZarMS1uh1B14AaABAg,y1UVAtHALaA,@PradipHalder-j8h,Respect to the guy who beat Cancer,55,2026-05-30T09:17:20Z,MrBeast,Gaming,"I Surprised a Random Subscriber With $10,000",358789125,7280623,77762
UgwSN2liPeqCWgz9Jrx4AaABAg,y1UVAtHALaA,@AshokKumbhakar-h7e2q,Why does no one ever ask me questions like this?,2,2026-09-27T09:27:54Z,MrBeast,Gaming,"I Surprised a Random Subscriber With $10,000",358789125,7280623,77762
UgwV6oeRvvORBF18Fch4AaABAg,y1UVAtHALaA,@TheistSkeptic,That's more than 9 lakh (almost a million) rupees in india. That guy's life completely changed in a second,171,2026-06-02T14:30:02Z,MrBeast,Gaming,"I Surprised a Random Subscriber With $10,000",358789125,7280623,77762
UgzlI6YkP0G24UUigdN4AaABAg,y1UVAtHALaA,@LallawmpuiaTetea,500 million subscribers can't believe it ❤️,175,2026-06-12T14:34:34Z,MrBeast,Gaming,"I Surprised a Random Subscriber With $10,000",358789125,7280623,77762
UgyiR0_I5hWIIaqcDUx4AaABAg,y1UVAtHALaA,@SravaniK-co6di,The guy right next to him will start their villain journey,51,2026-06-09T08:03:13Z,MrBeast,Gaming,"I Surprised a Random Subscriber With $10,000",358789125,7280623,77762
UgyrAIg_1Aujib1jFNV4AaABAg,y1UVAtHALaA,@HEKER888,Bro Uzbekistan 😢,1,2026-09-26T16:27:44Z,MrBeast,Gaming,"I Surprised a Random Subscriber With $10,000",358789125,7280623,77762
UgxcDp36A9RjmW2Bk1Z4AaABAg,y1UVAtHALaA,@QuickPlanes,He looks like a nice guy :),19,2026-05-30T18:26:28Z,MrBeast,Gaming,"I Surprised a Random Subscriber With $10,000",358789125,7280623,77762
UgzThNWWo03LJgXPT7x4AaABAg,y1UVAtHALaA,@Donpou2,"Here, before the million, it's not even folded.",114,2026-05-29T17:06:04Z,MrBeast,Gaming,"I Surprised a Random Subscriber With $10,000",358789125,7280623,77762
Ugzx9RclayY8WLa81Cx4AaABAg,y1UVAtHALaA,@KingDurvesh24,Beast knows how to attract Indian audience 🇮🇳🇮🇳🇮🇳,153,2026-05-30T04:23:28Z,MrBeast,Gaming,"I Surprised a Random Subscriber With $10,000",358789125,7280623,77762
UgxeTE1oRoIuG4SGItV4AaABAg,y1UVAtHALaA,@mitsurisama_2025,Come in west bengal howrah plsssssssssss I'm ur big fan😢😢😢😢,1,2026-09-25T10:32:52Z,MrBeast,Gaming,"I Surprised a Random Subscriber With $10,000",358789125,7280623,77762
UgzymGmpVjA3mp_0-OB4AaABAg,y1UVAtHALaA,@pujasilaicenter,You are the most generous man in the world ❤❤❤❤,20,2026-06-02T02:24:06Z,MrBeast,Gaming,"I Surprised a Random Subscriber With $10,000",358789125,7280623,77762
UgwSJpYkv_NVs1tdbtt4AaABAg,y1UVAtHALaA,@bhavanavyas1523,"""ok cut here's ur 5 dollars""",158,2026-08-18T11:01:40Z,MrBeast,Gaming,"I Surprised a Random Subscriber With $10,000",358789125,7280623,77762
Ugzl6I-6YjdUTxzznMN4AaABAg,PTd98UnJnnU,@PoetryEmotion94,So it's the world's first ultrascamming knife,45133,2026-07-29T14:20:34Z,Marques Brownlee,Technology,This TECH Knife is Insane!,41926229,1171498,33222
Ugz79qaGTvpHp5sAv-F4AaABAg,PTd98UnJnnU,@EpicGachaG,The disappointment in his voice when he tried it on cucumber and bread.,70882,2026-07-23T09:14:43Z,Marques Brownlee,Technology,This TECH Knife is Insane!,41926229,1171498,33222
UgykXajM1d3r5Y811CB4AaABAg,PTd98UnJnnU,@torgrim-b9z,Can't wait to get ultrasonic onion mist diffused directly into my eyes,30655,2026-07-25T23:31:20Z,Marques Brownlee,Technology,This TECH Knife is Insane!,41926229,1171498,33222
Ugxhaaxp5RdlaA04-TZ4AaABAg,PTd98UnJnnU,@guiguiregismercer5720,Sounds more like an ultradisappointment than anything else,1967,2026-09-15T06:20:39Z,Marques Brownlee,Technology,This TECH Knife is Insane!,41926229,1171498,33222
Ugz1Nd5TePYYOwVMHHd4AaABAg,PTd98UnJnnU,@snakefooot,Bro’s desperately trying to hold back his honest opinion,108983,2026-01-26T01:38:10Z,Marques Brownlee,Technology,This TECH Knife is Insane!,41926229,1171498,33222
Ugx6Xef4Wy4dHGuVMi94AaABAg,PTd98UnJnnU,@eqeb_x8,Bro is gonna go through five stages of grief after testing it.,7517,2026-07-26T15:42:09Z,Marques Brownlee,Technology,This TECH Knife is Insane!,41926229,1171498,33222
UgyNqKmTD6oG9-MyxJN4AaABAg,PTd98UnJnnU,@Jonathan-rc6kw,"For a minute there, I thought my job as a chef was in jeopardy. 

I'll sleep fine tonight. All 4 hours.",11077,2026-07-20T15:34:25Z,Marques Brownlee,Technology,This TECH Knife is Insane!,41926229,1171498,33222
UgwTe77TxoUPIc4Np4x4AaABAg,PTd98UnJnnU,@brendanfinlayson,"Thanks again, technology companies! You’ve been able to solve the problem that nobody had with regular old boring knives. Good work!",230,2026-09-10T06:26:11Z,Marques Brownlee,Technology,This TECH Knife is Insane!,41926229,1171498,33222
UgzQkXVUASaIXYA2z_54AaABAg,PTd98UnJnnU,@MasterZeustastic,Solution in search of a problem.,1935,2026-08-18T10:00:43Z,Marques Brownlee,Technology,This TECH Knife is Insane!,41926229,1171498,33222
UgwagWlFCpmL16UZK1Z4AaABAg,PTd98UnJnnU,@CRAgamer,This is the most unconvincing ad I've ever seen,199511,2026-01-17T01:30:32Z,Marques Brownlee,Technology,This TECH Knife is Insane!,41926229,1171498,33222
UgwHdptUKWHwSfRlYel4AaABAg,PTd98UnJnnU,@EvilEjXD,Literally cuts like my $12 kitchen knife,7970,2026-07-24T03:16:39Z,Marques Brownlee,Technology,This TECH Knife is Insane!,41926229,1171498,33222
UgwvuCb4xzUWlu5L1QF4AaABAg,PTd98UnJnnU,@aydomac,“People will buy anything” -Todd Howard,25,2026-09-16T17:16:42Z,Marques Brownlee,Technology,This TECH Knife is Insane!,41926229,1171498,33222
Ugw5vSE91q4Am2uHXf14AaABAg,PTd98UnJnnU,@prod.mordihi4772,This advertisement just bankrupted the company 😂,18374,2026-01-19T17:56:37Z,Marques Brownlee,Technology,This TECH Knife is Insane!,41926229,1171498,33222
UgyknSdb9XsvBPeRSWl4AaABAg,PTd98UnJnnU,@Diamondtuffepoxy1,Fixing a problem that doesn't exist.,1278,2026-08-02T18:10:11Z,Marques Brownlee,Technology,This TECH Knife is Insane!,41926229,1171498,33222
UgzjiRPcd-8vpFfflDx4AaABAg,PTd98UnJnnU,@DarkSpectreYT,"“You cooking tonight?”
“Nah sorry bro, my knife died”",6626,2026-01-30T20:40:24Z,Marques Brownlee,Technology,This TECH Knife is Insane!,41926229,1171498,33222
Ugw46OSq9GBet5or9Dt4AaABAg,PTd98UnJnnU,@TonyChuPT,"Next version will require a subscription fee, and it will scan the food so it can produce different levels of ultrasound-pressure on the edge.",9,2026-09-18T04:17:44Z,Marques Brownlee,Technology,This TECH Knife is Insane!,41926229,1171498,33222
UgzZUhWFb_8VQQQrMkJ4AaABAg,PTd98UnJnnU,@Cj-yx6wh,"Off: ""Okay.""
On:  ""Oookay.""",4267,2026-02-19T09:23:59Z,Marques Brownlee,Technology,This TECH Knife is Insane!,41926229,1171498,33222
UgzhkC9V4q4WRPnDDE94AaABAg,PTd98UnJnnU,@Kravmagagod,"For that 0.00000001% of the population that can only eat grapes if they're sliced, this is a game changer.",6171,2026-02-26T18:54:39Z,Marques Brownlee,Technology,This TECH Knife is Insane!,41926229,1171498,33222
UgwXfvk5k3mhRetq4pJ4AaABAg,PTd98UnJnnU,@back.ofmymindd,for 400 dollars I want the knife to cook an entire meal for me and then do the dishes after aswell,3725,2026-08-09T16:07:30Z,Marques Brownlee,Technology,This TECH Knife is Insane!,41926229,1171498,33222
UgxzT0pBilCqlPMvaNt4AaABAg,PTd98UnJnnU,@SbaniDevelopmentAnalytics,If you look carefully the grape was already cut,26,2026-09-13T08:23:08Z,Marques Brownlee,Technology,This TECH Knife is Insane!,41926229,1171498,33222
Ugw7Aslk_dRSKtTsYq94AaABAg,PTd98UnJnnU,@Alexaltair972,I love the moments when he realizes that nothing changes,66279,2026-01-18T01:24:36Z,Marques Brownlee,Technology,This TECH Knife is Insane!,41926229,1171498,33222
UgyIyFKuZpIQcCLlRgx4AaABAg,PTd98UnJnnU,@DrowsyRigby,This is literally cutting edge technology.,139207,2026-01-16T22:01:55Z,Marques Brownlee,Technology,This TECH Knife is Insane!,41926229,1171498,33222
Ugxv5miCxCrE7FQHPtF4AaABAg,PTd98UnJnnU,@flanaj2,"His pitch - ""Well it cuts like shit but listen to that noise!""",1322,2026-07-31T17:04:32Z,Marques Brownlee,Technology,This TECH Knife is Insane!,41926229,1171498,33222
UgyR-cqz_Yk8NuTpk3p4AaABAg,PTd98UnJnnU,@etlimenemen,A fix to a problem we've never had. Brilliant.,1,2026-09-28T08:39:45Z,Marques Brownlee,Technology,This TECH Knife is Insane!,41926229,1171498,33222
Ugzo_7zNOEKEbKWVXzR4AaABAg,PTd98UnJnnU,@timecraftpvp6831,the already existing sharpness of the knife is working overtime,1396,2026-08-03T23:21:40Z,Marques Brownlee,Technology,This TECH Knife is Insane!,41926229,1171498,33222
UgzuDU51TWqCFBQ3YBt4AaABAg,PTd98UnJnnU,@SupplyNinja,This was the best ad for buying regular kitchen knives that i have ever seen.,5628,2026-01-19T00:40:36Z,Marques Brownlee,Technology,This TECH Knife is Insane!,41926229,1171498,33222
UgwQH-gmh35Lta55U4h4AaABAg,PTd98UnJnnU,@drewykun1457,"“Hey mom can you cut some fruit for me?” “Sure son, lemme just charge my knife real quick”",442,2026-07-25T23:24:11Z,Marques Brownlee,Technology,This TECH Knife is Insane!,41926229,1171498,33222
UgwZrpnFiVJRw9CInWN4AaABAg,PTd98UnJnnU,@AI_futureverse,Solution to a problem no one ever faced,1,2026-09-19T10:57:42Z,Marques Brownlee,Technology,This TECH Knife is Insane!,41926229,1171498,33222
UgxUbtcG9YrYVLHnqPN4AaABAg,PTd98UnJnnU,@headshotspecialist1624,The knife is actually working in the sense it helps transfer money from the buyer's pocket into the seller's.,27796,2026-01-18T09:59:25Z,Marques Brownlee,Technology,This TECH Knife is Insane!,41926229,1171498,33222
UgzVMn7LGaiAd9U8Ttp4AaABAg,PTd98UnJnnU,@CodeHQ_24_7,It feels like they tried to solve a problem that didn't exist and still failed😂,6654,2026-02-09T05:48:04Z,Marques Brownlee,Technology,This TECH Knife is Insane!,41926229,1171498,33222
UgwbfPqrrMDu-rU1qTl4AaABAg,PTd98UnJnnU,@DavidFPV360,You can see how hard he's trying to hold back  his honest opinion....,3050,2026-07-19T18:19:06Z,Marques Brownlee,Technology,This TECH Knife is Insane!,41926229,1171498,33222
Ugx-nSRwR1w6vzT5zTx4AaABAg,PTd98UnJnnU,@Y7yamen777,My knife is a tool of justice,1,2026-09-24T20:59:13Z,Marques Brownlee,Technology,This TECH Knife is Insane!,41926229,1171498,33222
UgzC7okDSLBYNVeDGjx4AaABAg,PTd98UnJnnU,@notproductiveproductions3504,“There will be -bloodshed- mild lacerations”,4455,2026-01-25T00:15:55Z,Marques Brownlee,Technology,This TECH Knife is Insane!,41926229,1171498,33222
Ugxt7gj-VwhySHKGCX94AaABAg,PTd98UnJnnU,@Sympanet,Corporate needs you to find the difference between these two cuts,16681,2026-01-16T22:00:46Z,Marques Brownlee,Technology,This TECH Knife is Insane!,41926229,1171498,33222
UgwBLfBtJ52TTJX01Zx4AaABAg,PTd98UnJnnU,@HeisenbergFam,"""okay, oh, okay""

Thats the most questionable ""ok"" ever",19816,2026-01-16T21:59:44Z,Marques Brownlee,Technology,This TECH Knife is Insane!,41926229,1171498,33222
Ugzbs8vZGaBra5RnhdB4AaABAg,PTd98UnJnnU,@Volume-rv,"So basically it is the solution for ""no problem""",1,2026-09-20T08:25:44Z,Marques Brownlee,Technology,This TECH Knife is Insane!,41926229,1171498,33222
UgxwMSOjx91mDJ30WTF4AaABAg,PTd98UnJnnU,@tejeshshrestha21,World's first Ultra-scamic knife.,259,2026-08-10T11:26:25Z,Marques Brownlee,Technology,This TECH Knife is Insane!,41926229,1171498,33222
UgzwoE2lKHYpLElq7p14AaABAg,PTd98UnJnnU,@calabrais,"The definition of ""just because we can doesn't mean we should""",488,2026-07-27T03:07:57Z,Marques Brownlee,Technology,This TECH Knife is Insane!,41926229,1171498,33222
Ugx_ii6UjyJeQ5tuiWB4AaABAg,PTd98UnJnnU,@JordanPringle,The first and last ultrasonic knife 😭,5027,2026-01-21T12:59:41Z,Marques Brownlee,Technology,This TECH Knife is Insane!,41926229,1171498,33222
UgyBH3D29pCebmeU0ad4AaABAg,PTd98UnJnnU,@Fred-jf3gd,Before vs previously 🔥,1,2026-09-18T09:32:47Z,Marques Brownlee,Technology,This TECH Knife is Insane!,41926229,1171498,33222
UgwjuU3TRRaiaNTmLNp4AaABAg,PTd98UnJnnU,@dillzilla4454,The funniest thing about this video is watching him try his best to find something to compliment it on.,25486,2026-01-17T02:27:56Z,Marques Brownlee,Technology,This TECH Knife is Insane!,41926229,1171498,33222
UgxbbnylhZbXqmnqp1J4AaABAg,PTd98UnJnnU,@timz2548,"Ultrasonic knife ❌

Vibroblade ✅",417,2026-08-04T23:35:32Z,Marques Brownlee,Technology,This TECH Knife is Insane!,41926229,1171498,33222
Ugytzi42Hzwg55d0l1x4AaABAg,PTd98UnJnnU,@furioussonu,"Son: Mom is dinner ready yet?
Mom: No, the knife isn’t charged.",3054,2026-01-17T00:33:25Z,Marques Brownlee,Technology,This TECH Knife is Insane!,41926229,1171498,33222
UgxwFUMsuwdJyHTsVf54AaABAg,PTd98UnJnnU,@franticrng5435,"At my job we use a sonic knife, not really made for cutting food. It's mainly used to cut through things that normal blades cant cut thru easily (we cut through hard plastic) in an accurate manner. But it certainly isn't a fast way of doing things",1,2026-09-07T17:10:34Z,Marques Brownlee,Technology,This TECH Knife is Insane!,41926229,1171498,33222
UgzQqqKeHGNx-ZHyEat4AaABAg,PTd98UnJnnU,@ta9891,Dude was NOT convinced by that bread slice 😂,8421,2026-01-17T23:05:23Z,Marques Brownlee,Technology,This TECH Knife is Insane!,41926229,1171498,33222
UgxoBL1k9-F6T3FZPfh4AaABAg,PTd98UnJnnU,@andrewyb830,The cutting was very anticlimactic 😂,56273,2026-01-16T23:31:28Z,Marques Brownlee,Technology,This TECH Knife is Insane!,41926229,1171498,33222
UgxODyYG5RD6l4rjf854AaABAg,PTd98UnJnnU,@christopherbedford9897,"At least they perfected the TV trope of ""audible sharpness""",761,2026-01-26T10:32:15Z,Marques Brownlee,Technology,This TECH Knife is Insane!,41926229,1171498,33222
UgwjMfvYbWNCoB7cUU14AaABAg,PTd98UnJnnU,@mchammer5592,He will bring honor to house Atreides,2,2026-09-17T22:41:33Z,Marques Brownlee,Technology,This TECH Knife is Insane!,41926229,1171498,33222
UgyGf3apQr1HW8Y2Hsd4AaABAg,PTd98UnJnnU,@hyshade5132,His self restraint is far sharper than that knife will ever be.,111,2026-07-27T11:06:01Z,Marques Brownlee,Technology,This TECH Knife is Insane!,41926229,1171498,33222
UgwHO_96-HRsG5LbTN94AaABAg,PTd98UnJnnU,@Beefybaby,Solving a problem that doesn't exist.,6041,2026-01-18T08:51:36Z,Marques Brownlee,Technology,This TECH Knife is Insane!,41926229,1171498,33222
Ugw2glr-xhX_DZqZUYd4AaABAg,PTd98UnJnnU,@Cazamalos,I think he’s going to destroy another company with this brutally honest demo,4007,2026-01-17T13:49:45Z,Marques Brownlee,Technology,This TECH Knife is Insane!,41926229,1171498,33222
Ugy7QbdBlnKKZxzBgcJ4AaABAg,PTd98UnJnnU,@Jess_Helldiver,Vibroblades are real now huh,1,2026-09-27T02:47:04Z,Marques Brownlee,Technology,This TECH Knife is Insane!,41926229,1171498,33222
UgzdQcfbho8TrttmHft4AaABAg,PTd98UnJnnU,@Antigen__,"Now that's a ""it looked way more impressive off-camera"" expression if I've ever seen one",1811,2026-01-17T07:10:56Z,Marques Brownlee,Technology,This TECH Knife is Insane!,41926229,1171498,33222
UgwSy7sA9A1jYvF2pgR4AaABAg,PTd98UnJnnU,@bendo7418,A knife that cuts. Impressive.,212,2026-08-05T21:55:41Z,Marques Brownlee,Technology,This TECH Knife is Insane!,41926229,1171498,33222
UgyzhKQvDVXBJvJjRxp4AaABAg,PTd98UnJnnU,@TheBClark88,The unergonomic handle made me think this was not a good product. The cutting demonstration confirmed it.,2059,2026-01-17T11:09:07Z,Marques Brownlee,Technology,This TECH Knife is Insane!,41926229,1171498,33222
UgyRkLXTemArHSXY8Sh4AaABAg,PTd98UnJnnU,@untimateds,Cucumber : you shall not,0,2026-09-30T01:10:44Z,Marques Brownlee,Technology,This TECH Knife is Insane!,41926229,1171498,33222
UgyhUZ9xqq9KUkPJxh54AaABAg,PTd98UnJnnU,@Biscuitavenger,Knives have been around for centuries and chefs seem to do pretty good with the technology we have already,1125,2026-01-25T23:50:10Z,Marques Brownlee,Technology,This TECH Knife is Insane!,41926229,1171498,33222
Ugz4MhBeH86Q8X3YlvZ4AaABAg,PTd98UnJnnU,@ChaseNJohn14,"Regular blade: ""okay""
Ultrasonic blade: ""okay""",792,2026-01-19T06:12:21Z,Marques Brownlee,Technology,This TECH Knife is Insane!,41926229,1171498,33222
UgzPwvUXcfkUYtjICyx4AaABAg,PTd98UnJnnU,@Truantt,Man if that knife is $400 it better cut through my student loan debt,5571,2026-01-16T21:59:22Z,Marques Brownlee,Technology,This TECH Knife is Insane!,41926229,1171498,33222
UgzxdsT2Xin7yJcg0iJ4AaABAg,PTd98UnJnnU,@gingertoast89,"I’m guessing you would never believe you’d see the day knifes needing Wi-Fi 😂 




(I know it’s not Wi-Fi)",1,2026-09-22T18:27:54Z,Marques Brownlee,Technology,This TECH Knife is Insane!,41926229,1171498,33222
UgzS3o3Zwp-66opQHNN4AaABAg,PTd98UnJnnU,@AndoroidP,“It is not magic. It is $400 so it should be magic”,1048,2026-05-26T05:23:54Z,Marques Brownlee,Technology,This TECH Knife is Insane!,41926229,1171498,33222
UgwY7bT2-gweL4uZRU54AaABAg,PTd98UnJnnU,@Fogolol,"""Now raiden, stop that blade!""
RULES OF NATURE",176,2026-07-27T17:42:19Z,Marques Brownlee,Technology,This TECH Knife is Insane!,41926229,1171498,33222
Ugy1DhwHv_WyMlOQPmV4AaABAg,PTd98UnJnnU,@FeatherzMcGraw,"So as soon as there is pressure against the blade of any reasonable amount, I'd assume any ultrasonic assistance would be nulled.",634,2026-01-29T00:10:17Z,Marques Brownlee,Technology,This TECH Knife is Insane!,41926229,1171498,33222
UgyAudLyuGdyH-FJJgV4AaABAg,PTd98UnJnnU,@Raphaelolisa-t2j,"Soon we gon be paying to update our cooking utensils software, lol",1,2026-09-15T23:00:23Z,Marques Brownlee,Technology,This TECH Knife is Insane!,41926229,1171498,33222
UgyVONMFodTdaIgyWCB4AaABAg,PTd98UnJnnU,@No-gj8sw,"A virboblade, looks like we’re entering the old republic ahead of schedule",139,2026-07-26T02:12:24Z,Marques Brownlee,Technology,This TECH Knife is Insane!,41926229,1171498,33222
UgxQcpUroy8CL73U3KV4AaABAg,PTd98UnJnnU,@mpq2394,Ultrasonically cutting money from wallets,298,2026-03-17T19:03:42Z,Marques Brownlee,Technology,This TECH Knife is Insane!,41926229,1171498,33222
Ugw1EBS1Q97Z5At0MZV4AaABAg,PTd98UnJnnU,@L3thalBones,Insert Office meme : corporate needs you to find rhe difference in these two photos,133,2026-07-25T04:00:40Z,Marques Brownlee,Technology,This TECH Knife is Insane!,41926229,1171498,33222
UgyMKRQbMLyj1gLerPp4AaABAg,PTd98UnJnnU,@lavaconda_,"I appreciate your genuine reaction, no gaslighting🤣",0,2026-09-25T09:12:37Z,Marques Brownlee,Technology,This TECH Knife is Insane!,41926229,1171498,33222
Ugy5dKxGdn0NHzdOfl94AaABAg,PTd98UnJnnU,@mango5030,"“Knife premium has expired, update payment information to extend it further”",504,2026-01-19T18:24:05Z,Marques Brownlee,Technology,This TECH Knife is Insane!,41926229,1171498,33222
UgykKqDnlqdjBKtXie14AaABAg,PTd98UnJnnU,@Zombraiined,"I get some serious ""This tech needs 10 years"" energy.",1044,2026-01-23T00:21:21Z,Marques Brownlee,Technology,This TECH Knife is Insane!,41926229,1171498,33222
Ugz81bz3bXaYYqy5ZLt4AaABAg,PTd98UnJnnU,@Secarious,Honestly I wish all ads were this truthful about the actual effect of their product.,1093,2026-01-18T14:36:44Z,Marques Brownlee,Technology,This TECH Knife is Insane!,41926229,1171498,33222
UgxteYc1B5Mfddn236l4AaABAg,PTd98UnJnnU,@JoshybabeeGaming,"that ""okay"" said EVERYTHING",0,2026-09-06T21:33:27Z,Marques Brownlee,Technology,This TECH Knife is Insane!,41926229,1171498,33222
UgwABg0dJhr_3h3IaUZ4AaABAg,PTd98UnJnnU,@RC038,"""Hey honey, can you cook dinner tonight?""
""Sorry babe, the knifes gotta charge""",624,2026-01-17T21:06:30Z,Marques Brownlee,Technology,This TECH Knife is Insane!,41926229,1171498,33222
UgwPq_ocdsmEh98-QxZ4AaABAg,PTd98UnJnnU,@aidpool,"At $400, I was expecting a mini light sabre",1628,2026-01-17T16:22:37Z,Marques Brownlee,Technology,This TECH Knife is Insane!,41926229,1171498,33222
UgwG71_xNS6gJE8Mqz14AaABAg,PTd98UnJnnU,@kos3172,"Полез в комменты потому что счел себя безумцем ибо не увидел разницы, как хорошо, что я здоров😂",622,2026-05-22T12:28:20Z,Marques Brownlee,Technology,This TECH Knife is Insane!,41926229,1171498,33222
Ugy5fu7RZG-powZu5uV4AaABAg,Od6M0AXpcxQ,@ttony567,Apples’ first foldable since the iPhone 6,65334,2026-09-10T07:38:43Z,Marques Brownlee,Technology,iPhone 18 Pro/Duo Impressions: Mogged,27404627,363506,24880
UgwsTX7hC2ZePTj3r4J4AaABAg,Od6M0AXpcxQ,@cravecraft25,I love watching videos of phones i won't buy,72052,2026-09-10T07:32:27Z,Marques Brownlee,Technology,iPhone 18 Pro/Duo Impressions: Mogged,27404627,363506,24880
Ugzt2RNIPjVP6Rf9fdJ4AaABAg,Od6M0AXpcxQ,@SooHaaacked,"Marquees next week:

So I have been using the iPhone duo for a month now",36727,2026-09-10T07:41:26Z,Marques Brownlee,Technology,iPhone 18 Pro/Duo Impressions: Mogged,27404627,363506,24880
UgwLjPjp6mAOLu1-49t4AaABAg,Od6M0AXpcxQ,@umanray-l1z,"Won't blame whoever buys this, as much of a bad financial idea it may be for most, but the better deal will definitely be the Pro. Personally, I'll get a black, some screen protector (idk which yet) and call it a day",220,2026-09-17T16:39:36Z,Marques Brownlee,Technology,iPhone 18 Pro/Duo Impressions: Mogged,27404627,363506,24880
UgyQavy1FUaQEl_E9KZ4AaABAg,Od6M0AXpcxQ,@mosaictd,That transition between the two screens is ridiculously satisfying.,21891,2026-09-10T10:11:21Z,Marques Brownlee,Technology,iPhone 18 Pro/Duo Impressions: Mogged,27404627,363506,24880
UgzZ5ADM2aVX0Aef7X14AaABAg,Od6M0AXpcxQ,@karifoo,Marques begging to hit the subscribe button is a recession indicator,14695,2026-09-10T08:41:08Z,Marques Brownlee,Technology,iPhone 18 Pro/Duo Impressions: Mogged,27404627,363506,24880
Ugwn55DqZCHwsox2NfN4AaABAg,Od6M0AXpcxQ,@TheDepressedMemeCat,I'll tell my dogs you said hi Marques,14458,2026-09-10T07:31:10Z,Marques Brownlee,Technology,iPhone 18 Pro/Duo Impressions: Mogged,27404627,363506,24880
UgyQPY83ogFCp5bWI_d4AaABAg,Od6M0AXpcxQ,@taniya_bos,The folding UI is the part that actually makes the Duo interesting; that price tag makes the whole thing way harder to get excited about.,1,2026-09-21T12:45:42Z,Marques Brownlee,Technology,iPhone 18 Pro/Duo Impressions: Mogged,27404627,363506,24880
Ugy7RTyvKwqs3oIRkYB4AaABAg,Od6M0AXpcxQ,@Cormacoon,I legitimately CAN'T wait for the jerryrigeverything teardown,11049,2026-09-10T07:51:39Z,Marques Brownlee,Technology,iPhone 18 Pro/Duo Impressions: Mogged,27404627,363506,24880
UgzaznFsnB_Nim1YEvF4AaABAg,Od6M0AXpcxQ,@Ipanapa00,"Increasing the price of the older models is insane.

Edit: And yes I know why the prices are rising. I miss the times when electronics weren't appreciating assets.",8529,2026-09-10T09:14:47Z,Marques Brownlee,Technology,iPhone 18 Pro/Duo Impressions: Mogged,27404627,363506,24880
Ugwdz-CsbBB8yMdmkPN4AaABAg,Od6M0AXpcxQ,@SLEEPING_DAWGS,I’ll always appreciate the YouTubers who play the sponsorship ads at the very end of the video.,6334,2026-09-10T08:35:31Z,Marques Brownlee,Technology,iPhone 18 Pro/Duo Impressions: Mogged,27404627,363506,24880
UgxIukEbcY4sN70UETZ4AaABAg,Od6M0AXpcxQ,@anthonyscamera,Crazy how this video is now MKBHD’s 3rd most popular video,0,2026-09-16T13:40:02Z,Marques Brownlee,Technology,iPhone 18 Pro/Duo Impressions: Mogged,27404627,363506,24880
UgyeGWFWgpUAh49VXmd4AaABAg,Od6M0AXpcxQ,@edwardgomez7392,"“Duo, because the screen looks like the letter D.”

I cannot unsee it now.",3016,2026-09-10T12:16:10Z,Marques Brownlee,Technology,iPhone 18 Pro/Duo Impressions: Mogged,27404627,363506,24880
UgyxlCzNTEW765sYF1B4AaABAg,Od6M0AXpcxQ,@HTXStudio,That’s me at 2:07! So happy to be in an MKBHD video 🥹,2650,2026-09-10T17:04:11Z,Marques Brownlee,Technology,iPhone 18 Pro/Duo Impressions: Mogged,27404627,363506,24880
UgyTHgt_Z_GzBHayA4V4AaABAg,Od6M0AXpcxQ,@NickOMB,Whoever made that animation deserves a raise. It’s so satisfying,3229,2026-09-10T14:31:46Z,Marques Brownlee,Technology,iPhone 18 Pro/Duo Impressions: Mogged,27404627,363506,24880
UgyWu9iuwvN3lsZaH0l4AaABAg,Od6M0AXpcxQ,@Keduscatus,"$1,999 and people are already complaining 😭 meanwhile the 256GB one is around $4,730 in Turkey. imagine paying more than double just because you live here. the taxes are actually insane",123,2026-09-14T12:24:13Z,Marques Brownlee,Technology,iPhone 18 Pro/Duo Impressions: Mogged,27404627,363506,24880
UgyiD1BnV_OEvcwZW8d4AaABAg,Od6M0AXpcxQ,@JJ-ec9lp,I’m excited to own this phone in 5-8 years. I’m on a 12 right now.,1479,2026-09-13T21:44:55Z,Marques Brownlee,Technology,iPhone 18 Pro/Duo Impressions: Mogged,27404627,363506,24880
Ugy1hUUscke0hwywpmt4AaABAg,Od6M0AXpcxQ,@xImBounty,Putting the sponsor segment at the very end of the video is so much more watch-friendly. Really appreciate that!,1814,2026-09-10T11:38:53Z,Marques Brownlee,Technology,iPhone 18 Pro/Duo Impressions: Mogged,27404627,363506,24880
UgwXb4FdyJjrobBBbPV4AaABAg,Od6M0AXpcxQ,@otablu2,It's alright,4258,2026-09-10T07:30:26Z,Marques Brownlee,Technology,iPhone 18 Pro/Duo Impressions: Mogged,27404627,363506,24880
UgwQ3qjRfhqVX4A0XM14AaABAg,Od6M0AXpcxQ,@paradigmshift470,That animation when you close and open the phone is genuinely gorgeous. Nice to see Apple really nail it after people hated on Liquid Glass so much.,0,2026-09-15T20:35:31Z,Marques Brownlee,Technology,iPhone 18 Pro/Duo Impressions: Mogged,27404627,363506,24880
UgwWmCVuO46KJSLacgN4AaABAg,Od6M0AXpcxQ,@srdjankovic,"$2000 for a phone, what a time to be alive",1932,2026-09-10T11:21:54Z,Marques Brownlee,Technology,iPhone 18 Pro/Duo Impressions: Mogged,27404627,363506,24880
Ugz-O6Ublcj3_2sDhFV4AaABAg,Od6M0AXpcxQ,@ShevaCenko-r4b,15 mill views in one day is craazy☠️☠️☠️,1517,2026-09-11T19:21:22Z,Marques Brownlee,Technology,iPhone 18 Pro/Duo Impressions: Mogged,27404627,363506,24880
UgxgWKHywDzRg-pchnF4AaABAg,Od6M0AXpcxQ,@Itsprasaduniverse,i can't wait for jerryrigeverything to snap it,1205,2026-09-11T12:04:23Z,Marques Brownlee,Technology,iPhone 18 Pro/Duo Impressions: Mogged,27404627,363506,24880
UgzshNt8Oqy0hKpyTjd4AaABAg,Od6M0AXpcxQ,@ironmikelaw,24 mil views in 5 days... Congrats MKBHD! I remember your early videos and it makes me so proud to see you continue to improve and put out great content. Congrats brother!,0,2026-09-15T13:32:49Z,Marques Brownlee,Technology,iPhone 18 Pro/Duo Impressions: Mogged,27404627,363506,24880
UgzJfzXHBjmfBmLHKWl4AaABAg,Od6M0AXpcxQ,@UrbanNoizeMusic,"""Marqueeze Brownlee"" 😂. Speed was so hype to meet you 😂",1191,2026-09-10T07:35:40Z,Marques Brownlee,Technology,iPhone 18 Pro/Duo Impressions: Mogged,27404627,363506,24880
Ugz2zgDZ6YKzy8aLPp54AaABAg,Od6M0AXpcxQ,@someESC,"Making old tech, feel new is a apple product speciality.",700,2026-09-12T18:05:35Z,Marques Brownlee,Technology,iPhone 18 Pro/Duo Impressions: Mogged,27404627,363506,24880
Ugx7uCiJ_VwmGriWqUJ4AaABAg,Od6M0AXpcxQ,@MahadiMuhammad06,"*_""The Duo reSurfaces!""_*",1157,2026-09-10T07:46:46Z,Marques Brownlee,Technology,iPhone 18 Pro/Duo Impressions: Mogged,27404627,363506,24880
Ugy65F9uKtsCkMgjoPN4AaABAg,Od6M0AXpcxQ,@spaghettiman3757,TELL YOUR DOG I SAID HI merch?? I love you Marques,1,2026-09-14T17:31:41Z,Marques Brownlee,Technology,iPhone 18 Pro/Duo Impressions: Mogged,27404627,363506,24880
Ugz2DLGV-HCHrApQ4xp4AaABAg,Od6M0AXpcxQ,@MidwestDefender,"Welcome back, Surface Duo.",735,2026-09-10T09:03:29Z,Marques Brownlee,Technology,iPhone 18 Pro/Duo Impressions: Mogged,27404627,363506,24880
UgwiZ1_0uXBm8RHs4CN4AaABAg,Od6M0AXpcxQ,@Steveify,That animation for the Duo is so smooth.,841,2026-09-10T07:50:07Z,Marques Brownlee,Technology,iPhone 18 Pro/Duo Impressions: Mogged,27404627,363506,24880
Ugza63NEFVmPz8THMc54AaABAg,Od6M0AXpcxQ,@sortasamm,"5:33 I really love the idea of the foldable iPhone, but the main reason I won’t buy it (aside from price) is because I’m left handed! I love that there’s a touch id sensor, but between it being on the right and the UI being weighted to the right, it wouldn’t be very comfortable for me to use.",27,2026-09-11T06:03:44Z,Marques Brownlee,Technology,iPhone 18 Pro/Duo Impressions: Mogged,27404627,363506,24880
UgybNztqKHXWnbZlcBd4AaABAg,Od6M0AXpcxQ,@leonvmusic,"04:46 Ooh, I actually really love that smooth book page folding animation. Nice!",0,2026-09-14T17:06:50Z,Marques Brownlee,Technology,iPhone 18 Pro/Duo Impressions: Mogged,27404627,363506,24880
Ugy873lI3tF_UZ4n13J4AaABAg,Od6M0AXpcxQ,@krisdesha8129,That folding animation is seriously the cleanest UI. I love it.,714,2026-09-10T10:38:37Z,Marques Brownlee,Technology,iPhone 18 Pro/Duo Impressions: Mogged,27404627,363506,24880
Ugwb299CAiq9HIYt2Ct4AaABAg,Od6M0AXpcxQ,@AryukovAlexey,"I live in Shanghai and China foldables bit is absolutely true! People actually buy 2 phones, 1 for work and whatsoever and another is foldable for playing or watching videos on the subway",716,2026-09-10T15:35:25Z,Marques Brownlee,Technology,iPhone 18 Pro/Duo Impressions: Mogged,27404627,363506,24880
UgzyTgHhkcZnMsVRFz14AaABAg,Od6M0AXpcxQ,@AliKhan-io8zo,Side note: 3 million views in just 7 hours is CRAZYYYY. Bro's balling.,621,2026-09-10T15:11:06Z,Marques Brownlee,Technology,iPhone 18 Pro/Duo Impressions: Mogged,27404627,363506,24880
UgzcZhrWpWl4a_pALs94AaABAg,Od6M0AXpcxQ,@steevieg,Ahh. September again. Here's to another month of MKBHD+Apple glaze lol.,1,2026-09-16T09:42:25Z,Marques Brownlee,Technology,iPhone 18 Pro/Duo Impressions: Mogged,27404627,363506,24880
UgzZlxzh-806OvFKIyx4AaABAg,Od6M0AXpcxQ,@aadityalikesmiatas,2:44 So a Dynamic Archiapelago,244,2026-09-10T12:18:51Z,Marques Brownlee,Technology,iPhone 18 Pro/Duo Impressions: Mogged,27404627,363506,24880
UgzBQZRPftNX4Cg5s554AaABAg,Od6M0AXpcxQ,@Yhesboss,Nice to see HTX studio in the studio 2:07,716,2026-09-10T08:23:01Z,Marques Brownlee,Technology,iPhone 18 Pro/Duo Impressions: Mogged,27404627,363506,24880
Ugx51IcRl4Tg3oPg80l4AaABAg,Od6M0AXpcxQ,@justDavidThanks,Quietly increased the price of their old phones is crazy….,396,2026-09-10T11:01:06Z,Marques Brownlee,Technology,iPhone 18 Pro/Duo Impressions: Mogged,27404627,363506,24880
UgyEmVMZVJkUA5jSSNF4AaABAg,Od6M0AXpcxQ,@ForceOFDelta-m8y,seeing volume button on top rail is a breath of fresh air!!,0,2026-09-15T20:26:49Z,Marques Brownlee,Technology,iPhone 18 Pro/Duo Impressions: Mogged,27404627,363506,24880
UgzUiJtLxeP88X8sam54AaABAg,Od6M0AXpcxQ,@crimsongold5535,The animation as MKB opens and closes the phone looks like the liquid glass is given a true 3D effect. Amazing.,288,2026-09-10T09:26:21Z,Marques Brownlee,Technology,iPhone 18 Pro/Duo Impressions: Mogged,27404627,363506,24880
UgyedLeHksuBrAoQLyl4AaABAg,Od6M0AXpcxQ,@melgross,"He’s the only one so far who has correctly enumerated the difference between Samsung’s old implementation of the aperture and Apple’s new one, which I’ve been trying to explain to others.",57,2026-09-10T14:00:14Z,Marques Brownlee,Technology,iPhone 18 Pro/Duo Impressions: Mogged,27404627,363506,24880
UgyTNCy0hSXIsF5j1Bl4AaABAg,Od6M0AXpcxQ,@jhaeberli,"I loved the 10 sec disclaimer on ""oh yeah, no fast charging, no silicon battery, no zoom camera"" hahhaha",523,2026-09-10T14:01:18Z,Marques Brownlee,Technology,iPhone 18 Pro/Duo Impressions: Mogged,27404627,363506,24880
UgyxEdJoahFHvCAw6iZ4AaABAg,Od6M0AXpcxQ,@ATXJA,The duo is the reason I have not purchased an iPhone since the iPhone Mini.  I have held on to that tiny thing for as long as I could...it's time.,36,2026-09-15T01:57:54Z,Marques Brownlee,Technology,iPhone 18 Pro/Duo Impressions: Mogged,27404627,363506,24880
UgxZ_O0Q7CzN735qv0d4AaABAg,Od6M0AXpcxQ,@TomGally,Great to see that cameo of He Tongxue of HTX Studio at 2:07! One great creator showing his respect for another.,127,2026-09-10T10:27:13Z,Marques Brownlee,Technology,iPhone 18 Pro/Duo Impressions: Mogged,27404627,363506,24880
UgyJKyq_Tt96fnN9H714AaABAg,Od6M0AXpcxQ,@K-a-n-i,Praying for the well-being of the duo that ends up in Jerryrig studio,21,2026-09-10T19:37:35Z,Marques Brownlee,Technology,iPhone 18 Pro/Duo Impressions: Mogged,27404627,363506,24880
Ugx5JPzE_smIA14O5Bd4AaABAg,Od6M0AXpcxQ,@DocThinks,2:13 HTX Studios !!!!!,552,2026-09-10T11:47:00Z,Marques Brownlee,Technology,iPhone 18 Pro/Duo Impressions: Mogged,27404627,363506,24880
Ugzz1ERp5f_n8vxOF354AaABAg,Od6M0AXpcxQ,@rothvonhoyte,It's such an apple thing to be so excited about an animation,239,2026-09-14T21:26:24Z,Marques Brownlee,Technology,iPhone 18 Pro/Duo Impressions: Mogged,27404627,363506,24880
UgwWJt11RPUgZSqsGYx4AaABAg,Od6M0AXpcxQ,@RedKanto,The folding animation was chef’s kiss.,93,2026-09-10T07:31:45Z,Marques Brownlee,Technology,iPhone 18 Pro/Duo Impressions: Mogged,27404627,363506,24880
UgzS3sOuhuT1tRJ4yEh4AaABAg,Od6M0AXpcxQ,@crypto3125,That opening/closing animation is genuinely insane,564,2026-09-10T21:05:52Z,Marques Brownlee,Technology,iPhone 18 Pro/Duo Impressions: Mogged,27404627,363506,24880
UgxDD8tobCH55TTarwV4AaABAg,Od6M0AXpcxQ,@KayanNayak-k3f,2:11 the HTX STUDIO guy!!!!,397,2026-09-10T22:49:20Z,Marques Brownlee,Technology,iPhone 18 Pro/Duo Impressions: Mogged,27404627,363506,24880
UgwJlVL09BehjYr3ild4AaABAg,Od6M0AXpcxQ,@VeenayVeenay-u7l,The way you present is top notch I did not expect it to be this good.,1,2026-09-23T16:59:34Z,Marques Brownlee,Technology,iPhone 18 Pro/Duo Impressions: Mogged,27404627,363506,24880
UgxOh5pGxgYc40Fz8B54AaABAg,Od6M0AXpcxQ,@jsmu1234,"Apple didn't give you a VIP pass to the event and you really produced facts telling video this time, fair and honest.",63,2026-09-11T02:36:21Z,Marques Brownlee,Technology,iPhone 18 Pro/Duo Impressions: Mogged,27404627,363506,24880
UgzBLYYTrKtvIlw5Mwl4AaABAg,Od6M0AXpcxQ,@KenniTheKid,That opening animation is honestly incredible. Creates a brilliant illusion.,378,2026-09-10T08:26:31Z,Marques Brownlee,Technology,iPhone 18 Pro/Duo Impressions: Mogged,27404627,363506,24880
Ugwy4XHKxusUyfVkWId4AaABAg,Od6M0AXpcxQ,@BeesAR,2:10 HTX studio spotted,284,2026-09-10T16:42:36Z,Marques Brownlee,Technology,iPhone 18 Pro/Duo Impressions: Mogged,27404627,363506,24880
UgxL2qlkUrcIB0HE4ot4AaABAg,Od6M0AXpcxQ,@CaioPortellaMotionDesigner,"That trick of hiding the crease and the fading effect you mentioned when opening the screen costs about 1 real here in Brazil. They even had stickers where the animation changed depending on the lighting, and they were basically a blend of two animations. That was their “premium” solution. 5:59",0,2026-09-20T03:54:27Z,Marques Brownlee,Technology,iPhone 18 Pro/Duo Impressions: Mogged,27404627,363506,24880
UgxwyT-d21x7_Vos_Ox4AaABAg,Od6M0AXpcxQ,@nielskersic328,"I have no desire for a foldable phone, especially not at that price… but that folding animation is so mesmerizing",264,2026-09-10T17:25:20Z,Marques Brownlee,Technology,iPhone 18 Pro/Duo Impressions: Mogged,27404627,363506,24880
Ugz1gwgxyHw32xlem3t4AaABAg,Od6M0AXpcxQ,@SkruffD45B,We are at the Blackberry arc of phone design yet again,352,2026-09-12T10:19:17Z,Marques Brownlee,Technology,iPhone 18 Pro/Duo Impressions: Mogged,27404627,363506,24880
Ugzqb8GYsbeUj0c8uCt4AaABAg,Od6M0AXpcxQ,@henryhoohoo,2:08 HTX studio spotted 👀,503,2026-09-10T07:33:31Z,Marques Brownlee,Technology,iPhone 18 Pro/Duo Impressions: Mogged,27404627,363506,24880
Ugw3S2ML6aYPe1iP7G54AaABAg,Od6M0AXpcxQ,@AravindRavi,its been 15 years... but  oh boy i would still die to watch a mkbhd iphone video in september. easily the best tech time of the year !,0,2026-09-21T06:56:55Z,Marques Brownlee,Technology,iPhone 18 Pro/Duo Impressions: Mogged,27404627,363506,24880
UgwGhYO9zYio2Bw7GGB4AaABAg,Od6M0AXpcxQ,@aleksconks,"Apple Neo and Apple Duo, a throwback in Samsung’s early 2010s 😂",686,2026-09-11T05:39:56Z,Marques Brownlee,Technology,iPhone 18 Pro/Duo Impressions: Mogged,27404627,363506,24880
Ugy0Zh0lXrGxfkMvLq14AaABAg,Od6M0AXpcxQ,@RydsRyds,"10:00 the details apple make that make their not so innovative new phone more fun. like even if samsung was 7 phones ahead of the fold, they still make it like it's something to be talked about. i remember when they unveil the ""Dynamic Island"" and it was so cool, but android users commented ""its been done years ago"" okay, but did anyone care? i meannn",12,2026-09-10T15:06:11Z,Marques Brownlee,Technology,iPhone 18 Pro/Duo Impressions: Mogged,27404627,363506,24880
Ugxv7YgR4mPfYjp942V4AaABAg,Od6M0AXpcxQ,@YoManSan,"I think they've left some things out intentionally, so they can add them on the future iterations of the Duo.",108,2026-09-13T12:46:47Z,Marques Brownlee,Technology,iPhone 18 Pro/Duo Impressions: Mogged,27404627,363506,24880
UgwUnYYfouk8Y5yVCMh4AaABAg,Od6M0AXpcxQ,@saybo95,The future is here 🙌,1,2026-09-20T05:24:41Z,Marques Brownlee,Technology,iPhone 18 Pro/Duo Impressions: Mogged,27404627,363506,24880
UgyLv7aFCv16dnEnBvR4AaABAg,Od6M0AXpcxQ,@Harsha-ez7cx,"Back in the day, Microsoft had the Neo and the Duo, but they were quite poor. Additionally, the Neo was their take on a foldable device.",312,2026-09-10T07:48:39Z,Marques Brownlee,Technology,iPhone 18 Pro/Duo Impressions: Mogged,27404627,363506,24880
UgztGofbqWVRW43cM9N4AaABAg,Od6M0AXpcxQ,@swiffel,"2:12 HTX ball knowledge, they are great",68,2026-09-10T15:43:20Z,Marques Brownlee,Technology,iPhone 18 Pro/Duo Impressions: Mogged,27404627,363506,24880
UgzNWFoiMSVSuksqjsV4AaABAg,Od6M0AXpcxQ,@ThePenguinsKing,"Who wants a stylus?
—Some forgotten CEO",612,2026-09-10T08:18:59Z,Marques Brownlee,Technology,iPhone 18 Pro/Duo Impressions: Mogged,27404627,363506,24880
Ugym748sk0kSYPJyRy14AaABAg,Od6M0AXpcxQ,@jerome.tehupeiory,"I was still on the iPhone fence about upgrading to the next iPhone Pro until I spotted someone unfolding a Huawei during a trip to Jakarta last year. I was genuinely stunned. To top it off, the Fold 7 had just been released, so I finally jumped ship to Samsung. The Fold 7 did everything my iPhone could do, but better. Now I have the Fold 8 Ultra, and it fully delivers on all fronts—though I still appreciate my MacBook Pro.  (Haven't tried Samsung book...)",0,2026-09-14T12:11:42Z,Marques Brownlee,Technology,iPhone 18 Pro/Duo Impressions: Mogged,27404627,363506,24880
UgwxfaMrbzzf5Vd2i7p4AaABAg,Od6M0AXpcxQ,@RobManser77,"Geeky and unrelated comment: the camera you’re filming the narration on in the hotel room is amazing. The light and shade, the colours, the balance between realism and an 
artistic/cinematic look - absolutely perfect.",280,2026-09-10T19:44:37Z,Marques Brownlee,Technology,iPhone 18 Pro/Duo Impressions: Mogged,27404627,363506,24880
Ugw2KrFf0v-5kYv6A7Z4AaABAg,Od6M0AXpcxQ,@shaziamohsin7157,2:00 HTX 😂😂❤❤❤ I LOVE THOSE IDIOTS 😂 Grokvoxus will be big today,51,2026-09-10T19:09:35Z,Marques Brownlee,Technology,iPhone 18 Pro/Duo Impressions: Mogged,27404627,363506,24880
UgwGoLTaA132GRKC_gF4AaABAg,Od6M0AXpcxQ,@11kele,"That open/close animation is the 1st detail I noticed and I rewinded multiple times to see it, I didn't know that it will be mentioned later. Kudos to UI designers, I love to see their effort getting credit when it is deserved.",109,2026-09-10T12:31:22Z,Marques Brownlee,Technology,iPhone 18 Pro/Duo Impressions: Mogged,27404627,363506,24880
UgzVrVrE54dzPLBBOod4AaABAg,Od6M0AXpcxQ,@gloglogadget,It’s crazy how much better this looks as a first gen product than all the other foldables with 5+ iterations,14,2026-09-14T17:43:56Z,Marques Brownlee,Technology,iPhone 18 Pro/Duo Impressions: Mogged,27404627,363506,24880
UgzspvCV5m7Us7KLJTN4AaABAg,Od6M0AXpcxQ,@ChanMakara-bg3oh,I love watching videos of phones I can't afford to buy,32,2026-09-10T09:26:42Z,Marques Brownlee,Technology,iPhone 18 Pro/Duo Impressions: Mogged,27404627,363506,24880
Ugw-YBFBMJCRE3k4NQl4AaABAg,Od6M0AXpcxQ,@ieatrox,2:09 a wild HTX Studio appears! Love that guy,60,2026-09-10T12:36:15Z,Marques Brownlee,Technology,iPhone 18 Pro/Duo Impressions: Mogged,27404627,363506,24880
Ugy2MYN8fb1QkN_J8VZ4AaABAg,Od6M0AXpcxQ,@hellomelchy,3:20 Too late. I subscribed 6 years ago.,448,2026-09-10T08:04:33Z,Marques Brownlee,Technology,iPhone 18 Pro/Duo Impressions: Mogged,27404627,363506,24880
Ugw1QBqKPoDf09rtgCF4AaABAg,jrzK4xL_W4Q,@buddymac1,I usually carry around pockets full of diamonds and sapphires so sadly I see this as a design flaw.,140337,2025-11-13T15:50:11Z,Marques Brownlee,Technology,This is not normal,24676991,851864,8986
UgyxwBC3n4Ewl_pRZtR4AaABAg,jrzK4xL_W4Q,@GreenDayGlazer23,"“You’re bleeding!”
“Not my blood”",27005,2026-02-05T03:48:17Z,Marques Brownlee,Technology,This is not normal,24676991,851864,8986
Ugz7HoF6e5Cyb3wZEnt4AaABAg,jrzK4xL_W4Q,@AnymMusic,"""I'm not stuck in here with you, you're stuck in here with me"" ahh phone",142671,2025-11-13T14:42:15Z,Marques Brownlee,Technology,This is not normal,24676991,851864,8986
UgySLl4RRh2_NG6Av9p4AaABAg,jrzK4xL_W4Q,@shibusamuel7680,Knife sharpening was one of those features that the modern day phones were missing. This will be the new Benchmark😂😂,2723,2026-08-26T14:56:30Z,Marques Brownlee,Technology,This is not normal,24676991,851864,8986
Ugw9D9wlcZAytRpfrmd4AaABAg,jrzK4xL_W4Q,@elizathegamer413,"Finally, a phone that also doubles as a whetstone",32130,2025-11-13T15:46:47Z,Marques Brownlee,Technology,This is not normal,24676991,851864,8986
UgzUGRpicK4tJEnl2Rt4AaABAg,jrzK4xL_W4Q,@xxtravisxxify,"""I am not in danger, Skyler. I am the danger.""",3286,2026-02-16T22:45:55Z,Marques Brownlee,Technology,This is not normal,24676991,851864,8986
UgymFItFgSWBFuZcQcx4AaABAg,jrzK4xL_W4Q,@ssrini2002,“Call an ambulance but not for me” ahh phone,6675,2025-11-13T15:13:43Z,Marques Brownlee,Technology,This is not normal,24676991,851864,8986
Ugxl-NY-9T8U0fs0ogB4AaABAg,jrzK4xL_W4Q,@venddeals7323,“Call An Ambulance! But Not For Me!”,620,2026-08-08T21:31:10Z,Marques Brownlee,Technology,This is not normal,24676991,851864,8986
UgwLfg0uha3S4CoZtVB4AaABAg,jrzK4xL_W4Q,@adnanrahman8475,Oh shoot. Now I can't put my phone and my diamonds in the same bag.,5933,2025-11-13T21:07:55Z,Marques Brownlee,Technology,This is not normal,24676991,851864,8986
UgzuNPK4FP87C7-_tuR4AaABAg,jrzK4xL_W4Q,@LordOfJazz,"OnePlus should put that on their marketing ""“Can’t get scratched if you’re the one doing the scratching”.",3561,2025-11-15T08:47:58Z,Marques Brownlee,Technology,This is not normal,24676991,851864,8986
UgwbyaDJAxcQQX9_YYZ4AaABAg,jrzK4xL_W4Q,@EKO_5P3AR,Scratches at a level 8 with deeper grooves at a level 9,52938,2025-11-13T14:43:41Z,Marques Brownlee,Technology,This is not normal,24676991,851864,8986
UgyhBMoyx7mSCCbYhwV4AaABAg,jrzK4xL_W4Q,@Aussieboy1001,Nokia: ‘I have taught you well my son’,29,2026-07-05T13:32:08Z,Marques Brownlee,Technology,This is not normal,24676991,851864,8986
Ugxbh9K9Tzg5v92tJ_d4AaABAg,jrzK4xL_W4Q,@daryl_the_explorer,"""Sometimes the best defense is a good offense""

- Nico Harrison",4864,2025-11-13T20:20:37Z,Marques Brownlee,Technology,This is not normal,24676991,851864,8986
UgxIDzgRgzC-VQxwYsl4AaABAg,jrzK4xL_W4Q,@robeagleR,"""Get a case, but not for me.""

edit : jfc thems a lot of likes and replies, that rarely happens so Uh..Donate to a non-kill animal shelter or something on my behalf guys lol thanks.",15424,2025-11-14T00:40:02Z,Marques Brownlee,Technology,This is not normal,24676991,851864,8986
UgwmALvf3fVEEwSRKxh4AaABAg,jrzK4xL_W4Q,@LabaLib,I'm not in danger I am the danger 🗣🔥,9721,2025-11-13T14:51:05Z,Marques Brownlee,Technology,This is not normal,24676991,851864,8986
UgxxhKNB88M6AZ19QdJ4AaABAg,jrzK4xL_W4Q,@Skyvader66,"“A good defence is a precise and decisive offence”
-Obi Wan Kenobi the goat",60,2026-08-16T00:33:28Z,Marques Brownlee,Technology,This is not normal,24676991,851864,8986
UgyhjDnG7zexeIJ8qS94AaABAg,jrzK4xL_W4Q,@HisMajestyKingPantoniusDSecond,This phone doesn’t need a phone case. The phone case needs this phone.,11833,2025-11-15T00:18:33Z,Marques Brownlee,Technology,This is not normal,24676991,851864,8986
UgwlCP2ElMphLhtcs_x4AaABAg,jrzK4xL_W4Q,@Jay_D_Junk,"When a character returns after a battle covered in blood, but then says that it's not theirs...

Edit : After reading the replies, I realized that there's a lot of media with this exact trope. Me personally, I was thinking of when Atreus from god of war said ""not...my....blood"" after getting punched.",12005,2025-11-13T18:25:08Z,Marques Brownlee,Technology,This is not normal,24676991,851864,8986
Ugwnr06NFfTJ6NWqXLB4AaABAg,jrzK4xL_W4Q,@MorfMusic,Can’t wait for Apple to introduce this in 2076,3658,2026-04-10T19:25:10Z,Marques Brownlee,Technology,This is not normal,24676991,851864,8986
UgyPmNh9QkSVDNGUBpN4AaABAg,jrzK4xL_W4Q,@animaz32,"Reminds me of the rorschach dialog: ""I'm not locked in here with you, you're locked in here with me""",3,2026-09-12T04:37:02Z,Marques Brownlee,Technology,This is not normal,24676991,851864,8986
Ugx-vJUEQU3rTYqWmkR4AaABAg,jrzK4xL_W4Q,@Mc.Knight,"“I once got bit by a cobra, and after 5 hours of agonizing pain, the cobra died.” Ahh phone",3197,2025-11-15T23:37:18Z,Marques Brownlee,Technology,This is not normal,24676991,851864,8986
Ugylp7UP50CDGNiZOiJ4AaABAg,jrzK4xL_W4Q,@sumaiyabegum1161,"“To scratch your enemy, you must scratch yourself” ahh phone",2155,2025-11-14T09:01:01Z,Marques Brownlee,Technology,This is not normal,24676991,851864,8986
UgzCpaVB2ijxX_wjIm54AaABAg,jrzK4xL_W4Q,@Cyborg1011,“Can’t get scratched if you’re the one doing the scratching” 😂 Hilarious,1388,2025-11-13T18:58:27Z,Marques Brownlee,Technology,This is not normal,24676991,851864,8986
UgwVqmFShgxcdN02r954AaABAg,jrzK4xL_W4Q,@ballagh,“None of you seem to understand. I’m not locked in here with you. You’re locked in here with me!”,1,2026-09-11T20:36:35Z,Marques Brownlee,Technology,This is not normal,24676991,851864,8986
UgwfOQrZD8JvMEiMgBN4AaABAg,jrzK4xL_W4Q,@Rhiogh8462,"""As long as it's not diamond""
My broke ass with neither the phone nor a diamond: Ok, I'll keep that in mind",3175,2025-11-14T12:51:33Z,Marques Brownlee,Technology,This is not normal,24676991,851864,8986
Ugyoqj5Hzlh5TEVRl9p4AaABAg,jrzK4xL_W4Q,@astrongamin579,"""He's not the one taking damage, he- he's the one DOING IT!""🗣️🔥",624,2025-11-14T14:21:17Z,Marques Brownlee,Technology,This is not normal,24676991,851864,8986
UgyfX5l-oawHSEmgrll4AaABAg,jrzK4xL_W4Q,@Bourn77,"""I'm not in danger Skylar, I'm the Danger, I'm the one who Knocks"" ~ Oneplus 15. 😂",1276,2025-11-14T05:06:55Z,Marques Brownlee,Technology,This is not normal,24676991,851864,8986
UgwlmSi6AHU53zkeOiB4AaABAg,jrzK4xL_W4Q,@WealthSaloon,It's like that scene in the punisher tv series where Frank is covered in blood because he literally murdered every other inmate in the hallway,1,2026-09-20T23:45:14Z,Marques Brownlee,Technology,This is not normal,24676991,851864,8986
UgzpyamKg2s-8dfXAGp4AaABAg,jrzK4xL_W4Q,@Merlin_Hermes-z,"""Call an ambulance but not for me"" ahh",1383,2025-11-15T00:43:52Z,Marques Brownlee,Technology,This is not normal,24676991,851864,8986
UgzKr82cGIfRat9lTN54AaABAg,jrzK4xL_W4Q,@RikkuBeans,"During a meeting the CEO said: ""We need a material that is nearly indestructable... ah you know what, scratch that..."" and the engineers took it literally.",3298,2025-11-18T04:19:14Z,Marques Brownlee,Technology,This is not normal,24676991,851864,8986
UgxDkqpMEgqClA1sCLN4AaABAg,jrzK4xL_W4Q,@M24071,So they basically put a little black board to write notes on 😂,3673,2025-12-11T08:08:23Z,Marques Brownlee,Technology,This is not normal,24676991,851864,8986
Ugw2qoDkcy81eCRDO_N4AaABAg,jrzK4xL_W4Q,@85lionelopghnhr789,Doom gonna find it for his power against avengers😂😂,7,2026-08-26T06:05:15Z,Marques Brownlee,Technology,This is not normal,24676991,851864,8986
UgxNaDXsdMGn8LtzvlF4AaABAg,jrzK4xL_W4Q,@Kolibri-Mirage,Offline Notepad Feature,540,2025-11-13T15:02:01Z,Marques Brownlee,Technology,This is not normal,24676991,851864,8986
UgxTiMjV1ad3ME0yOsF4AaABAg,jrzK4xL_W4Q,@voidwisp27,Jerryrigeverything's been real quiet since this dropped ...,1098,2025-11-13T15:00:18Z,Marques Brownlee,Technology,This is not normal,24676991,851864,8986
UgzExKb15dmYZ-gu1RJ4AaABAg,jrzK4xL_W4Q,@RealCanadanMan,"not only will the knife not damage it, you could technically wet the back of the phone, and use it as a wet stone to sharpen the knife LOL",484,2025-11-17T05:52:28Z,Marques Brownlee,Technology,This is not normal,24676991,851864,8986
Ugyti0f6pYmTIcZyly14AaABAg,jrzK4xL_W4Q,@forzaazzurri1471,"This phone: “""I am not in danger, Skyler. I am the danger!""",1,2026-09-20T11:48:11Z,Marques Brownlee,Technology,This is not normal,24676991,851864,8986
UgxfKmxY6JCW--Vs8LR4AaABAg,jrzK4xL_W4Q,@ca.as.,You can write Notes on the back of the Phone!😅,978,2025-11-13T14:40:48Z,Marques Brownlee,Technology,This is not normal,24676991,851864,8986
Ugxkotqc_POUILRGoa54AaABAg,jrzK4xL_W4Q,@ezBlu.,"""scratch or be scratched"" pure survival",446,2025-11-14T12:18:45Z,Marques Brownlee,Technology,This is not normal,24676991,851864,8986
UgyiH1vt5FA95JrPMuN4AaABAg,jrzK4xL_W4Q,@BigBrainSpeaks,"Phone said: ""How can I slip if I'm the one doin the moppin""",469,2025-11-14T17:14:37Z,Marques Brownlee,Technology,This is not normal,24676991,851864,8986
UgyMtJr1S-F6gpQDG3V4AaABAg,jrzK4xL_W4Q,@HisMajesty99,“I AM THE ONE WHO KNOCKS” type energy 😅😂,2,2026-09-14T21:25:38Z,Marques Brownlee,Technology,This is not normal,24676991,851864,8986
Ugzt4wFqqZUe4ZlD-jt4AaABAg,jrzK4xL_W4Q,@vchalmel,The Nokia 3310 scratches the OnePlus 15.,1029,2025-11-13T14:50:38Z,Marques Brownlee,Technology,This is not normal,24676991,851864,8986
UgzDgYa57YPnttI1hkl4AaABAg,jrzK4xL_W4Q,@abhinavkhobra2780,"Bro literally said ""I'm not in danger, I'M THE DANGER "" FR😅",778,2025-11-17T17:31:51Z,Marques Brownlee,Technology,This is not normal,24676991,851864,8986
UgwcXMI8pd0jdgN1mFt4AaABAg,jrzK4xL_W4Q,@supertoys1740,"The aura when he says 'it is not taking the damage,it is doing the damage'🔥🔥🔥🔥🔥🗣🗣",729,2025-12-29T15:12:16Z,Marques Brownlee,Technology,This is not normal,24676991,851864,8986
UgxGRMuCEXedkepomCR4AaABAg,jrzK4xL_W4Q,@mozax8118,"JerryRigEverything: ""A worthy opponent?""",4,2026-09-10T16:54:01Z,Marques Brownlee,Technology,This is not normal,24676991,851864,8986
UgxLxcbzFYIR01FzjeZ4AaABAg,jrzK4xL_W4Q,@vaaluhaari,I thought for a moment that it was a flagship phone with a plastic back😅,501,2025-11-13T14:40:27Z,Marques Brownlee,Technology,This is not normal,24676991,851864,8986
UgyfzY6Q0KcPa7Vbu314AaABAg,jrzK4xL_W4Q,@4partmedia,"It's a pretty incredible finish. They used to call it Moonstone, and it's fun just to mess with it in the light- it has a bloom effect and feels amazing to the touch.",226,2025-11-13T19:15:11Z,Marques Brownlee,Technology,This is not normal,24676991,851864,8986
UgxxrtOzHmjqtSHqY9l4AaABAg,jrzK4xL_W4Q,@MathStudyAccount,“Defense wins championships” - Nico Harrison,236,2026-04-17T03:27:25Z,Marques Brownlee,Technology,This is not normal,24676991,851864,8986
Ugx7fgcdfQS8gGkZCPx4AaABAg,jrzK4xL_W4Q,@coldpiston,"""I'm not in danger, I am the danger.""",1,2026-06-02T06:58:39Z,Marques Brownlee,Technology,This is not normal,24676991,851864,8986
UgzgN9EiHBd9OzWJH2h4AaABAg,jrzK4xL_W4Q,@maximumpotential3796,Can we appreciate that this is a unique innovation.,928,2025-11-15T15:56:47Z,Marques Brownlee,Technology,This is not normal,24676991,851864,8986
UgwQ5Y57yBj3qH4JbQt4AaABAg,jrzK4xL_W4Q,@kmgonzales6958,That diamond weakness is such a deal breaker. I always walk around with sharp cut diamonds in my pockets.,339,2026-02-20T08:15:12Z,Marques Brownlee,Technology,This is not normal,24676991,851864,8986
UgyZWu4lB62DmmZn1xt4AaABAg,jrzK4xL_W4Q,@hashiramasenju2248,"""I'm the one who knocks"" ahh phone",292,2025-11-13T14:53:08Z,Marques Brownlee,Technology,This is not normal,24676991,851864,8986
UgxrS3_0f5CtYzTWGYh4AaABAg,jrzK4xL_W4Q,@rowenmaxwell2965,This actually sounds like a nightmare. Anytime your nail touches the back it leaves a white mark. I keep AirPods in the same pocket as my phone so that case would just get sanded down over time. Interesting concept but I’d rather have a hard flat coating than fine sandpaper on the back.,1,2026-08-25T21:41:11Z,Marques Brownlee,Technology,This is not normal,24676991,851864,8986
UgyEFvZ5AH_nHGR0qCZ4AaABAg,jrzK4xL_W4Q,@AdrianoJolivesi,"That’s what my cat said:
“You can’t get scratches if you’re the one doing the scratching.”",95,2025-11-14T05:53:03Z,Marques Brownlee,Technology,This is not normal,24676991,851864,8986
Ugwe0P3ju3FFwU308U14AaABAg,jrzK4xL_W4Q,@christopherrowe8968,"""I am not in danger. I am the danger!""",175,2025-11-13T14:55:50Z,Marques Brownlee,Technology,This is not normal,24676991,851864,8986
UgwWvdWFw6Yd-qrcx454AaABAg,jrzK4xL_W4Q,@RRTACO,This is the only phone Chuck Norris can use without instantly breaking,550,2025-12-23T03:45:31Z,Marques Brownlee,Technology,This is not normal,24676991,851864,8986
UgwK1LsBV5gOOcvCzoN4AaABAg,jrzK4xL_W4Q,@OscarGeronimo,"That means you can use it to sharpen your knives, haha. Besides how practical it would be, it's a reassuring thing.",1,2026-08-04T15:52:04Z,Marques Brownlee,Technology,This is not normal,24676991,851864,8986
UgzJSqzuF3xGan7uO6p4AaABAg,jrzK4xL_W4Q,@sngamer9007,We went from worrying about keys and coins scratching phone to now worrying about phone scratching them😅,214,2025-11-13T15:36:00Z,Marques Brownlee,Technology,This is not normal,24676991,851864,8986
UgzJPUHfjsiTBMH5P4F4AaABAg,jrzK4xL_W4Q,@o3nisoaso3,This needs to become the norm for phones,242,2025-11-15T20:38:36Z,Marques Brownlee,Technology,This is not normal,24676991,851864,8986
UgyA7Jnc5ip9TAD-QvN4AaABAg,jrzK4xL_W4Q,@spicyski8628,"“I’m not in danger, I am the danger” ahh phone💔🥀",310,2025-11-18T07:59:08Z,Marques Brownlee,Technology,This is not normal,24676991,851864,8986
Ugyh_brYAlWFpOgh7794AaABAg,jrzK4xL_W4Q,@YE6970,"“I don’t take damage , I am the damage”",1,2026-08-23T07:26:11Z,Marques Brownlee,Technology,This is not normal,24676991,851864,8986
Ugxt40APApmAFzt0haV4AaABAg,jrzK4xL_W4Q,@mountainbikerdave,"Since it's ceramic You can actually use it as a sharpening stone to sharpen your knife. 

But ceramics are typically very fine and don't remove a whole lot of steel, so you'll probably be more honing and refining of the edge than actual sharpening.

Also ceramics are very brittle due to their high hardness, so if you drop that phone it's going to chip into a lot of pieces (similar to glass) 🥂",87,2025-11-14T21:18:40Z,Marques Brownlee,Technology,This is not normal,24676991,851864,8986
UgwdCzCFBWxSfl4CuxF4AaABAg,jrzK4xL_W4Q,@AndorranStairway,“It absorbs that which makes it stronger” - OnePlus of Griffindor,61,2025-11-13T19:44:27Z,Marques Brownlee,Technology,This is not normal,24676991,851864,8986
Ugw8KGeoh1AZlAbWj554AaABAg,jrzK4xL_W4Q,@aweeb634,"""it's.. doing the damage .."" the pain in the voice",45,2025-11-13T17:31:56Z,Marques Brownlee,Technology,This is not normal,24676991,851864,8986
UgyrbPB7hhVm4zXOLb54AaABAg,jrzK4xL_W4Q,@PudgeBeats16,That would be so cool if the screen can do that.,1,2026-09-12T20:04:45Z,Marques Brownlee,Technology,This is not normal,24676991,851864,8986
Ugyz-Z46PKBitrm4xKx4AaABAg,jrzK4xL_W4Q,@sujanbarman7092,"That gave me small heart attack as I just ordered the same phone. And then I was like, will my ear pods be fine?",83,2025-11-13T15:57:03Z,Marques Brownlee,Technology,This is not normal,24676991,851864,8986
UgyL4piMYdozbZTsZ5x4AaABAg,jrzK4xL_W4Q,@BlueWolf1,'Its doing the damage' has like an 'im the one who knocks' vibe😂,18,2025-11-14T11:08:42Z,Marques Brownlee,Technology,This is not normal,24676991,851864,8986
UgyHsD_Cx7Yi_YkoWHh4AaABAg,jrzK4xL_W4Q,@Not-Eth3R,"""The first rule of war is : know your enemy, outsmart them with their move"" - the art of war, Sun Tzu",54,2025-11-14T17:59:29Z,Marques Brownlee,Technology,This is not normal,24676991,851864,8986
UgwXkFFJpB6oawdxdah4AaABAg,jrzK4xL_W4Q,@basketanand,You explain concepts so well. Love this channel,0,2026-07-24T09:58:15Z,Marques Brownlee,Technology,This is not normal,24676991,851864,8986
UgzaOTWpdD_CALkaqnd4AaABAg,jrzK4xL_W4Q,@ianb810,This would actually be perfect for me. I work as a glass cutter so a huge issue I have is my shit getting scratched by glass I have to be super careful about setting my phone down on my table. So a phone that instead scratches the glass itself is awesome,54,2025-11-13T14:42:20Z,Marques Brownlee,Technology,This is not normal,24676991,851864,8986
Ugy43iyKFg8HevFO_LR4AaABAg,jrzK4xL_W4Q,@Spinechilling7,"""I'm not in danger Skylar, I'm THE danger.""",30,2025-11-15T18:10:56Z,Marques Brownlee,Technology,This is not normal,24676991,851864,8986
Ugwc6BJZosBfH9a_2_R4AaABAg,jrzK4xL_W4Q,@whysoSai,Final boss for nail styling tool.,30,2026-01-07T11:39:52Z,Marques Brownlee,Technology,This is not normal,24676991,851864,8986
Ugy190v3Y3UBANX0Qm54AaABAg,jrzK4xL_W4Q,@CaerEsthar,My $15 phone case doesn’t scratch to begin with…,1,2026-09-28T01:01:13Z,Marques Brownlee,Technology,This is not normal,24676991,851864,8986
UgwL-G5djdX9bdxg3il4AaABAg,jrzK4xL_W4Q,@opijela_majela,Should be industry standard.,10,2025-11-23T13:33:10Z,Marques Brownlee,Technology,This is not normal,24676991,851864,8986
UgzvJl0JJMyyw0DAvAx4AaABAg,jrzK4xL_W4Q,@bigsiege7684,The pockets of my pants will go to hoell.,13,2025-11-15T20:42:39Z,Marques Brownlee,Technology,This is not normal,24676991,851864,8986
Ugz5mWC9ZQik9OZc5gd4AaABAg,jrzK4xL_W4Q,@Dr.Incoming,"""Call Ambulance, Call Ambulance, But not for me"" ahh phone",35,2026-04-18T05:56:09Z,Marques Brownlee,Technology,This is not normal,24676991,851864,8986
UgzDKcZRjF92bZ7vqiF4AaABAg,xIFkrVU5Krk,@themoreyouknow6046,Getting an iPhone ad immediately after this video is peak irony,21960,2025-10-20T02:10:48Z,Marques Brownlee,Technology,This or the iPhone?,15939275,424222,8797
UgyBkSlGLm_T7-Qf7aN4AaABAg,xIFkrVU5Krk,@drephie,l don't understand how the Xiaomi's 3rd camera can be so small yet so good,38760,2025-10-15T22:21:23Z,Marques Brownlee,Technology,This or the iPhone?,15939275,424222,8797
UgwCsa_7lXeKmjO2jCl4AaABAg,xIFkrVU5Krk,@omriamos,"It's also LIGHTER than the iphone, which is just crazy.",15365,2025-10-16T12:40:05Z,Marques Brownlee,Technology,This or the iPhone?,15939275,424222,8797
UgzDhTQZx39fQBKq-qx4AaABAg,xIFkrVU5Krk,@fedzalicious,That rear screen is awesome. I hope it becomes the norm.,304,2026-07-31T11:27:21Z,Marques Brownlee,Technology,This or the iPhone?,15939275,424222,8797
UgyYYmwWanD_-TC1DPl4AaABAg,xIFkrVU5Krk,@MM1997.,This is like that guy who cheats from you yet he gets the best grades 😂😂,17217,2025-10-16T16:14:13Z,Marques Brownlee,Technology,This or the iPhone?,15939275,424222,8797
UgwWLKRJBDANcWkcJzh4AaABAg,xIFkrVU5Krk,@stalinsapam6253,Xiaomi ceo must be having some personal issues with apple lol,6163,2025-10-21T04:50:55Z,Marques Brownlee,Technology,This or the iPhone?,15939275,424222,8797
Ugx8p0DfmNLpcox2Bil4AaABAg,xIFkrVU5Krk,@agentholmes369,"This is the phone version of 
"" I am you but better""",7064,2025-10-18T01:45:51Z,Marques Brownlee,Technology,This or the iPhone?,15939275,424222,8797
Ugy55RZRvE---91R_eF4AaABAg,xIFkrVU5Krk,@Wayzz_73,"""But is it an iPhone? Yeah didn't think so.""
          – The average Apple enthusiast",1540,2026-07-01T17:58:57Z,Marques Brownlee,Technology,This or the iPhone?,15939275,424222,8797
Ugx4v3cHC3i09KgneGR4AaABAg,xIFkrVU5Krk,@Sam-yf4kt,Apple CEO realising outsourcing maybe wasn’t a great idea,9990,2025-10-16T00:31:41Z,Marques Brownlee,Technology,This or the iPhone?,15939275,424222,8797
UgziEnhU0FBh9vNZjWh4AaABAg,xIFkrVU5Krk,@Jaey-m.v,"""What phone do you use"".....
Oh, a 17 Pro Max...
""Uhhh which one?""",3488,2025-10-16T04:29:59Z,Marques Brownlee,Technology,This or the iPhone?,15939275,424222,8797
Ugx4Soqn_na8B5H_4jV4AaABAg,xIFkrVU5Krk,@Avocado-21,"""may be convinced "" man I AM convinced, I wanna buy this phone",927,2026-01-15T14:25:46Z,Marques Brownlee,Technology,This or the iPhone?,15939275,424222,8797
UgyY1BQc0HVLBY2JC7Z4AaABAg,xIFkrVU5Krk,@kindandsoftasfluff7289,The exact version of Rush Hour. It’s like : Who are you? I am you and you are me. 🤣🤣🤣,21,2026-06-26T05:59:27Z,Marques Brownlee,Technology,This or the iPhone?,15939275,424222,8797
UgwHcuyp5xZKXUbE9hR4AaABAg,xIFkrVU5Krk,@rxs87,That back screen looks useful to have if only just for selfies,2366,2025-10-16T03:52:24Z,Marques Brownlee,Technology,This or the iPhone?,15939275,424222,8797
UgySn9HmEVDL7LUa5dt4AaABAg,xIFkrVU5Krk,@Speham2,"Xioami branding was disrespectful i admit it, but the phone itself is a-m-a-z-i-ng, could i still get a recommendation on a iphone case tho?",2683,2025-11-06T18:11:44Z,Marques Brownlee,Technology,This or the iPhone?,15939275,424222,8797
UgxA9HQprOXDzsjeLoZ4AaABAg,xIFkrVU5Krk,@hanybanjg,main cam selfies are 100%  and that back screen is gonna be oh so good...,617,2026-01-19T17:58:53Z,Marques Brownlee,Technology,This or the iPhone?,15939275,424222,8797
UgzJj_QH5jp5F9S_F6R4AaABAg,xIFkrVU5Krk,@MaxAndDaisy0825,Holy shit that rear screen is Craaaaazzyyyy!!!!! 😮😮😮😮,6,2026-07-31T11:12:52Z,Marques Brownlee,Technology,This or the iPhone?,15939275,424222,8797
Ugw0yQ3471csa3p-rLN4AaABAg,xIFkrVU5Krk,@JoshArgueta-i4o,That back screen could be useful for selfies or even video recording! What a great idea and innovative!,215,2026-02-08T04:08:09Z,Marques Brownlee,Technology,This or the iPhone?,15939275,424222,8797
UgwnsIg3rTmA0jGSfxN4AaABAg,xIFkrVU5Krk,@Nergicuga,"As a photographer as soon as I saw ""Leica Vario-Summilux"" Im sold",1367,2025-10-17T11:59:06Z,Marques Brownlee,Technology,This or the iPhone?,15939275,424222,8797
UgwccvcfT1Re5SLdyeh4AaABAg,xIFkrVU5Krk,@LYW-su3ol,"The name matching is actually genius, not only it’s a marketing stunt also when people search 17 pro or pro max they will see this and they may change the purchasing decision",916,2025-10-18T12:29:46Z,Marques Brownlee,Technology,This or the iPhone?,15939275,424222,8797
UgyTlouP9EO-Dr7IjQV4AaABAg,xIFkrVU5Krk,@spicyd52,Bro I like the work and research you do on these phones,6,2026-08-08T00:11:49Z,Marques Brownlee,Technology,This or the iPhone?,15939275,424222,8797
Ugzyi6bk_IgLOKmZKVx4AaABAg,xIFkrVU5Krk,@Yos115,"""It charges faster"" is an understatement.",512,2025-10-21T19:47:56Z,Marques Brownlee,Technology,This or the iPhone?,15939275,424222,8797
UgzqcAAPrrv5tCMwfV14AaABAg,xIFkrVU5Krk,@teal_go,This feels like a crossover between apple and xiaomi even if apple had no idea 😅,508,2025-10-15T22:22:07Z,Marques Brownlee,Technology,This or the iPhone?,15939275,424222,8797
UgwZxCGZbuBL1ZToeqt4AaABAg,xIFkrVU5Krk,@a-ramdom-2010s-guy,And xiaomi also anounced their version of the dinamic island,163,2025-10-29T09:52:19Z,Marques Brownlee,Technology,This or the iPhone?,15939275,424222,8797
UgwgiPkJWTGftZh160N4AaABAg,xIFkrVU5Krk,@vipxrd,"If ANY phone had iOS without being an iPhone with those kinds of features, we’d be ALL over it.",3,2026-06-13T21:52:53Z,Marques Brownlee,Technology,This or the iPhone?,15939275,424222,8797
Ugx0j0c_muO3HcRNtrZ4AaABAg,xIFkrVU5Krk,@leakyabstraction,"I fully intend to get the Xiaomi 17 Pro. That back screen is a game changer! Finally I can use the main camera for selfies, without having to get a flip phone. I'm just waiting for it to be available in Europe.",749,2025-10-19T14:52:26Z,Marques Brownlee,Technology,This or the iPhone?,15939275,424222,8797
UgygJzj9LWDfiQMiMXd4AaABAg,xIFkrVU5Krk,@PenguinByte,"You know it's bad when the nearly 1:1 copycat makes the original look like the cheap copy in nearly every way possible
EDIT: I am Android fan, and I do believe that Apple mostly copies Android in general, but while I’m not saying the iPhone 17 Pro isn’t a copycat, the Xiaomi 17 Pro undeniably does copy a significant portion of the outer design.",4895,2025-10-15T22:21:13Z,Marques Brownlee,Technology,This or the iPhone?,15939275,424222,8797
UgwlhFTAJGQB2O3Q3TV4AaABAg,xIFkrVU5Krk,@Sean.Vosler,Matching the naming scheme is hilarious 😂,236,2025-10-17T01:52:27Z,Marques Brownlee,Technology,This or the iPhone?,15939275,424222,8797
UgxiObAVBCyE6M4yXCV4AaABAg,xIFkrVU5Krk,@MakeMoney-zh7uc,"Holy shitt that screen on the back sold it for me,thats so coool",13,2026-08-30T02:33:27Z,Marques Brownlee,Technology,This or the iPhone?,15939275,424222,8797
Ugz4w95jN4FR6cmfmPB4AaABAg,xIFkrVU5Krk,@akraminabdullah,"So I've been using this phone for 3 months now, and yeah I totally love it. I was an iPhone user, which the last phone I used is the 15 Pro Max. Everything is great to me, but there's a few aesterisks though. Selfie and 0.7x ultra wide is ok, and I don't use those much. Compared to the main and 5x periscope, those camera has insane quality. Rear display really make me love taking selfies with the back camera. I still think that videos are better on iPhones, but this phone's video quality is just as good. Super steady shot, for example, is really steady on straight movements, but struggles a bit at orbit pan shots. Perfomance is great, I never had overheating thanks to it's large vapour chamber. Games however, iPhones are more optimized for that, for example especially supercell games — my iPhone 11 Pro also runs 60hz like my 15 PM and Xiaomi. Haptics are objective in my opinion — they're much stronger with the Xiaomi, but I hope that there are more haptic patterns like what we take for granted in iPhones. Speakers are loud. Display is very smooth and rarely stutters. I'm using the Chinese ver btw. Yes, it's a little difficult to use it, but I just get used to it and have minimal problems personally

Will I recommend the Xiaomi? It's not that easy of a recommendation, but I totally am happy having this one over the iPhone. There are also very few people that uses the Xiaomi at my region, and everyone are just impressed of the Xiaomi. If you're reading this far, thank you — I very rarely make comments",165,2026-03-05T03:02:49Z,Marques Brownlee,Technology,This or the iPhone?,15939275,424222,8797
UgwTu7c_DQgsNcAn67x4AaABAg,xIFkrVU5Krk,@CarlitosGüey96,I will be looking into this. Thank you Marques,88,2025-11-20T08:21:24Z,Marques Brownlee,Technology,This or the iPhone?,15939275,424222,8797
UgzOGQa9RNPhXHHtqx14AaABAg,xIFkrVU5Krk,@miguelalekalicante1194,The collision at the end was so devastating we all had to ignore it,85,2025-10-16T09:42:00Z,Marques Brownlee,Technology,This or the iPhone?,15939275,424222,8797
Ugw5O6iEn84zWndHqU54AaABAg,xIFkrVU5Krk,@FlareSound,"Got this phone, honestly it's so good. Had the Xiaomi 14 and this is definitely an upgrade.",1,2026-07-27T00:29:34Z,Marques Brownlee,Technology,This or the iPhone?,15939275,424222,8797
UgxQ8ZblVB8_0o2Tz294AaABAg,xIFkrVU5Krk,@FUZASHIII,Actually pretty smart strategy considering that they sell visually similar product but with better specs and cheaper 😎,12,2025-10-22T08:30:22Z,Marques Brownlee,Technology,This or the iPhone?,15939275,424222,8797
UgxWl4YmdZFO2rG23994AaABAg,xIFkrVU5Krk,@USArmyVet91,The Xiaomi looks far better in every way.  If they ever make a  version we can actually use as a daily driver in the US. I am game.,1657,2025-10-15T22:22:01Z,Marques Brownlee,Technology,This or the iPhone?,15939275,424222,8797
UgyzKdeGgs0kLpAIf794AaABAg,xIFkrVU5Krk,@steiermarkerCarli,I've watched your product reviews for years. Great stuff! Keep up the good work.,29,2026-03-06T17:57:32Z,Marques Brownlee,Technology,This or the iPhone?,15939275,424222,8797
UgxIqwQRibtOM9p4Lit4AaABAg,xIFkrVU5Krk,@Bintang1302,Different class bro,2,2026-05-14T15:29:58Z,Marques Brownlee,Technology,This or the iPhone?,15939275,424222,8797
UgyR-Gi3flnb9C8BKn14AaABAg,xIFkrVU5Krk,@kanalianr1,Shame we can’t buy them in UK,19,2026-01-30T09:36:21Z,Marques Brownlee,Technology,This or the iPhone?,15939275,424222,8797
UgyjXnc1sbPqKdAuvut4AaABAg,xIFkrVU5Krk,@KoroDJI,"As we keep pushing for brighter screens, I’d appreciate if they pushed for lower brightness too esp at night regardless of quality loss. Lowest setting often still too bright at night and I have to use the reduce white point feature + night shift

Edit: I said above I use reduce white point😂 but I just turned it up to 80%. All I’m saying is, INTEGRATE IT INTO IT!  RWP and brightness control could be integrated better esp with iPhones.",829,2025-10-16T17:51:35Z,Marques Brownlee,Technology,This or the iPhone?,15939275,424222,8797
UgwT0hOx2S31b9YdkEN4AaABAg,xIFkrVU5Krk,@firedevzz,"For anyone wondering xiaomi releases their products in china in September/october, then globally (global versions) which can be used anywhere in early 2026 (usually February or March)",464,2025-10-16T05:39:15Z,Marques Brownlee,Technology,This or the iPhone?,15939275,424222,8797
UgxHhQmb0Xq7HR14WzJ4AaABAg,xIFkrVU5Krk,@max_gaming_alt,"Xiaomi's business strategy is to appeal to every phone user, apple Samsung Google even Chinese companies like Vivo Redmi etc",2,2026-09-06T12:02:46Z,Marques Brownlee,Technology,This or the iPhone?,15939275,424222,8797
UgzVDMkj9okRwBbEFzh4AaABAg,xIFkrVU5Krk,@AW3e-Cr9tic,I was wondering why people were talking about why my iPhone 17 pro (I upgraded from 14 pro a week ago) doesn’t have a rear screen. They got confused with the Xiaomi 17 pro,137,2025-10-15T22:25:27Z,Marques Brownlee,Technology,This or the iPhone?,15939275,424222,8797
UgxcNBdJrYJhqm7yaQF4AaABAg,xIFkrVU5Krk,@HeisenbergFam,Imagine seeing someone play games on the rear camera,362,2025-10-15T22:25:01Z,Marques Brownlee,Technology,This or the iPhone?,15939275,424222,8797
Ugzu5p6Pg4ZGHh7755l4AaABAg,xIFkrVU5Krk,@lots_of_codeswallop,Why can't it for god's sake be released globally 😭,417,2025-10-15T22:22:43Z,Marques Brownlee,Technology,This or the iPhone?,15939275,424222,8797
Ugy9zTa9HUfc_kKITJ54AaABAg,xIFkrVU5Krk,@mounirsaidi5358,"I bought one at end, zero regrets",1,2026-07-06T22:53:47Z,Marques Brownlee,Technology,This or the iPhone?,15939275,424222,8797
UgwqvvmjTKyDfhk4M6x4AaABAg,xIFkrVU5Krk,@angel31356,I just bought a new phone though😭 but that back camera for selfies sealed the deal for me. I'll definitely look into this brand more now.,45,2025-10-19T15:17:05Z,Marques Brownlee,Technology,This or the iPhone?,15939275,424222,8797
UgwTCcxxbrj61EWaB6d4AaABAg,xIFkrVU5Krk,@KeelanJon,I was about to buy an iPhone. Now probably not.,214,2025-10-26T08:02:33Z,Marques Brownlee,Technology,This or the iPhone?,15939275,424222,8797
Ugwyo7CUeYHb2tinyah4AaABAg,xIFkrVU5Krk,@marcelobulhoes6180,"For me it would make the Xiaomi 17 pro even better if they went if an under the screen selfie camera, because it would make the screen to body ratio better for media and gaming, and if you want actually good selfies you would use the back cameras anyway",114,2025-10-15T22:22:11Z,Marques Brownlee,Technology,This or the iPhone?,15939275,424222,8797
Ugw3b9PskRx8D-vvusV4AaABAg,xIFkrVU5Krk,@sportsrankingworldwide,you're my inspiration to create contents about technologies ❤🎉,0,2026-05-22T03:34:40Z,Marques Brownlee,Technology,This or the iPhone?,15939275,424222,8797
UgyxZanZ7P8tIw5KU794AaABAg,xIFkrVU5Krk,@Milly2216,I love your channel and you're my inspiration for tech,15,2025-10-15T22:20:54Z,Marques Brownlee,Technology,This or the iPhone?,15939275,424222,8797
UgwaGms-MyCHr5JbTG54AaABAg,xIFkrVU5Krk,@panpeter8234,"Marques, you should also evaluate the stability issues of xiaomi 17 phones.",89,2025-10-18T11:55:44Z,Marques Brownlee,Technology,This or the iPhone?,15939275,424222,8797
Ugwcx-ofN-2T-XVqczx4AaABAg,xIFkrVU5Krk,@BetterValueCharmander,Why does the camera look more clear from the view finder screen,21,2025-10-15T22:21:01Z,Marques Brownlee,Technology,This or the iPhone?,15939275,424222,8797
Ugw2P1gMWRVCuTQUfo14AaABAg,xIFkrVU5Krk,@monyekievans8211,That's the best video .. I tried so many comparisons,0,2026-05-26T04:56:20Z,Marques Brownlee,Technology,This or the iPhone?,15939275,424222,8797
UgxEA5bj4IPr3hkttL14AaABAg,xIFkrVU5Krk,@graffbennet,"That was a ""Goodbye iphone"" move!",46,2025-12-26T04:50:40Z,Marques Brownlee,Technology,This or the iPhone?,15939275,424222,8797
Ugw0J_qw3DQqcx_dJWF4AaABAg,xIFkrVU5Krk,@ungammoi,That backscreen is so good for people who place their phone with the mainscreen facing down🎉,49,2025-10-16T08:50:16Z,Marques Brownlee,Technology,This or the iPhone?,15939275,424222,8797
UgyefC4tkewDLkv2GQ94AaABAg,xIFkrVU5Krk,@Phoulinphoulin,"Sticking to Apple side cus no matter how hard Xiaomi tries, apple is the better choice as a whole. btw any good case rec out there?",542,2026-01-02T17:22:58Z,Marques Brownlee,Technology,This or the iPhone?,15939275,424222,8797
UgznEBr0u452mjSHU3l4AaABAg,xIFkrVU5Krk,@Strongdogs1,I'm enjoying my xiaomi,2,2026-06-19T20:45:11Z,Marques Brownlee,Technology,This or the iPhone?,15939275,424222,8797
UgyhV8UGQCLgePythkl4AaABAg,xIFkrVU5Krk,@fishstickboi1799,I agree it’s better but it’s hard to make the switch considering how easy apples products work so well together,9,2025-10-21T09:39:49Z,Marques Brownlee,Technology,This or the iPhone?,15939275,424222,8797
Ugx-yR4144fHZUmPjQF4AaABAg,xIFkrVU5Krk,@robcrzut402,"Xiaomi, Redmi, Poco. All of their brands just hit so hard, they are all great, tested and experienced!",47,2025-10-22T14:19:52Z,Marques Brownlee,Technology,This or the iPhone?,15939275,424222,8797
UgyA5oFhhz6Lg-INvbl4AaABAg,xIFkrVU5Krk,@jcmuscle123,Gotta love how all this tech creators are praising the Xiaomi but none will actually use it,359,2025-10-16T01:32:57Z,Marques Brownlee,Technology,This or the iPhone?,15939275,424222,8797
UgzPZHVbAAGuCQ25maR4AaABAg,xIFkrVU5Krk,@BiteyTheWombat,"Very happy with my Xiaomi phone, just upgraded from my last Xiaomi phone that was five years old that still works great.",0,2026-05-20T13:55:23Z,Marques Brownlee,Technology,This or the iPhone?,15939275,424222,8797
UgwgN4FOdhYAtJ5SaTN4AaABAg,xIFkrVU5Krk,@AmirAbdullah,As many iPhones as I’ve purchased I can firmly say I won’t ever buy a new iPhone again. God willing.,64,2025-10-18T01:46:44Z,Marques Brownlee,Technology,This or the iPhone?,15939275,424222,8797
UgzilL-8dBkJp32udAZ4AaABAg,xIFkrVU5Krk,@videowatch399,Apple stole this design from the 2021 Xiaomi Mii Ultra,10,2025-10-19T13:11:24Z,Marques Brownlee,Technology,This or the iPhone?,15939275,424222,8797
UgyNdroZwqu7aPqU5RN4AaABAg,xIFkrVU5Krk,@raffinrafael,You hyped me so much before learning in Europe the phone cannot have this battery sadly,24,2025-10-15T22:22:18Z,Marques Brownlee,Technology,This or the iPhone?,15939275,424222,8797
Ugz7lCSlOtXkVwlX4UZ4AaABAg,xIFkrVU5Krk,@Mr_O_c_e_a_n,To be honest I bought that phone before knowing what the iPhone looked like. Love it.,0,2026-07-24T12:31:29Z,Marques Brownlee,Technology,This or the iPhone?,15939275,424222,8797
UgzEhOsVzBB93pdGWVR4AaABAg,xIFkrVU5Krk,@benjamindavis6215,It’s wild to think this type of thing exists and then you look at a company like Nintendo and someone across the world whispers the name Mario and they absolutely destroy their whole career,69,2025-10-16T21:34:36Z,Marques Brownlee,Technology,This or the iPhone?,15939275,424222,8797
UgyWoO0gixV2BAiyYGN4AaABAg,xIFkrVU5Krk,@BeulahSon,Competition working at its best. It doesn't always work as intended but when it does you get something desperately good like this phone.,38,2025-10-15T22:57:46Z,Marques Brownlee,Technology,This or the iPhone?,15939275,424222,8797
UgzwS1hxnP9fM0pcLE94AaABAg,xIFkrVU5Krk,@toyota420xp,"Actually, in China, this was a was an effort to try to get people to buy Xiaomi, but even that phone got way out sold because everybody bought the iPhone instead",21,2025-10-28T04:30:53Z,Marques Brownlee,Technology,This or the iPhone?,15939275,424222,8797
UgxYzudpnKX_MZseF914AaABAg,xIFkrVU5Krk,@billyboydsd,"I was thinking you might say ""The design... Is very human""",0,2026-07-17T12:19:55Z,Marques Brownlee,Technology,This or the iPhone?,15939275,424222,8797
UgyTDXxm4Z3lxMCD4zh4AaABAg,xIFkrVU5Krk,@daanbos5918,My first thought when I saw the iPhone was “they should’ve put a small screen on the camera bump”,7,2025-10-17T05:05:08Z,Marques Brownlee,Technology,This or the iPhone?,15939275,424222,8797
UgyxXX9BTcxiaHo7OzJ4AaABAg,xIFkrVU5Krk,@grzegorzgrotkowski6575,Nice. Don’t forget advertisements built in the system. It’s another extra feature,23,2025-10-19T15:18:00Z,Marques Brownlee,Technology,This or the iPhone?,15939275,424222,8797
UgxI3n7IUetx5wg9UOZ4AaABAg,xIFkrVU5Krk,@CaptainGhost-mn9gz,"Bro, they'll never be convinced",18,2025-10-17T05:17:23Z,Marques Brownlee,Technology,This or the iPhone?,15939275,424222,8797
UgwpbjFO2aG5xJXSDXh4AaABAg,xIFkrVU5Krk,@abdulhannanbajwa1871,I'm that customer. Never regretted my decision!,0,2026-09-17T11:59:31Z,Marques Brownlee,Technology,This or the iPhone?,15939275,424222,8797
UgwxcFaj8lAuD4VM2RR4AaABAg,xIFkrVU5Krk,@Nexus.e.9,"When the ""fake"" is better than the original 😂😂😂",51,2025-10-21T11:57:23Z,Marques Brownlee,Technology,This or the iPhone?,15939275,424222,8797
UgxmtVqRMm44qTh8PdB4AaABAg,xIFkrVU5Krk,@MamaC98,"I am convinced. As an iPhone user, I want one. I will try to locate it.",21,2025-10-17T20:03:18Z,Marques Brownlee,Technology,This or the iPhone?,15939275,424222,8797
UgxMP6dS-aTv9wlNscJ4AaABAg,xIFkrVU5Krk,@HidayaMkwizu,All laughs and giggles until the back glass breaks 😂,9,2025-12-20T06:55:18Z,Marques Brownlee,Technology,This or the iPhone?,15939275,424222,8797
UgxE1OX6xvtfgf_sp514AaABAg,McE6el9mn_I,@zezima260,imagine the hype in 10 years for iphone,115872,2026-02-25T22:04:17Z,Marques Brownlee,Technology,Samsung's Secret Screen Feature,14797181,670797,10871
UgwecWSN3D6vEwuXXVB4AaABAg,McE6el9mn_I,@VincentGahl,the first actual new mind blowing feature in smartphones in a long while,61982,2026-02-26T04:13:37Z,Marques Brownlee,Technology,Samsung's Secret Screen Feature,14797181,670797,10871
Ugzasopblfv2kiODk2x4AaABAg,McE6el9mn_I,@geetadedhia1083,"The ability to block specific parts only is sooo cooool

Thanks for sooo many likess",72065,2026-02-26T00:39:35Z,Marques Brownlee,Technology,Samsung's Secret Screen Feature,14797181,670797,10871
UgwSppbSNzir1rxPaY54AaABAg,McE6el9mn_I,@007-LoOFii,Minds behind those are geniuses.,589,2026-07-18T15:17:47Z,Marques Brownlee,Technology,Samsung's Secret Screen Feature,14797181,670797,10871
UgxVVp2piCRoXdzrnNJ4AaABAg,McE6el9mn_I,@CadenEO,Just being able to block out specifics sections on the screen like the notification pop down is so impressive,27213,2026-02-25T22:47:38Z,Marques Brownlee,Technology,Samsung's Secret Screen Feature,14797181,670797,10871
Ugxcoh4_7bSYRWhmkZZ4AaABAg,McE6el9mn_I,@waseksamin3216,apple 10 years later: introducing iprivacy,5453,2026-03-27T13:18:42Z,Marques Brownlee,Technology,Samsung's Secret Screen Feature,14797181,670797,10871
UgxvQUBWOfrgD6iBK2Z4AaABAg,McE6el9mn_I,@FluentPc,That's the coolest innovation I've seen on a smartphone in 10 years,14129,2026-02-25T23:01:33Z,Marques Brownlee,Technology,Samsung's Secret Screen Feature,14797181,670797,10871
UgyepNFYPDV_pXYViG54AaABAg,McE6el9mn_I,@Midnight_Gardener,Bravery opening up that browser like that,22,2026-09-16T17:22:58Z,Marques Brownlee,Technology,Samsung's Secret Screen Feature,14797181,670797,10871
Ugx0_EBxoQjOWqhAqYh4AaABAg,McE6el9mn_I,@Joseppi-w1i,this sh*t about to blow everyone's mind when it gets announced with iPhone 28,6313,2026-02-26T19:52:13Z,Marques Brownlee,Technology,Samsung's Secret Screen Feature,14797181,670797,10871
Ugyajbruuk4RUvQ-Dbd4AaABAg,McE6el9mn_I,@Marti_688,"2026: privacy screen protector ❌
2026: Privacy phone ✅",4391,2026-02-26T06:36:11Z,Marques Brownlee,Technology,Samsung's Secret Screen Feature,14797181,670797,10871
UgzILQ-j7X2PSwvyjwV4AaABAg,McE6el9mn_I,@SaqibArk,“Samsung introduces built-in privacy screen today. Apple in 2035: ‘Our most innovative privacy feature ever.’”,5099,2026-02-26T13:26:38Z,Marques Brownlee,Technology,Samsung's Secret Screen Feature,14797181,670797,10871
Ugx9ljDEM6bi8Tkiq3d4AaABAg,McE6el9mn_I,@WaismannMatheus,"Apple schedule: 2036, iPrivacy.",44,2026-09-13T18:48:06Z,Marques Brownlee,Technology,Samsung's Secret Screen Feature,14797181,670797,10871
UgwfuWQHpbg-q49fEYd4AaABAg,McE6el9mn_I,@n7maann,Me using this to transfer $3 from savings to checking account to buy snickers from the vending machine.,3131,2026-07-01T07:27:05Z,Marques Brownlee,Technology,Samsung's Secret Screen Feature,14797181,670797,10871
Ugy-0uG2KF9mUB7y8uh4AaABAg,McE6el9mn_I,@LFC77737,Actual innovation. Very cool,4200,2026-02-26T20:35:46Z,Marques Brownlee,Technology,Samsung's Secret Screen Feature,14797181,670797,10871
Ugwetr9WDBaZ9NdsGNZ4AaABAg,McE6el9mn_I,@mahmudalvi4523,"50 years from today:
Apple: Today, we have invented PRIVACY SCREEN 😮",3216,2026-02-26T00:40:18Z,Marques Brownlee,Technology,Samsung's Secret Screen Feature,14797181,670797,10871
UgzRKwl6FYuXWEq1eFd4AaABAg,McE6el9mn_I,@MotionbyBK,This is the real practical innovation done by Samsung. And Apple will surely adopt it.,2,2026-09-24T06:10:02Z,Marques Brownlee,Technology,Samsung's Secret Screen Feature,14797181,670797,10871
UgyAc2nYny6Bf4NLElh4AaABAg,McE6el9mn_I,@ChefSuperior,Goon Phone 2026 🔥,7588,2026-02-25T21:44:37Z,Marques Brownlee,Technology,Samsung's Secret Screen Feature,14797181,670797,10871
UgwSg3qQC--ejiDz2nR4AaABAg,McE6el9mn_I,@alien1tech,The blocking of passwords is amazing! This better be on the next flip!,3435,2026-02-25T22:09:05Z,Marques Brownlee,Technology,Samsung's Secret Screen Feature,14797181,670797,10871
Ugyy_KmTnkiNXe4zA8p4AaABAg,McE6el9mn_I,@Cyphule,Those dudes on the subway with a magnifying glass gonna be out of a job,846,2026-02-26T14:17:44Z,Marques Brownlee,Technology,Samsung's Secret Screen Feature,14797181,670797,10871
UgxAhTn4shodxy__Avp4AaABAg,McE6el9mn_I,@yvan2204,People are gonna loose their minds when Apple announces this feature in 2030,4,2026-09-16T05:50:48Z,Marques Brownlee,Technology,Samsung's Secret Screen Feature,14797181,670797,10871
Ugz5N4VN8YMcEuZODkt4AaABAg,McE6el9mn_I,@kovanova9409,Samsung somehow revolutionizing screen tech again,2317,2026-03-01T07:52:18Z,Marques Brownlee,Technology,Samsung's Secret Screen Feature,14797181,670797,10871
UgzAv5LvVlsZZOsyX_p4AaABAg,McE6el9mn_I,@ALF444,Waiting for Apple to name this Profilter mode on Iphone 27 in 10 years as a new innovation,2464,2026-02-26T01:49:43Z,Marques Brownlee,Technology,Samsung's Secret Screen Feature,14797181,670797,10871
Ugy7FnqzfahhbtM1ZkN4AaABAg,McE6el9mn_I,@Tripskiii,that is actually really cool,994,2026-02-25T22:01:39Z,Marques Brownlee,Technology,Samsung's Secret Screen Feature,14797181,670797,10871
UgxAUHfVdEOmx9VwoIV4AaABAg,McE6el9mn_I,@rexididia6624,This is getting cool,2,2026-09-25T19:31:03Z,Marques Brownlee,Technology,Samsung's Secret Screen Feature,14797181,670797,10871
UgyoPx3BEjxoNxeE8L94AaABAg,McE6el9mn_I,@BakerbrothertvOfficial,So cool to get an early preview of the iPhone 20's features!,1133,2026-02-26T02:21:33Z,Marques Brownlee,Technology,Samsung's Secret Screen Feature,14797181,670797,10871
Ugx-RVnQZvBqL8GTS6Z4AaABAg,McE6el9mn_I,@AutonomousGamerz,The FBI is here again. 😭💀😭,462,2026-03-05T23:35:59Z,Marques Brownlee,Technology,Samsung's Secret Screen Feature,14797181,670797,10871
Ugx9AbwlD1ogzAoUAYl4AaABAg,McE6el9mn_I,@Manny0404,That’s amazing. Can’t wait for apple to release this in 20 years as a cornerstone feature.,457,2026-02-27T02:30:14Z,Marques Brownlee,Technology,Samsung's Secret Screen Feature,14797181,670797,10871
UgyROTCMkaCPKeydYWp4AaABAg,McE6el9mn_I,@KS-gf3tv,That’s actually a legit cool feature.,1,2026-09-13T23:07:20Z,Marques Brownlee,Technology,Samsung's Secret Screen Feature,14797181,670797,10871
UgwaHrklEfD-kPjZ5SJ4AaABAg,McE6el9mn_I,@blackmercury956,The fact you can specmfically choose what message you can make private is pretty sick ngl,475,2026-02-27T00:38:14Z,Marques Brownlee,Technology,Samsung's Secret Screen Feature,14797181,670797,10871
UgzUjZqTOm4CGXTrmQB4AaABAg,McE6el9mn_I,@stryker71217,Now that's actually pretty impressive,524,2026-02-26T03:36:26Z,Marques Brownlee,Technology,Samsung's Secret Screen Feature,14797181,670797,10871
Ugy36uz-7kSxoh8HFmt4AaABAg,McE6el9mn_I,@bhargavdamor9,Hide whatever you're hiding ☠️,1264,2026-03-04T11:29:24Z,Marques Brownlee,Technology,Samsung's Secret Screen Feature,14797181,670797,10871
UgztPJ9Z22sJj38x2ih4AaABAg,McE6el9mn_I,@mneypit,"I mean I’m not so into the latest tech, but of all I’ve seen Samsung really seems like the innovator right now.",0,2026-09-11T14:38:16Z,Marques Brownlee,Technology,Samsung's Secret Screen Feature,14797181,670797,10871
UgxiQymsUnUTLWzMYih4AaABAg,McE6el9mn_I,@TopMuslimGMP,"""The fbi is here again?!"" 😂😂😂",565,2026-02-26T06:29:28Z,Marques Brownlee,Technology,Samsung's Secret Screen Feature,14797181,670797,10871
UgxN863w5Dh7zlHb1bx4AaABAg,McE6el9mn_I,@Thrnshri,Someone should zoom in on the pixels to see how it looks like. Genuinely intrigued to how the pixels look like,1405,2026-02-27T16:00:07Z,Marques Brownlee,Technology,Samsung's Secret Screen Feature,14797181,670797,10871
UgzSPdYhlL6N1FToizF4AaABAg,McE6el9mn_I,@HitchMcDitch,"Sometimes, the feeling that I’m in the “future” feels nice again…",111,2026-02-26T01:11:38Z,Marques Brownlee,Technology,Samsung's Secret Screen Feature,14797181,670797,10871
UgwE9dmg9utPZ6HHrql4AaABAg,McE6el9mn_I,@johnnyjohnny6124,Kudos to Samsung! This is the only little renovation that is not from Chinese phone that impressed me for years 🎉🎉🎉,1,2026-09-02T05:28:32Z,Marques Brownlee,Technology,Samsung's Secret Screen Feature,14797181,670797,10871
Ugy1sq4ZB23b3QMkZhp4AaABAg,McE6el9mn_I,@djbare9,"Ahh, brings back memories of old LCD displays and their narrow viewing angle.",179,2026-02-26T06:35:06Z,Marques Brownlee,Technology,Samsung's Secret Screen Feature,14797181,670797,10871
UgwTZvuv-MPF1-EYqZ14AaABAg,McE6el9mn_I,@binary964,wow samsung still knows how to do insane innovations,836,2026-02-25T22:53:55Z,Marques Brownlee,Technology,Samsung's Secret Screen Feature,14797181,670797,10871
Ugx1s2lL7jzz3oZIqcB4AaABAg,McE6el9mn_I,@whysoSai,Turning that on for chrome was diabolical,637,2026-02-26T09:49:43Z,Marques Brownlee,Technology,Samsung's Secret Screen Feature,14797181,670797,10871
Ugw5jZAOYqOcCNXtt7R4AaABAg,McE6el9mn_I,@i9d9e9l3,"At first I knew you to be Samsung fan ,I was your follower those times and still following now, but now I don't know about you coming back to Samsung family. But Samsung really did good job on that privacy feature",1,2026-08-15T03:32:39Z,Marques Brownlee,Technology,Samsung's Secret Screen Feature,14797181,670797,10871
UgyPAPNGn5cr78G_xXp4AaABAg,McE6el9mn_I,@CounterIntelCS,"If Apple did this, the whole world would be talking about it",1782,2026-02-25T22:23:39Z,Marques Brownlee,Technology,Samsung's Secret Screen Feature,14797181,670797,10871
UgzUoeiCFLA6Y_Ki-Eh4AaABAg,McE6el9mn_I,@fromjason,I can't remember the last time a phone feature felt this cool and innovative,210,2026-02-25T23:13:25Z,Marques Brownlee,Technology,Samsung's Secret Screen Feature,14797181,670797,10871
UgxJqkjlTdptLu8IHhV4AaABAg,McE6el9mn_I,@MdNaimurRahmanHera,I'm amazed to see that even a specific part of the screen can have that feature.,71,2026-02-27T00:40:06Z,Marques Brownlee,Technology,Samsung's Secret Screen Feature,14797181,670797,10871
UgyQahnvYScUpuC9P3N4AaABAg,McE6el9mn_I,@tristan_840,THIS IS INNOVATION,0,2026-09-29T16:06:40Z,Marques Brownlee,Technology,Samsung's Secret Screen Feature,14797181,670797,10871
Ugzzx-wR8NITrITcObR4AaABAg,McE6el9mn_I,@DawodShahzad,Apple will announce its all new s1 privacy screen in coming 2036,371,2026-02-26T13:46:58Z,Marques Brownlee,Technology,Samsung's Secret Screen Feature,14797181,670797,10871
UgyZge4N33OJhHq-hTt4AaABAg,McE6el9mn_I,@Igor69420,Every phone needs to copy this,675,2026-02-25T22:02:17Z,Marques Brownlee,Technology,Samsung's Secret Screen Feature,14797181,670797,10871
UgxuWgR9RF61Syq1kiJ4AaABAg,McE6el9mn_I,@edward72810,"So you can hide 
whatever you’re hiding 😂💀",78,2026-03-03T22:46:43Z,Marques Brownlee,Technology,Samsung's Secret Screen Feature,14797181,670797,10871
UgyRXVmG9kVMta-YpaJ4AaABAg,McE6el9mn_I,@ViraL_FootprinT.ex.e,That's amazing.,2,2026-08-15T18:45:34Z,Marques Brownlee,Technology,Samsung's Secret Screen Feature,14797181,670797,10871
UgywkC63VP7PB9ihjf14AaABAg,McE6el9mn_I,@francisMulubwa02,This is a great feature honestly🎉,681,2026-02-25T21:56:33Z,Marques Brownlee,Technology,Samsung's Secret Screen Feature,14797181,670797,10871
Ugyn7gFzvLj-Q8Z0y4h4AaABAg,McE6el9mn_I,@TuppLaks,Samsung is always leaders about real  innovation,598,2026-02-26T23:16:28Z,Marques Brownlee,Technology,Samsung's Secret Screen Feature,14797181,670797,10871
Ugw2rLDhWCWhuuNC8bd4AaABAg,McE6el9mn_I,@IzzatbekMatchanov2k01,"LeApple after 10 years: ""Introducing iPrivacy""",364,2026-03-01T08:28:53Z,Marques Brownlee,Technology,Samsung's Secret Screen Feature,14797181,670797,10871
Ugy2fZ6C5hxLzYAH3cF4AaABAg,McE6el9mn_I,@formulacam,NOW THAT’S SICK 🔥,1,2026-09-22T12:27:43Z,Marques Brownlee,Technology,Samsung's Secret Screen Feature,14797181,670797,10871
UgzocGI6b-PMcfMtHWJ4AaABAg,McE6el9mn_I,@theatticinteriors,"""Corgi mowing a lawn"" 
"" The FBI is here already"" 😅",125,2026-02-27T10:50:26Z,Marques Brownlee,Technology,Samsung's Secret Screen Feature,14797181,670797,10871
UgwoZ_vaoEqoiEoPhRB4AaABAg,McE6el9mn_I,@Noriyakiii,"Samsung always has revolutionary features 
Privacy option , 100x zoom , foldable screen , fringerprint scanner under the screen , wireless charge , amoled screens",13,2026-02-28T00:38:36Z,Marques Brownlee,Technology,Samsung's Secret Screen Feature,14797181,670797,10871
UgzX4mbK-epAluxGHuJ4AaABAg,McE6el9mn_I,@philoksenia,Mindblowing feature in a long time. I love technology,111,2026-02-27T22:27:09Z,Marques Brownlee,Technology,Samsung's Secret Screen Feature,14797181,670797,10871
UgyxZqC5ZXP23RHSQsx4AaABAg,McE6el9mn_I,@forzazzurri20,This is genuinely really cool. Love that they added this,0,2026-08-11T19:28:34Z,Marques Brownlee,Technology,Samsung's Secret Screen Feature,14797181,670797,10871
UgxiOoKiNI4GsEmJnip4AaABAg,McE6el9mn_I,@jovelluminarias,This is their biggest innovation in years. Congrats samsung,75,2026-02-26T01:44:40Z,Marques Brownlee,Technology,Samsung's Secret Screen Feature,14797181,670797,10871
UgzhHDQMN2pxt08VLrl4AaABAg,McE6el9mn_I,@mohammedfaiisal,It's better than the screen protector in more ways than just the selective privacy part. It blacks out from above too. Screen protectors only black out horizontally. Not vertically too like this,217,2026-02-25T22:49:02Z,Marques Brownlee,Technology,Samsung's Secret Screen Feature,14797181,670797,10871
Ugyw2QZ7ls8WHroSY7p4AaABAg,McE6el9mn_I,@TheSirjull891,Ok that notification option is really cool.,57,2026-02-25T22:18:36Z,Marques Brownlee,Technology,Samsung's Secret Screen Feature,14797181,670797,10871
UgzU4SCkRf0cv9aCVJl4AaABAg,McE6el9mn_I,@sebastientumahai9560,"This is feature I’m genuinely impressed by, well done Samsung. Now every phone company needs to adopt this. Especially when privacy screen protectors have issues with under screen cameras",0,2026-09-20T13:30:38Z,Marques Brownlee,Technology,Samsung's Secret Screen Feature,14797181,670797,10871
Ugwfo2DUi9HrMRHR5Ah4AaABAg,McE6el9mn_I,@dankydont,Is that... Innovation? In my smartphone ecosystem?,30,2026-02-26T14:16:49Z,Marques Brownlee,Technology,Samsung's Secret Screen Feature,14797181,670797,10871
UgzSku_bShTrxsSWF1p4AaABAg,McE6el9mn_I,@BastardOfTheNorth,You may wanna answer Harper.,231,2026-02-25T21:56:01Z,Marques Brownlee,Technology,Samsung's Secret Screen Feature,14797181,670797,10871
UgzGv-_RHyFwjpl8yZJ4AaABAg,McE6el9mn_I,@007Benny,Samsung is always ahead of Apple 🍎,65,2026-03-08T03:33:13Z,Marques Brownlee,Technology,Samsung's Secret Screen Feature,14797181,670797,10871
UgzCZGz1SyJflXEgTHh4AaABAg,McE6el9mn_I,@FreshStart-e8o,Impressive how such a simple function can be so innovative,0,2026-08-27T19:19:14Z,Marques Brownlee,Technology,Samsung's Secret Screen Feature,14797181,670797,10871
UgzNx5YGqL_CBAF7yHJ4AaABAg,McE6el9mn_I,@ObeyCityFPS,fortunately i was blessed with a good job and can open my banking app full brightness 😂,19,2026-04-19T23:47:56Z,Marques Brownlee,Technology,Samsung's Secret Screen Feature,14797181,670797,10871
Ugw85gt4H95iADXeqSp4AaABAg,McE6el9mn_I,@reziee5897,"As a person who didn't used Screen protector this was impressive at least for me, Samsung is really a King of Display.",34,2026-02-26T01:55:13Z,Marques Brownlee,Technology,Samsung's Secret Screen Feature,14797181,670797,10871
UgwpHerwV_Cq6LhOGhh4AaABAg,McE6el9mn_I,@wolfiewoof4K,That smirk at the end... 😉,38,2026-02-25T22:28:30Z,Marques Brownlee,Technology,Samsung's Secret Screen Feature,14797181,670797,10871
Ugz7VPBITe7nDZ3ZwXd4AaABAg,McE6el9mn_I,@ThatFlyinRyan,Now that's sick I hope that would of brought thos to the 8,0,2026-08-01T08:29:38Z,Marques Brownlee,Technology,Samsung's Secret Screen Feature,14797181,670797,10871
Ugyw54vWRVRCBLBYANJ4AaABAg,McE6el9mn_I,@Daym-Daddy,"""...whatever you want to hide"" followed by a smirk is diabolical",85,2026-02-26T18:45:41Z,Marques Brownlee,Technology,Samsung's Secret Screen Feature,14797181,670797,10871
UgxVEJG3nY0fmDrnC554AaABAg,McE6el9mn_I,@obrobrio2000,"I had a routine for years on my Galaxy phones called ""Privacy screen"" that basically consists in turning on Extra Dim feature. Glad they came up with this thing!",6,2026-02-26T23:50:06Z,Marques Brownlee,Technology,Samsung's Secret Screen Feature,14797181,670797,10871
Ugyeuas8k2ISx1I0A0J4AaABAg,McE6el9mn_I,@Zalzala63,"It was cool when he says we can hide peeping, but it was very very awesome og level of innovation when we can also hide some part of screen and it is not limited to one or two part,but at any part of the screen we can hide",26,2026-02-27T15:59:06Z,Marques Brownlee,Technology,Samsung's Secret Screen Feature,14797181,670797,10871
UgwI3x711OG1iH92UXp4AaABAg,McE6el9mn_I,@Craziest-Dude,Why did bro specifically selected chrome🤔💀☠️,2,2026-09-21T16:09:35Z,Marques Brownlee,Technology,Samsung's Secret Screen Feature,14797181,670797,10871
UgzYdz3ii5YC2OiwJQd4AaABAg,McE6el9mn_I,@enriquemthupha,"The options on what you want to achieve with it, in the first generation of it, makes it siiiiiick! 🔥",20,2026-04-05T22:19:09Z,Marques Brownlee,Technology,Samsung's Secret Screen Feature,14797181,670797,10871
UgwWzKlDTB-jHVkvqmd4AaABAg,McE6el9mn_I,@normalmighty,First actually hype new phone feature I've seen in a few years,7,2026-02-26T03:45:33Z,Marques Brownlee,Technology,Samsung's Secret Screen Feature,14797181,670797,10871
UgyknvQeMTZJLApA7sx4AaABAg,McE6el9mn_I,@christianoh9482,At least we have a real innovation in smartphone 10 years ago.,10,2026-02-26T00:12:27Z,Marques Brownlee,Technology,Samsung's Secret Screen Feature,14797181,670797,10871
Ugy_AahOan86jSLv-ih4AaABAg,idEAABFzpfg,@elias-creative,Fun fact: you can double tap a comment to like it and triple tap to open replies.,111642,2025-09-10T09:42:15Z,Marques Brownlee,Technology,iPhone 17/Pro/Air Impressions: Spot the Red Flags!,14129393,339090,21324
UgzUM-uIZslAnXk6Nw54AaABAg,idEAABFzpfg,@doniviachannel,"All day battery? To quote MrWhoseTheBoss:

“Whose day?” 😂",32277,2025-09-10T09:32:48Z,Marques Brownlee,Technology,iPhone 17/Pro/Air Impressions: Spot the Red Flags!,14129393,339090,21324
UgyBFRuX4chy0flx3cl4AaABAg,idEAABFzpfg,@_yaboi_O1,"Upgrading just hits different when you wait 6-8 years.

Edit: I had the 6s+ for 7+ years. Got it when it came out in 2015. Only in the last 3 months did the battery start to die. I got the 12 in late 2022, and I have no plan to upgrade until this phone startes to fail or gets badly damaged.

Another Edit: I think apple only makes phones worth upgrading to, every 5 years or so. I have the 12. If I make it last 7 years again in 2029 I could jump to the iphone 21* (*whatever it’ll be). The 17 is 5 years from the 12 in 2020 and every phone between now and 2028 can be bough new at a discount. Of course I can switch to a more affordable brand too in a couple years.",40422,2025-09-10T10:52:15Z,Marques Brownlee,Technology,iPhone 17/Pro/Air Impressions: Spot the Red Flags!,14129393,339090,21324
Ugx-EHMpKsB-2cnNCKx4AaABAg,idEAABFzpfg,@AbeselomGetachew,"iPhone 17's ProMotion is a game-changer, just like when we switched to Pneumatic Workflow for our project management. Both smooth operators!",1080,2025-09-25T16:56:47Z,Marques Brownlee,Technology,iPhone 17/Pro/Air Impressions: Spot the Red Flags!,14129393,339090,21324
UgyT8bs0ICwETSHSTdl4AaABAg,idEAABFzpfg,@theothernodude3139,"17: form = function 
17 Air: form > function 
17 Pro: form < function",8172,2025-09-10T09:41:09Z,Marques Brownlee,Technology,iPhone 17/Pro/Air Impressions: Spot the Red Flags!,14129393,339090,21324
UgwP8KXW_9zG3KkDZlV4AaABAg,idEAABFzpfg,@Ἀαρώνζίκο,"""Plateau""??? Honey that camera bump is a continent 😂",1942,2025-09-10T12:10:59Z,Marques Brownlee,Technology,iPhone 17/Pro/Air Impressions: Spot the Red Flags!,14129393,339090,21324
UgwMsrnV-WxZRV9cy594AaABAg,idEAABFzpfg,@jomaritiquio,"I honestly think the base iPhone 17 will be the best value out of all the upcoming models. With 120Hz finally included, it seems like the perfect option for most people.",14777,2025-09-10T08:36:12Z,Marques Brownlee,Technology,iPhone 17/Pro/Air Impressions: Spot the Red Flags!,14129393,339090,21324
UgxV-3atdyCQL_Rjwkt4AaABAg,idEAABFzpfg,@bujiririemmanuel5091,"These YouTube reviews spend so much time talking about the camera that you’d think they were presenting a Canon DSLR with calling and texting features, instead of a smartphone that happens to include a camera. It feels less like a phone review and more like a camera commercial.",173,2025-09-19T19:40:01Z,Marques Brownlee,Technology,iPhone 17/Pro/Air Impressions: Spot the Red Flags!,14129393,339090,21324
UgztFTeX9ZTg-eIJIC54AaABAg,idEAABFzpfg,@GeorgeMattock,"Apple : iPhone Air still has great battery!
Also Apple : here is a $99 portable battery for iPhone Air",2812,2025-09-10T08:49:43Z,Marques Brownlee,Technology,iPhone 17/Pro/Air Impressions: Spot the Red Flags!,14129393,339090,21324
UgznfWSaRxOsSuh33xJ4AaABAg,idEAABFzpfg,@helpfulonline,11:00 imagine making an incredibly thin phone just for them to sell you a huge battery to stick on the back so it ends up being thicker than the new iphone 17 pro.... what's the point😂😂,7501,2025-09-10T09:08:59Z,Marques Brownlee,Technology,iPhone 17/Pro/Air Impressions: Spot the Red Flags!,14129393,339090,21324
UgyC-73NDyYMQjQ2NMZ4AaABAg,idEAABFzpfg,@chinito77,Marques is spot on with the Air just being a preview of the foldable iphone.  They will sandwich two iPhone Airs and call it revolutionary!,3703,2025-09-10T09:07:34Z,Marques Brownlee,Technology,iPhone 17/Pro/Air Impressions: Spot the Red Flags!,14129393,339090,21324
UgxE8GOE2s6Py4TIDb94AaABAg,idEAABFzpfg,@justin4364,I actually like the idea of the air trading performance for thinness. Haven’t we basically reached a plateau years ago in terms of what the average person needs for compute power/camera/etc? Battery quoted at just 10% less than the standard iPhone. Idk I think it’s pretty cool,14,2025-09-16T14:29:00Z,Marques Brownlee,Technology,iPhone 17/Pro/Air Impressions: Spot the Red Flags!,14129393,339090,21324
UgwD4EB_S2uEor3D2ip4AaABAg,idEAABFzpfg,@REALHARSH,"MKBHD: ""Iphone 17 screen stayed the same size""

EVERY SINGLE OTHER PERSON IN THE WORLD: ""Hmmmm, really""",4355,2025-09-10T08:25:29Z,Marques Brownlee,Technology,iPhone 17/Pro/Air Impressions: Spot the Red Flags!,14129393,339090,21324
UgzqsKz8uRc36M_sgkZ4AaABAg,idEAABFzpfg,@merange8552,I think we reached the peak on cell phones. Shit isn’t getting any better 😂,1551,2025-09-10T15:46:27Z,Marques Brownlee,Technology,iPhone 17/Pro/Air Impressions: Spot the Red Flags!,14129393,339090,21324
UgxFXQImoa9HstHhwrN4AaABAg,idEAABFzpfg,@shatark6,"3:44 They got better zoom, More battery and Orange 🗣️🗣️🗣️",462,2025-09-10T08:16:24Z,Marques Brownlee,Technology,iPhone 17/Pro/Air Impressions: Spot the Red Flags!,14129393,339090,21324
UgwhnxShHavzoaV5nl54AaABAg,idEAABFzpfg,@LashanR,"Glad they experimented this time around. Square selfie sensor is genius, was hoping phones would start having this after seeing GoPro do it a few years ago",70,2025-09-14T22:52:06Z,Marques Brownlee,Technology,iPhone 17/Pro/Air Impressions: Spot the Red Flags!,14129393,339090,21324
Ugx0p-c21AE0-hnVnTl4AaABAg,idEAABFzpfg,@Lvdw1999,A phones thickness should be measures at its thickest section... like everything else in this world.,843,2025-09-11T01:55:37Z,Marques Brownlee,Technology,iPhone 17/Pro/Air Impressions: Spot the Red Flags!,14129393,339090,21324
UgxI0sFg4y8BO7eHgZ54AaABAg,idEAABFzpfg,@MalayalamMunches,"Battery all day, if you never touch it prob",2842,2025-09-10T08:19:34Z,Marques Brownlee,Technology,iPhone 17/Pro/Air Impressions: Spot the Red Flags!,14129393,339090,21324
UgwP7M7ZouaAQ4bchr14AaABAg,idEAABFzpfg,@Medartworks,They're really selling a power bank with the iPhone Air 😂,766,2025-09-10T15:12:27Z,Marques Brownlee,Technology,iPhone 17/Pro/Air Impressions: Spot the Red Flags!,14129393,339090,21324
UgxTD_-2QEIoUaNsEiR4AaABAg,idEAABFzpfg,@Exxxxxon,"I’m on base 12, have had it for 4 years. I definitely see it worth it for me to upgrade to 17 pro
Only had my XR for a little over 2 years before I got my current 12",10,2025-09-15T00:23:07Z,Marques Brownlee,Technology,iPhone 17/Pro/Air Impressions: Spot the Red Flags!,14129393,339090,21324
UgxUGecWfUa-W2-qUv14AaABAg,idEAABFzpfg,@jawshoewah406,"iPhone air fails the bend test. 
Apple: BOOM now you have a flip phone.",241,2025-09-11T02:15:37Z,Marques Brownlee,Technology,iPhone 17/Pro/Air Impressions: Spot the Red Flags!,14129393,339090,21324
UgyGU3glGwYDTYc63sN4AaABAg,idEAABFzpfg,@Johnsmith69448,"That base storage of 256 is a good move
It's ridiculous to have to flagships with only 128gb and no expandable storage",1264,2025-09-10T15:58:23Z,Marques Brownlee,Technology,iPhone 17/Pro/Air Impressions: Spot the Red Flags!,14129393,339090,21324
UgyXl3sHzKo52VJ8IuV4AaABAg,idEAABFzpfg,@ShanDiegoMG,I’ve been watching your iPhone videos every year since I first got my iPhone 5s . I was 19.. I’m 30 now and we still have this yearly YouTube reunion. Love the content,961,2025-09-11T09:55:32Z,Marques Brownlee,Technology,iPhone 17/Pro/Air Impressions: Spot the Red Flags!,14129393,339090,21324
UgxV-TMlWFwakpZ7Qkt4AaABAg,idEAABFzpfg,@paulshepherd5649,"The PWM dimming toggle switch for the 17 is a game changer for a LOT of people who haven’t upgraded their phones since the 11 or 12. So for me, this release is an extremely positive one. Hoping the new iPads have it too",0,2025-09-14T14:41:10Z,Marques Brownlee,Technology,iPhone 17/Pro/Air Impressions: Spot the Red Flags!,14129393,339090,21324
UgwkMvCsblkFMz7afsx4AaABAg,idEAABFzpfg,@StrigidaeParliament,11:30 and it has only one speaker.,173,2025-09-10T10:14:50Z,Marques Brownlee,Technology,iPhone 17/Pro/Air Impressions: Spot the Red Flags!,14129393,339090,21324
UgzD7FojXrGwk6MWWGB4AaABAg,idEAABFzpfg,@vishnuvijay2529,0:55  I thought he was gonna say… this year nobody asked me😂😜,266,2025-09-10T18:18:42Z,Marques Brownlee,Technology,iPhone 17/Pro/Air Impressions: Spot the Red Flags!,14129393,339090,21324
Ugy4DKeXslekSWc9zYF4AaABAg,idEAABFzpfg,@Edelxander,5:01 next year is gonna be titanium and they gonna call it a huge upgrade 😂,688,2025-09-10T11:41:58Z,Marques Brownlee,Technology,iPhone 17/Pro/Air Impressions: Spot the Red Flags!,14129393,339090,21324
UgyKCzfLjBIBUiGkzGZ4AaABAg,idEAABFzpfg,@nathanbardaji8180,"I wish we could get a mini with good battery and performance, I miss the old size where I could do everything with one hand",29,2025-09-14T15:09:49Z,Marques Brownlee,Technology,iPhone 17/Pro/Air Impressions: Spot the Red Flags!,14129393,339090,21324
UgzJ4j-mKAXzVRD3Vtp4AaABAg,idEAABFzpfg,@mikeoscar24,"0:00 Intro
1:01 iPhone 17
3:32 iPhone 17 Pro
7:27 iPhone Air
13:16 AirPods
13:33 Apple Watch 
13:49 Ad
14:39 Outro",784,2025-09-10T22:46:31Z,Marques Brownlee,Technology,iPhone 17/Pro/Air Impressions: Spot the Red Flags!,14129393,339090,21324
UgyOTszNF3lmNgjLmJR4AaABAg,idEAABFzpfg,@williamwas2u,...I just would've preferred a iPhone 17 mini instead of the Air. I am in the minority of users that had a mini and enjoyed the smaller form factor. It's nice being able to fully use the phone with one hand.,1631,2025-09-10T11:33:43Z,Marques Brownlee,Technology,iPhone 17/Pro/Air Impressions: Spot the Red Flags!,14129393,339090,21324
UgzufLEs9Vh8pkp10p94AaABAg,idEAABFzpfg,@stratovexx,"2010 Apple: users are gonna love this!
2025 Apple: shareholders are gonna love this!",556,2025-09-10T11:08:28Z,Marques Brownlee,Technology,iPhone 17/Pro/Air Impressions: Spot the Red Flags!,14129393,339090,21324
UgwcnLKWSWyEBjPV_vh4AaABAg,idEAABFzpfg,@mark__glass,"They could further optimize animations by using an ""optical flow"" processing that simulates shutter rate. They could probably get away with 12fps and still make it seem smooth instead of dialing up the entire screen's refresh rate just for animations to seem smooth. I've often wondered why they don't do this with the locked-in non-promotion screens at 60hz. Also... Apple wastes so much of its animation time (about half - I've measured) to pixel-creeping speed ramping; they could definitely adjust that now that phones are fast enough to not make up for pre-launching apps as the animation plays.",3,2025-09-13T17:32:11Z,Marques Brownlee,Technology,iPhone 17/Pro/Air Impressions: Spot the Red Flags!,14129393,339090,21324
Ugy6X-p7jacXdJ3Op3x4AaABAg,idEAABFzpfg,@Berkay.E,It's funny how Apple pretends to forget about AI,1394,2025-09-10T08:11:28Z,Marques Brownlee,Technology,iPhone 17/Pro/Air Impressions: Spot the Red Flags!,14129393,339090,21324
UgzG8PbtVyKJvfagsDN4AaABAg,idEAABFzpfg,@SilverHusky,"3:38 oh my God, they executed that phone by hanging",86,2025-09-10T16:23:15Z,Marques Brownlee,Technology,iPhone 17/Pro/Air Impressions: Spot the Red Flags!,14129393,339090,21324
Ugzj8UWP7gJYJC6wiop4AaABAg,idEAABFzpfg,@NineOneOneFx,"10:33 .... Marques is like: ""I smell BS from a mile away""😂",501,2025-09-10T08:37:49Z,Marques Brownlee,Technology,iPhone 17/Pro/Air Impressions: Spot the Red Flags!,14129393,339090,21324
UgzjxjGsv8TIAhx5Ysh4AaABAg,idEAABFzpfg,@Matt-jn1dd,"Quick reminder: all day battery I assume is that we use the phone very basic. Not for user who always on every seconds touching their phones. Because, my iPhone 16PM also all day battery if im not using it like 6 hours on screen.",2,2025-09-14T16:59:35Z,Marques Brownlee,Technology,iPhone 17/Pro/Air Impressions: Spot the Red Flags!,14129393,339090,21324
UgwQHiw-_ybaadfoWFl4AaABAg,idEAABFzpfg,@Godblessmegg,11:10 Thank you for being sincere! BIG RED FLAG😂,106,2025-09-10T08:26:59Z,Marques Brownlee,Technology,iPhone 17/Pro/Air Impressions: Spot the Red Flags!,14129393,339090,21324
UgwHM2tP5UZJXDci4Rl4AaABAg,idEAABFzpfg,@dhruvasammeta69,"12:33 ""Maybe"" is a strong word in the sentence...",98,2025-09-10T08:42:06Z,Marques Brownlee,Technology,iPhone 17/Pro/Air Impressions: Spot the Red Flags!,14129393,339090,21324
UgyEbVqRZktU_W6Gme14AaABAg,idEAABFzpfg,@Jakub_Apacz,I really dislike the big ass camera bump this time round,44,2025-09-10T14:38:21Z,Marques Brownlee,Technology,iPhone 17/Pro/Air Impressions: Spot the Red Flags!,14129393,339090,21324
UgzbKfS4u8IC4vF7GXt4AaABAg,idEAABFzpfg,@TrekingBoulders,"Marques, great video! One thing that Apple has that pixel and samsung don't is Memory Integrity Enforcement. This is a break through in spyware attacks. It use to be that speyware targets high-profile people, but not anymore, normal people are being targeted now, so having Memory Integrity Enforcement is a big deal. Apple by far has the best hardware/software securtiy features. pixel consumer here for the past 5 years. may be bouncing back to iphone",4,2025-09-13T20:31:15Z,Marques Brownlee,Technology,iPhone 17/Pro/Air Impressions: Spot the Red Flags!,14129393,339090,21324
UgyYqFK_RZ24Km7C0yR4AaABAg,idEAABFzpfg,@KarlVincentt94,Biggest red flag for the air… they literally showed a battery pack during the demonstration 10:55,150,2025-09-10T11:31:01Z,Marques Brownlee,Technology,iPhone 17/Pro/Air Impressions: Spot the Red Flags!,14129393,339090,21324
UgzEhohlAQ3mXx9AyEJ4AaABAg,idEAABFzpfg,@VE9911,"0:39 More importantly, Marques, what was your InNOut order?",178,2025-09-10T11:51:42Z,Marques Brownlee,Technology,iPhone 17/Pro/Air Impressions: Spot the Red Flags!,14129393,339090,21324
UgwbMHnB6eoKmy-invx4AaABAg,idEAABFzpfg,@garyruplinger,13:14 I’m happy they made the Air so they can have their “look how thin it is” phone while leaving the Pro alone and letting the Pro be thick with a big battery and a big camera system.,14,2025-09-10T12:22:20Z,Marques Brownlee,Technology,iPhone 17/Pro/Air Impressions: Spot the Red Flags!,14129393,339090,21324
Ugy_KSVDc4YQoiozLDZ4AaABAg,idEAABFzpfg,@Ethanmiller-y3y5n,Why would I get the Air? It feels like a gimmick. Any good screen protector recs for my new Pro Max?,958,2025-09-14T10:01:53Z,Marques Brownlee,Technology,iPhone 17/Pro/Air Impressions: Spot the Red Flags!,14129393,339090,21324
UgwbQ-_xzqYCmpkzYGt4AaABAg,idEAABFzpfg,@mr.noname4413,"10:20 , best comment so far",115,2025-09-10T08:39:48Z,Marques Brownlee,Technology,iPhone 17/Pro/Air Impressions: Spot the Red Flags!,14129393,339090,21324
UgwVZpt3gNNwdBVHazV4AaABAg,idEAABFzpfg,@starratz_art,2:13 256GB BASE STORAGE??? its all over the screen,86,2025-09-11T11:28:33Z,Marques Brownlee,Technology,iPhone 17/Pro/Air Impressions: Spot the Red Flags!,14129393,339090,21324
UgzBcxPfI-sbO1kSAXx4AaABAg,idEAABFzpfg,@RegularRae,14:49 justice for the mini! i miss u,294,2025-09-10T23:21:36Z,Marques Brownlee,Technology,iPhone 17/Pro/Air Impressions: Spot the Red Flags!,14129393,339090,21324
Ugwqk2sgXKqRqlGt-zB4AaABAg,idEAABFzpfg,@1991shadowheart,"Bendgate 2.0, who's ready bois? 😂
Jerry is probably rubbing his giant hands. 
""The bend test"".",482,2025-09-10T08:50:17Z,Marques Brownlee,Technology,iPhone 17/Pro/Air Impressions: Spot the Red Flags!,14129393,339090,21324
UgwmX1x8IycSV4oOKYx4AaABAg,idEAABFzpfg,@MagicWok,That white iPhone Air is giving me my old iPhone 6S vibes,424,2025-09-10T08:19:25Z,Marques Brownlee,Technology,iPhone 17/Pro/Air Impressions: Spot the Red Flags!,14129393,339090,21324
UgxIEeltgl-UCDtomLB4AaABAg,idEAABFzpfg,@hardik.umretiya,Base 17 is the best choice among all.,882,2025-09-10T08:16:19Z,Marques Brownlee,Technology,iPhone 17/Pro/Air Impressions: Spot the Red Flags!,14129393,339090,21324
UgwfYvWapzr2eVM835h4AaABAg,idEAABFzpfg,@Taromorrow,The target is people like myself that has been using the same iPhone 13 mini for 4 years. I will buy one because I prioritise form over function and I’m not a heavy phone user.,2,2025-09-21T03:47:38Z,Marques Brownlee,Technology,iPhone 17/Pro/Air Impressions: Spot the Red Flags!,14129393,339090,21324
UgyIjc33r_kftO7IehZ4AaABAg,idEAABFzpfg,@kiely4561,The first thing you’re going to do with that iPhone air is stick a case on it which will add about 1/4 inch of thickness anyway 😂,888,2025-09-10T10:08:28Z,Marques Brownlee,Technology,iPhone 17/Pro/Air Impressions: Spot the Red Flags!,14129393,339090,21324
Ugz0YGoaWUhKt_Or4A14AaABAg,idEAABFzpfg,@cheekymonkey5973,"Apple: So we just have all these titanium left because we moving back to aluminum again. Lets come up with an innovative way of using the leftover materials. ""Introducing Iphone Air""",343,2025-09-10T16:55:13Z,Marques Brownlee,Technology,iPhone 17/Pro/Air Impressions: Spot the Red Flags!,14129393,339090,21324
Ugw09X-PybGSE_jEjF54AaABAg,idEAABFzpfg,@vidIQ,This was the first iPhone Apple event in years I'd completely forgot about until I saw this video.,860,2025-09-10T08:29:51Z,Marques Brownlee,Technology,iPhone 17/Pro/Air Impressions: Spot the Red Flags!,14129393,339090,21324
UgxiJeVkgMcBi4XlFXZ4AaABAg,idEAABFzpfg,@Tashuuhh_,I did a comparison and the base 17 is basically a 15 pro max. I have the pro max and I’m considering getting the base due to its size. My joint issues are killing me with the max.,87,2025-09-14T07:28:15Z,Marques Brownlee,Technology,iPhone 17/Pro/Air Impressions: Spot the Red Flags!,14129393,339090,21324
UgxvMyjhfMTWYbCiKoZ4AaABAg,idEAABFzpfg,@jasonpereira3609,@1:18 the screen size on the regular 17 did increase from 6.1 to 6.3 compared to last year. Minimal but worth stating,590,2025-09-10T08:13:22Z,Marques Brownlee,Technology,iPhone 17/Pro/Air Impressions: Spot the Red Flags!,14129393,339090,21324
UgwCLO9Kk4XW39CglQV4AaABAg,idEAABFzpfg,@huffleshuffle,That In-N-Out cup helped me relate better.,123,2025-09-10T14:13:17Z,Marques Brownlee,Technology,iPhone 17/Pro/Air Impressions: Spot the Red Flags!,14129393,339090,21324
UgxmKx9TxJqTDW1vPdN4AaABAg,idEAABFzpfg,@abdulrahmansaed6655,Apple: Our phone is the thinnest ever!' Also Apple: 'Here’s a power bank… the quickest way to make it thick again,300,2025-09-10T09:58:16Z,Marques Brownlee,Technology,iPhone 17/Pro/Air Impressions: Spot the Red Flags!,14129393,339090,21324
UgyPDnlQ6JywNZDTSNd4AaABAg,idEAABFzpfg,@millionaireêeeeee,"3:44 and orange , what a revolution 😮",0,2025-09-14T12:40:13Z,Marques Brownlee,Technology,iPhone 17/Pro/Air Impressions: Spot the Red Flags!,14129393,339090,21324
UgygW-MAAlfIyD1Tt7B4AaABAg,idEAABFzpfg,@ohhellnooooo8233,We removed the battery to make it thinner. You can buy the extra battery for $299. 😂😂😂😂😂😂,68,2025-09-11T03:54:50Z,Marques Brownlee,Technology,iPhone 17/Pro/Air Impressions: Spot the Red Flags!,14129393,339090,21324
Ugx3R0VXgUbBC37aPCR4AaABAg,idEAABFzpfg,@MJGVibes,I know the iPhone air is a red flag but its beautiful,12,2025-09-10T12:33:48Z,Marques Brownlee,Technology,iPhone 17/Pro/Air Impressions: Spot the Red Flags!,14129393,339090,21324
UgyRf4GSbXffIjtFh8Z4AaABAg,idEAABFzpfg,@1blackone,"12:38 it's this 100%. With the Air, they are soft-launching one half of next year's folding iPhone",156,2025-09-10T09:32:11Z,Marques Brownlee,Technology,iPhone 17/Pro/Air Impressions: Spot the Red Flags!,14129393,339090,21324
UgzVwptmli-oa4F9S2l4AaABAg,idEAABFzpfg,@italianproperty,Beautiful lighting. Congratulations.,0,2025-09-15T16:42:46Z,Marques Brownlee,Technology,iPhone 17/Pro/Air Impressions: Spot the Red Flags!,14129393,339090,21324
UgwrgwE5HXw84BntXOh4AaABAg,idEAABFzpfg,@nathanielmillington4950,Biggest mistake from Apple: Making the iPhone 13 Pro’s so good that it’s impossible to justify upgrading 😂,715,2025-09-10T13:05:27Z,Marques Brownlee,Technology,iPhone 17/Pro/Air Impressions: Spot the Red Flags!,14129393,339090,21324
UgxrrIAX7C1RIG19uv54AaABAg,idEAABFzpfg,@GMAceM,I’m pretty sure my phone can hold out one more year.,176,2025-09-10T15:18:15Z,Marques Brownlee,Technology,iPhone 17/Pro/Air Impressions: Spot the Red Flags!,14129393,339090,21324
Ugyh-XEIx2x7VsrEPot4AaABAg,idEAABFzpfg,@sofiazapatazavala,11:40 Apple knows we’re sticking to our Minis. This kind of tech (moving everything to a compact area) totally allows them to build another one.,29,2025-09-11T01:30:16Z,Marques Brownlee,Technology,iPhone 17/Pro/Air Impressions: Spot the Red Flags!,14129393,339090,21324
UgzxFKY8dFe2r2yn1sF4AaABAg,idEAABFzpfg,@HenryDqly,This year will be the first year I buy a new iPhone,2,2025-09-16T14:23:21Z,Marques Brownlee,Technology,iPhone 17/Pro/Air Impressions: Spot the Red Flags!,14129393,339090,21324
UgzabYnscCz39-AfR0V4AaABAg,idEAABFzpfg,@sleepyjordan887,"I don’t care about “rendering videos, using ray tracing” whatever. I just want the damn phone to stay cool when I’m making phone calls so I can hold it against my ear without getting sweaty after a bit

Update: got a 17 pro and it stays cool during calls and FaceTime. Amazing",465,2025-09-10T15:10:29Z,Marques Brownlee,Technology,iPhone 17/Pro/Air Impressions: Spot the Red Flags!,14129393,339090,21324
Ugyc2-v6fNiRs2WhmVZ4AaABAg,idEAABFzpfg,@PabloPucciOK,"The iPhone 17 (the regular) it is a great upgrade.
- 256 GB base Storage
- 120 Hz ProMotion
- 48 MP Fusion camera
- All-new innovative front camera
- 3000 Nits peak brightness
- More resistant Glass
- 6.3"" display
- A19 Chip
- Better battery life. 
- Faster charging
- Action Button
- Camera control on the side",953,2025-09-10T17:13:16Z,Marques Brownlee,Technology,iPhone 17/Pro/Air Impressions: Spot the Red Flags!,14129393,339090,21324
Ugzq6KBAN2CKdZbAQVF4AaABAg,idEAABFzpfg,@nsivaraj777,I guess the entire Apple R&D people are just working on creating already available Colors with new names😆,33,2025-09-10T19:02:12Z,Marques Brownlee,Technology,iPhone 17/Pro/Air Impressions: Spot the Red Flags!,14129393,339090,21324
UgwM2P6ce0hePD8-Fz54AaABAg,idEAABFzpfg,@noahfrost225,"One thing I learned a long time ago about brand new Apple products: never get a first generation piece of hardware. So, I can understand why people will likely need to see a ""5GS"" version before it performs and sells well.",1,2025-09-19T02:59:44Z,Marques Brownlee,Technology,iPhone 17/Pro/Air Impressions: Spot the Red Flags!,14129393,339090,21324
Ugzw6n5Gbl_FjCXy85h4AaABAg,idEAABFzpfg,@stevegonzales527,“Spot the red flag” the whole phone LMAO,214,2025-09-11T14:47:49Z,Marques Brownlee,Technology,iPhone 17/Pro/Air Impressions: Spot the Red Flags!,14129393,339090,21324
UgzQ_nv2dxZZYC51Xm14AaABAg,idEAABFzpfg,@emanuelcosta4023,"120Hz is what makes me buy the 17 and not the 16, plus the colors are nicer ig",10,2025-09-10T11:45:16Z,Marques Brownlee,Technology,iPhone 17/Pro/Air Impressions: Spot the Red Flags!,14129393,339090,21324
UgzQXFWnU-0bVmr9O4B4AaABAg,idEAABFzpfg,@middleagedmutantninjaturtle18,basically the base 17 is the best choice,789,2025-09-10T10:51:08Z,Marques Brownlee,Technology,iPhone 17/Pro/Air Impressions: Spot the Red Flags!,14129393,339090,21324
UgzSG1NQxlR2IRDGymR4AaABAg,idEAABFzpfg,@KingMas1983,Insane they changed back to aluminum. The titanium is elite for durability. I don’t have a single scratch on the edges despite getting the back replaced twice.,24,2025-09-10T15:14:31Z,Marques Brownlee,Technology,iPhone 17/Pro/Air Impressions: Spot the Red Flags!,14129393,339090,21324
Ugzmjm80d03AjZvXpOt4AaABAg,_yOTYsFlRQY,@adnandaheer167,Cant wait for the bending test when Jerryrig hav this,36765,2025-09-10T02:56:52Z,Marques Brownlee,Technology,The iPhone AIR,13651525,397042,7120
Ugz7VLjISUTLykSgfNN4AaABAg,_yOTYsFlRQY,@DimmyM7,"We should really get an iPhone THICC. Super big battery, cameras flush with the back of the phone. Just an absolute unit.
(Basically imagine the 17 Pro but no camera bump😂)",22974,2025-09-10T02:55:16Z,Marques Brownlee,Technology,The iPhone AIR,13651525,397042,7120
Ugwc9feZfXgbZB1VHe54AaABAg,_yOTYsFlRQY,@Saurabh_Daivadnya,Jerry is very happy rn from just the thought of the Air model 😂,4865,2025-09-10T05:31:41Z,Marques Brownlee,Technology,The iPhone AIR,13651525,397042,7120
Ugz2aD_EHcyQzYKXNLt4AaABAg,_yOTYsFlRQY,@Koningz-n9v,"Honestly, the best iphone Apple released in a long long time… Thinking of finally upgrading my 12 to Air. We finally got a new fresh design",15,2025-11-22T14:53:50Z,Marques Brownlee,Technology,The iPhone AIR,13651525,397042,7120
UgyyaHOO9GZRXdpzQml4AaABAg,_yOTYsFlRQY,@venom._.6236,iPhone: the last air bender,6248,2025-09-10T07:17:46Z,Marques Brownlee,Technology,The iPhone AIR,13651525,397042,7120
Ugw_IfI_TbEFetms44l4AaABAg,_yOTYsFlRQY,@chrissmith2501,It’s insane that they fit all that in that bar and the rest is just all battery,2434,2025-09-10T02:57:18Z,Marques Brownlee,Technology,The iPhone AIR,13651525,397042,7120
UgwmSsB4xsMK0sOudmR4AaABAg,_yOTYsFlRQY,@RmaN.YouTube,"holding a pixel 10 at his hand to show Apple is copying pixel, was such a nice move 😂🤣",2290,2025-09-10T04:26:58Z,Marques Brownlee,Technology,The iPhone AIR,13651525,397042,7120
UgwKi8FHOJ20xGIGoYp4AaABAg,_yOTYsFlRQY,@AaronDalomba-l9i,I remember looking for tech advice and seeing his videos in 2014 so coool to see him still doing his thing!!,32,2025-09-14T03:58:59Z,Marques Brownlee,Technology,The iPhone AIR,13651525,397042,7120
Ugzd1M98jkDYUejdfLB4AaABAg,_yOTYsFlRQY,@techiemanju,Holding the google pixel in this short is really a coincidence 😂😂,832,2025-09-11T06:23:02Z,Marques Brownlee,Technology,The iPhone AIR,13651525,397042,7120
UgzEDMg94jznA2_gLCB4AaABAg,_yOTYsFlRQY,@hpoomdev,"I have never once thought ""I wish my phone was thinner"", where as I regularly want a bigger battery!",668,2025-09-10T09:22:32Z,Marques Brownlee,Technology,The iPhone AIR,13651525,397042,7120
UgwhS2XbjTjFnHwkVh14AaABAg,_yOTYsFlRQY,@Cellus002,I love it that you're holding the pixel at the end of the video😂,787,2025-09-10T03:14:07Z,Marques Brownlee,Technology,The iPhone AIR,13651525,397042,7120
UgzGOSgpBlrKfMnxaOR4AaABAg,_yOTYsFlRQY,@rajat_sekhar,I have never ever been so excited for a Jerry bend test on a phone than I’m now after the release of 17 Air!!,3,2025-09-13T02:15:16Z,Marques Brownlee,Technology,The iPhone AIR,13651525,397042,7120
UgyjFUUIk0PQ_ZCW-zd4AaABAg,_yOTYsFlRQY,@uzi8726,Glad to see him holding a Pixel while making a video about the iPhone😂,334,2025-09-10T11:21:27Z,Marques Brownlee,Technology,The iPhone AIR,13651525,397042,7120
Ugz1djdMKMcZvaggyYJ4AaABAg,_yOTYsFlRQY,@new3sc,The speakers are smaller because there are no speakers. There's only 1 Speaker on Top 😭,1666,2025-09-10T03:11:09Z,Marques Brownlee,Technology,The iPhone AIR,13651525,397042,7120
UgwyFs3iHVecWsDeoV54AaABAg,_yOTYsFlRQY,@bellotero6911,That camera bump it's insane.,96,2025-09-11T08:20:00Z,Marques Brownlee,Technology,The iPhone AIR,13651525,397042,7120
Ugz0x8KXrWpAO3uGQiJ4AaABAg,_yOTYsFlRQY,@michelejp69,"I have it - always had Pro iPhones, and I love it ! Battery is not an issue - it’s better than the 16 Pro, which was diabolical! Don’t always listen to the haters - we don’t have their pockets!😊",8,2025-09-21T06:44:08Z,Marques Brownlee,Technology,The iPhone AIR,13651525,397042,7120
UgxPByBDI_5ZlLoUyXJ4AaABAg,_yOTYsFlRQY,@LaczPro,He casually taking a Pixel to the event was gold,400,2025-09-10T03:09:33Z,Marques Brownlee,Technology,The iPhone AIR,13651525,397042,7120
Ugyyxrp7ktIfZbR1ZJ94AaABAg,_yOTYsFlRQY,@Fullblown671,The Air will be short lived just like the Mini,803,2025-09-10T07:17:09Z,Marques Brownlee,Technology,The iPhone AIR,13651525,397042,7120
UgwK571-qS3oZsmM1CJ4AaABAg,_yOTYsFlRQY,@jewel7906,Man who is asking for such phones. We need a thicker iphone with 2 day battery life. Thankfully the $800 iphone got a 120 hz with a 256gb base storage. Can't believe it took them so long to give such basic features. Tech reviewers have failed us to get these early on.,1323,2025-09-10T04:36:52Z,Marques Brownlee,Technology,The iPhone AIR,13651525,397042,7120
Ugw7339MIyZ3XF_D1294AaABAg,_yOTYsFlRQY,@NoxInYourFace,"Bro it lags when it gets hot, thinking it might be the case getting hot. Anyone know of one that doesn't get too hot?",195,2025-12-29T19:27:57Z,Marques Brownlee,Technology,The iPhone AIR,13651525,397042,7120
Ugz7Fu-RZgOD2NjKrax4AaABAg,_yOTYsFlRQY,@terrasai2857,"Guys, the air is literally just a marketing move for Apple to justify increasing the price of the iPhone Pro by $100",833,2025-09-10T03:50:13Z,Marques Brownlee,Technology,The iPhone AIR,13651525,397042,7120
UgzyB0UmMjEahCy5sgt4AaABAg,_yOTYsFlRQY,@martinmendez6205,"This guy is awesome, he has the pixel in his hand while talks about the iPhone!",318,2025-09-10T12:40:34Z,Marques Brownlee,Technology,The iPhone AIR,13651525,397042,7120
UgyoT0sSHqtDWLGp25R4AaABAg,_yOTYsFlRQY,@Anduz001,"People don't want to lose functionality for a slightly thinner phone. We've been through this smartphone era, and it didn't work then either!",693,2025-09-10T17:02:38Z,Marques Brownlee,Technology,The iPhone AIR,13651525,397042,7120
UgwP1a_aBf9QJEKrGQx4AaABAg,_yOTYsFlRQY,@janeseemann2527,"I absolutely love my iPhone Air! I’m really, really happy with how it performs, including the much maligned battery life.",1,2025-10-24T07:54:41Z,Marques Brownlee,Technology,The iPhone AIR,13651525,397042,7120
UgwaojbU04lU7ITN3Mt4AaABAg,_yOTYsFlRQY,@missionias1745,every 2 years we are back to the same old trickeries,30,2025-09-10T15:31:17Z,Marques Brownlee,Technology,The iPhone AIR,13651525,397042,7120
UgzMZEHNZYxAaXbsPUl4AaABAg,_yOTYsFlRQY,@wycliffe_ndiba,"They were really confident with the Air in the event, they were practically daring people to drop and bend their Air's with the visuals",66,2025-09-10T03:17:59Z,Marques Brownlee,Technology,The iPhone AIR,13651525,397042,7120
Ugx7zaPTmW9VnwVGnzR4AaABAg,_yOTYsFlRQY,@zgart1950,"Idk why but whenever I see a thin tech product I can’t help to ask “is it necessary?” “Does it make the product better?” Most of the time the answer is no but, maybe there’s an improvement here. Looking forward for the review!",406,2025-09-10T03:19:37Z,Marques Brownlee,Technology,The iPhone AIR,13651525,397042,7120
UgxU9ZPmuIKwgCy0IcJ4AaABAg,_yOTYsFlRQY,@vizzymove,I thought we left the thinness craze in the 2010's,6,2025-09-14T21:02:41Z,Marques Brownlee,Technology,The iPhone AIR,13651525,397042,7120
UgwwGPacturtDLa-6qd4AaABAg,_yOTYsFlRQY,@uncleiso,Holding a pixel at the end was diabolical lol,75,2025-09-10T13:18:07Z,Marques Brownlee,Technology,The iPhone AIR,13651525,397042,7120
UgwD2CM3FyFauVrx7AR4AaABAg,_yOTYsFlRQY,@Accuaro,Reminds me a lot of the iPhone 6 just without the bending part. I really loved and adored how thin that phone felt.,127,2025-09-10T09:14:53Z,Marques Brownlee,Technology,The iPhone AIR,13651525,397042,7120
UgxQPiBWE5C4294uyU54AaABAg,_yOTYsFlRQY,@DrBadHabits,JerryRigEverything we need you to test this! NOW!!!,63,2025-09-11T17:54:08Z,Marques Brownlee,Technology,The iPhone AIR,13651525,397042,7120
UgwVuzAM4pfbAgNEVwR4AaABAg,_yOTYsFlRQY,@Jare.Sullivan-746,"Sometimes I'm just using it and it freezes. Wasthinking it oculd be the case, anyone know of any good one that doesn't get too hot?",92,2025-12-22T18:31:18Z,Marques Brownlee,Technology,The iPhone AIR,13651525,397042,7120
Ugw7BpkeDPbkVSnEJtB4AaABAg,_yOTYsFlRQY,@dominicaccardo8050,"correction, there’s no bottom speaker. only the ear piece at the top",273,2025-09-10T02:59:10Z,Marques Brownlee,Technology,The iPhone AIR,13651525,397042,7120
UgxBh6EJeZWQJbUKl4N4AaABAg,_yOTYsFlRQY,@Ryusakiiii,Probably first and last Air phone. Waiting for zack to get his hands on this,93,2025-09-10T08:10:37Z,Marques Brownlee,Technology,The iPhone AIR,13651525,397042,7120
UgxSIPhhy648NQ0FGJ14AaABAg,_yOTYsFlRQY,@willwunsche6940,Can't we just get a phone with kick butt dual front facing speakers? They are so underrated,20,2025-09-10T06:38:53Z,Marques Brownlee,Technology,The iPhone AIR,13651525,397042,7120
Ugw1kfaHBv-kKB3jLEp4AaABAg,_yOTYsFlRQY,@eml9147,"Speaker on top is louder than my previous phone, it feels great in the hand too. I love the way my finger can rest on the camera bump for stability.",1,2025-09-28T19:20:22Z,Marques Brownlee,Technology,The iPhone AIR,13651525,397042,7120
Ugwb59gOqnSdIn5AUMZ4AaABAg,_yOTYsFlRQY,@Ghost818-x8c,"When the iPhone Air stole the 17 Pro away from the event, but their camera bump packs a lot of good stuff despite being wobbly on the table",9,2025-09-10T04:09:43Z,Marques Brownlee,Technology,The iPhone AIR,13651525,397042,7120
UgwSwowv-hyZyYYVgox4AaABAg,_yOTYsFlRQY,@macntodd,buddy I ain’t carrying around a knock off google pixel 🥀,331,2025-09-10T03:06:59Z,Marques Brownlee,Technology,The iPhone AIR,13651525,397042,7120
Ugx59BXWQ8B2t1Uzoct4AaABAg,_yOTYsFlRQY,@MsEbalou,Reminds me of the old Droid Razr with that bump and thinness,8,2025-09-10T06:28:06Z,Marques Brownlee,Technology,The iPhone AIR,13651525,397042,7120
UgyOTUtHDjcdcGGyJld4AaABAg,_yOTYsFlRQY,@Elmeatbolio,"I work in front of a pc and it’s on charge all day, and when I go out I always have a battery pack. The phone is perfect for me, I love it.",18,2025-10-16T10:05:33Z,Marques Brownlee,Technology,The iPhone AIR,13651525,397042,7120
UgwTYMaSBaKCBOg-0JN4AaABAg,_yOTYsFlRQY,@nevergonnagiveyouup63,"at this point, we all are casually chilling while waiting for jerry to drop the bending test video",21,2025-09-10T04:08:13Z,Marques Brownlee,Technology,The iPhone AIR,13651525,397042,7120
UgyogwFJVF1Io8vWdph4AaABAg,_yOTYsFlRQY,@adrianbarrette584,I really don’t remember anyone ever asking for thinner phones. It’s one of those “just because you can doesn’t mean you should” type of deals. The iPhone 5 should have been the standard in build quality.,333,2025-09-10T05:58:42Z,Marques Brownlee,Technology,The iPhone AIR,13651525,397042,7120
UgznNlxDmt08xfGl1oR4AaABAg,_yOTYsFlRQY,@panagiotispappas1001,"It’d be cool if Apple made an iPhone Rock to sell along with the iPhone Air, but it would be THICC, with flush cameras, a massive battery, bright screen, 2 headphone jacks and an SD card slot. It would be perfect for professionals.",14,2025-09-10T10:02:33Z,Marques Brownlee,Technology,The iPhone AIR,13651525,397042,7120
Ugx0nmxIttPKi81lTcF4AaABAg,_yOTYsFlRQY,@chanakyaeinstein9810,I like the way you tease apple with pixel in your hand❤❤❤,1,2025-11-12T12:34:29Z,Marques Brownlee,Technology,The iPhone AIR,13651525,397042,7120
UgzYdEH-B5hTaGnOg1x4AaABAg,_yOTYsFlRQY,@CoffeewithAB,Love that youre using the pixel 10 as your daily driver.,15,2025-09-10T03:07:14Z,Marques Brownlee,Technology,The iPhone AIR,13651525,397042,7120
UgzSkdqrE307ZXGny194AaABAg,_yOTYsFlRQY,@GabrielRM,"We should measure the thickness at its thickest part, not thinnest.",107,2025-09-10T20:45:16Z,Marques Brownlee,Technology,The iPhone AIR,13651525,397042,7120
Ugz5I1dn8bLevAsdtL94AaABAg,_yOTYsFlRQY,@jwuanjackson8247,My 13 still nice,24,2025-09-10T03:58:47Z,Marques Brownlee,Technology,The iPhone AIR,13651525,397042,7120
UgzXNrIr5Ys6Xt-Hn1N4AaABAg,_yOTYsFlRQY,@carlospro1204,"The iPhone Air—way more profitable for Apple than the Pro. Think about it: it’s close enough to a Pro to carry a similar price tag, but with much less hardware overall—one camera instead of three, a smaller battery, one speaker, and no vapor chamber. If Apple wants to increase revenue with less hardware innovation, this is a perfect way to do it. It’s flashy enough to entice users into purchasing it, leaving the company with higher margins.

Now, don’t you find it interesting that the iPhone Pro has more radical, less conventional, less familiar color options and a new form factor? Could it be that Apple is trying to push buyers toward the more profitable iPhone Air?",12,2025-09-13T22:47:31Z,Marques Brownlee,Technology,The iPhone AIR,13651525,397042,7120
Ugya69ApUQsX1aU_m0l4AaABAg,_yOTYsFlRQY,@CoopaCoop,"I'd say most people think their phone is thin enough.  Ask someone something they want in their next phone and I can guarantee you 99% won't say ""make it thinner"" 😒
Currently using s25 ultra and it really feels great in the hand. For the size of the phone, it actually feels very light and not bulky",156,2025-09-10T03:32:33Z,Marques Brownlee,Technology,The iPhone AIR,13651525,397042,7120
Ugzb-AR0p8J22N1IFEV4AaABAg,_yOTYsFlRQY,@RV-jb9mq,Holding the Pixel at the end says it all!,67,2025-09-11T01:39:17Z,Marques Brownlee,Technology,The iPhone AIR,13651525,397042,7120
UgzjvTgX_KyofAQHPxR4AaABAg,_yOTYsFlRQY,@Proleet138,Yet it somehow will be more expensive then a good one,4,2025-09-10T07:28:32Z,Marques Brownlee,Technology,The iPhone AIR,13651525,397042,7120
UgxOV7hrd6nbascKBqV4AaABAg,_yOTYsFlRQY,@stevennovakovich2525,"iPhone Air is fantastic, especially in Space Black!",1,2025-11-09T13:53:42Z,Marques Brownlee,Technology,The iPhone AIR,13651525,397042,7120
UgzmqUWQykX_eqah8d14AaABAg,_yOTYsFlRQY,@franciscadevasconcelos,"Honestly, I like it. It looks cool, it must feel amazing to hold and it's different for a change. It looks way better than the Pro series and it reminds me of the old cell phone era when we had variety to choose from: flip phones, qwerty keyboards, etc. Same thing with the new Samsung flip phone, finally something exciting.",19,2025-09-11T23:18:04Z,Marques Brownlee,Technology,The iPhone AIR,13651525,397042,7120
UgyD2oxlRPsRGpNqFpF4AaABAg,_yOTYsFlRQY,@Mikis777,The best iPhone ❤️👌I love my iPhone Air gold 😎,3,2026-05-10T06:36:36Z,Marques Brownlee,Technology,The iPhone AIR,13651525,397042,7120
UgxyRNhdocufYA_Ljod4AaABAg,_yOTYsFlRQY,@Jimbo0o617,Battery is the same as the 16 pro so I don’t see how that’s worse ? They’ve explained in detail how they used new chips to maximize efficiency. Obviously the real test will be when it’s out on market.,8,2025-09-13T07:15:46Z,Marques Brownlee,Technology,The iPhone AIR,13651525,397042,7120
Ugyo2wYSikhN1isK2gt4AaABAg,_yOTYsFlRQY,@bigmike3980,Skipping this years upgrade for the first time since iPhone 1! Can’t wait til next year when the Apple Fold drops!!! 🤩🤩🤩,0,2025-09-13T00:56:02Z,Marques Brownlee,Technology,The iPhone AIR,13651525,397042,7120
UgzZhGTjAzigCqLAeZx4AaABAg,_yOTYsFlRQY,@darrollgibson7008,"me personally it is the setup for the fold, I think we are testin the durabilty this year!! all we need is people to buy it.",38,2025-09-11T10:44:20Z,Marques Brownlee,Technology,The iPhone AIR,13651525,397042,7120
Ugya02OiM-r-qwSZHIV4AaABAg,_yOTYsFlRQY,@Will-wy5qw,"I love the iPhone air, I upgraded from a 14 because I didn’t bother with any of the other ones that came out before the air and it’s been a blast, I barley notice the heat, battery is good, and the screen is great, I don’t care about the camera and stuff like that, so to me it’s a good product for what I need it for",34,2025-09-29T00:33:26Z,Marques Brownlee,Technology,The iPhone AIR,13651525,397042,7120
Ugz-pGq08duBQ2XzPwZ4AaABAg,_yOTYsFlRQY,@illusivedestroyer909,"Apple trying to sell the MagSafe power bank was hilarious. Like “remember that phone that we’re trying to sell that’s super thin and has horrible battery, here’s a giant slab to make it thick and have good battery”",131,2025-09-10T03:08:02Z,Marques Brownlee,Technology,The iPhone AIR,13651525,397042,7120
Ugz1AK_GvyutJF3RzHN4AaABAg,_yOTYsFlRQY,@Sardarjallal,"so tempted to get this one, looks sick",1,2025-09-26T09:52:28Z,Marques Brownlee,Technology,The iPhone AIR,13651525,397042,7120
UgwmbCtAeTgXdwEAI9V4AaABAg,_yOTYsFlRQY,@lockhart1895,No stereo speakers those are just microphones beside the charging port,5,2025-09-10T03:58:31Z,Marques Brownlee,Technology,The iPhone AIR,13651525,397042,7120
Ugw_ZQPV9ye1OnP4aLB4AaABAg,_yOTYsFlRQY,@tbray,i truly love that you're holding a Pixel while chatting about the Air.,15,2025-09-10T10:46:56Z,Marques Brownlee,Technology,The iPhone AIR,13651525,397042,7120
UgzotGHn7RWzGBzBc2x4AaABAg,_yOTYsFlRQY,@vr654,I like how he's holding a Pixel 🙂‍↕️,21,2025-09-10T03:05:44Z,Marques Brownlee,Technology,The iPhone AIR,13651525,397042,7120
UgwJHT7Y1grQV7nmgBN4AaABAg,_yOTYsFlRQY,@AlanJarrold,I was expecting an empty box with an Apple logo,4,2025-09-10T03:36:19Z,Marques Brownlee,Technology,The iPhone AIR,13651525,397042,7120
UgyWnVua-3DHLO1zMQJ4AaABAg,_yOTYsFlRQY,@GracPeters916,Kudos to apple for making something fresh AND good. I was worried my favorite case wouldn't respect the Air thinness I was so wrong,11,2025-11-04T16:10:06Z,Marques Brownlee,Technology,The iPhone AIR,13651525,397042,7120
UgxaKESjDWT1FfOs-VV4AaABAg,_yOTYsFlRQY,@premmani,"My iPhone SE is now 5 years old, and it is superb. One camera is all I need, don't need 3. So the Air may fit me well, i.e. if my SE dies, and that I think is not going to happen, considering my SE still works fine.",20,2025-09-10T17:36:26Z,Marques Brownlee,Technology,The iPhone AIR,13651525,397042,7120
UgwPdyOAMWic00h9UDV4AaABAg,_yOTYsFlRQY,@anthonyl5641,The black Air is all I need. Had the same similar look with the pros and never used half the features. The Air is a great new look with features that work for me. Picking it up Friday!,0,2025-09-18T00:15:52Z,Marques Brownlee,Technology,The iPhone AIR,13651525,397042,7120
Ugxqry_HKN1myUxANBp4AaABAg,_yOTYsFlRQY,@JustXavier,I love that he's holding the Google pixel and his iPhone air teaser.,8,2025-09-10T10:07:18Z,Marques Brownlee,Technology,The iPhone AIR,13651525,397042,7120
UgzF9jMdY9NKUNizTsR4AaABAg,_yOTYsFlRQY,@Oak432,"Honestly its look gorgeous, I would not have any problem to use it. I am not fully digital, card or carless yet. I am still using car key/remote, wallet, I don't take photo or video for a living so a gain of space in my bag is cool.",14,2025-09-10T07:17:30Z,Marques Brownlee,Technology,The iPhone AIR,13651525,397042,7120
UgyVH7S8X_pDzjNmoKF4AaABAg,_yOTYsFlRQY,@nim444,Reviewing iPhone with pixel in hand.. SAVAGE..,41,2025-09-10T03:08:26Z,Marques Brownlee,Technology,The iPhone AIR,13651525,397042,7120
UgwHVarYIgylKbxNshl4AaABAg,_yOTYsFlRQY,@coolcole2064,Best battery in a phone I have had yet my last was a 13 last me all day and most of all night but when I get home I lay down and plug it in it’s really not a problem,1,2026-06-22T13:51:04Z,Marques Brownlee,Technology,The iPhone AIR,13651525,397042,7120
UgwikkiN0bfowmGua1J4AaABAg,_yOTYsFlRQY,@SimGT_27,"Not gonna lie, it looks stunning to my eyes",14,2025-09-11T03:53:14Z,Marques Brownlee,Technology,The iPhone AIR,13651525,397042,7120
UgzXAFw7LIGuIU_OgDF4AaABAg,_yOTYsFlRQY,@Jaseed12,"The only thing I didn't like about the Air was the speaker. Also I havent found a nice protector for it, any recs?",7,2025-11-12T17:09:47Z,Marques Brownlee,Technology,The iPhone AIR,13651525,397042,7120
UgzQQgRl6t2iffarZ294AaABAg,_yOTYsFlRQY,@sirwongalot7918,I really hope other companies dont follow this trend. Like i need a thicker phone with a thicker battery and more value,11,2025-09-10T03:02:43Z,Marques Brownlee,Technology,The iPhone AIR,13651525,397042,7120
UgxxdLYlhdYJC_7kq5l4AaABAg,_yOTYsFlRQY,@ZproductionsOfficial000,I'm using the 17 air !!,2,2026-03-01T06:21:21Z,Marques Brownlee,Technology,The iPhone AIR,13651525,397042,7120
UgxbzrZgrSKdo2SpaCR4AaABAg,GAdT6gYE54U,@HeisenbergFam,"""hope someone copies this and makes it good""

- MKBHD 2025,truly inspiring",58810,2025-10-03T20:02:13Z,Marques Brownlee,Technology,Genius idea... Bad execution,12919781,323777,2995
Ugwrfqnj6XwcBTJd7jJ4AaABAg,GAdT6gYE54U,@HKCVA,I’ll always support this company. They try new things that are bold and listen to feedback.,44178,2025-10-03T21:21:00Z,Marques Brownlee,Technology,Genius idea... Bad execution,12919781,323777,2995
UgxwQHh4sLXI_xkxqj54AaABAg,GAdT6gYE54U,@blaisemomin,"""I hope they improve this""❌
""I hope someone copies this""✅",2970,2025-10-07T02:54:59Z,Marques Brownlee,Technology,Genius idea... Bad execution,12919781,323777,2995
UgwLHjNZOfxPBvnluPF4AaABAg,GAdT6gYE54U,@deathspell-omega,And add a sort of clipper so that I can clip it to my tshirt. It'll work like a mic that vloggers use to shoot.,5350,2025-10-12T17:48:39Z,Marques Brownlee,Technology,Genius idea... Bad execution,12919781,323777,2995
Ugzt5nQrM-CI1ogpWpR4AaABAg,GAdT6gYE54U,@DustyTheDog,"Back in my day, earphones had wires, and somewhere on the wire near the chin was a little microphone with volume controls, too",64,2026-01-18T23:21:36Z,Marques Brownlee,Technology,Genius idea... Bad execution,12919781,323777,2995
UgzPqPQIcPqRYm5NstJ4AaABAg,GAdT6gYE54U,@anandavigneshwaran4908,"Apple in 2035 ""So we have a Revolutionary Idea for the Airpod 15 Pro Max - The Best Pro Res Audio Mic in any Airpod's case ever""",8610,2025-10-04T19:25:17Z,Marques Brownlee,Technology,Genius idea... Bad execution,12919781,323777,2995
UgyNuWhqViMGJyaqdSx4AaABAg,GAdT6gYE54U,@excitingelectronicstech,“Nothing had a good idea”- MKBHD Spitting Fax- 2025,6781,2025-10-03T20:03:19Z,Marques Brownlee,Technology,Genius idea... Bad execution,12919781,323777,2995
UgzlhX17Wb7v3pTyrEt4AaABAg,GAdT6gYE54U,@JTZ_1,Holding a button is bad. It needs a toggle with a small led.,2853,2025-10-04T20:37:57Z,Marques Brownlee,Technology,Genius idea... Bad execution,12919781,323777,2995
Ugx4kk6bfJw_k69HPJx4AaABAg,GAdT6gYE54U,@Haile9Broo86,"he’s already at disadvantage lol, nohing earbuds arent that good. would love to hear a recommendation on case though",1349,2025-12-06T17:04:21Z,Marques Brownlee,Technology,Genius idea... Bad execution,12919781,323777,2995
Ugz5RQcvksDLd13TCtd4AaABAg,GAdT6gYE54U,@gappyoooo,it works better in a loud environment,84,2025-10-07T15:10:26Z,Marques Brownlee,Technology,Genius idea... Bad execution,12919781,323777,2995
UgwSG6Nd6nuzTrRg_Lp4AaABAg,GAdT6gYE54U,@erenalpaslanyt,What about using the phone mic directly instead of the earbuds case while hearing to the sound through a wireless headset?,9577,2025-10-04T08:26:35Z,Marques Brownlee,Technology,Genius idea... Bad execution,12919781,323777,2995
UgzLIFus4vEdqTEumkR4AaABAg,GAdT6gYE54U,@makerj514,Atleast they did something different,3959,2025-10-03T20:05:17Z,Marques Brownlee,Technology,Genius idea... Bad execution,12919781,323777,2995
Ugzv94rLeMpRwgleU6l4AaABAg,GAdT6gYE54U,@niklas8682,"In a noisy environment, the microphone from the case is much better than the ones on the headphones themselves.",2782,2025-10-03T20:55:00Z,Marques Brownlee,Technology,Genius idea... Bad execution,12919781,323777,2995
Ugx6JcaJIjMwEXp4O4x4AaABAg,GAdT6gYE54U,@arefin.chowdhury,If only we could hold the phone and use its built-in microphone(s),5,2026-06-26T09:49:23Z,Marques Brownlee,Technology,Genius idea... Bad execution,12919781,323777,2995
UgxsnbM_EPlWsxya9qt4AaABAg,GAdT6gYE54U,@MB_HOUSE,You should hold it 5 cm away. The ceo of nothing recomends to do that,2,2026-06-26T14:41:22Z,Marques Brownlee,Technology,Genius idea... Bad execution,12919781,323777,2995
UgxVJ3U5FOYlPSNyZyl4AaABAg,GAdT6gYE54U,@Megaphonix,"it can only get so good while still being carried over the bluetooth codec, which halves the sample rate to 22.5kHz to squish the input AND output over one low-bandwidth connection. it's why audio sounds great when you're listening to music by itself (only output), but attempting to listen to music while on a phone call makes it instantly sound worse (output + input)",2656,2025-10-03T23:05:25Z,Marques Brownlee,Technology,Genius idea... Bad execution,12919781,323777,2995
UgykCjW_vpUTMAEnpmt4AaABAg,GAdT6gYE54U,@harshitsinha6516,What if they just added a clip and people could use them as lavalier mic. I would pay for that.,959,2025-10-03T20:13:39Z,Marques Brownlee,Technology,Genius idea... Bad execution,12919781,323777,2995
Ugy5Ca_oPwc_cnUvwvF4AaABAg,GAdT6gYE54U,@K-DOTOFFICIAL,"Million dollar move, 10 cent finish",165,2025-10-04T10:57:25Z,Marques Brownlee,Technology,Genius idea... Bad execution,12919781,323777,2995
Ugz-BhCTSVCLSQpm-Lx4AaABAg,GAdT6gYE54U,@nadavshabat1823,its supposed to be better in noisy environments because it dosnt just take the case mic it doe s some stuff to try to seperate ur voice from the enviorment(Ive seen some videos in busy subways and stuff and its pretty cool),40,2025-10-07T19:38:05Z,Marques Brownlee,Technology,Genius idea... Bad execution,12919781,323777,2995
UgyVZTYDdRGdplKLYHR4AaABAg,GAdT6gYE54U,@madkiss8017,"China :working on it ,also 90% cheaper",2,2026-09-09T08:10:30Z,Marques Brownlee,Technology,Genius idea... Bad execution,12919781,323777,2995
UgzyUUDGf92yLSCHvIN4AaABAg,GAdT6gYE54U,@ZoeyJa9153,Still prefer the my Airpods Pro 2 tbh. Only thing I ever want is maybe chage its aesthetic. Any advice on that?,6376,2025-10-04T02:54:31Z,Marques Brownlee,Technology,Genius idea... Bad execution,12919781,323777,2995
UgzwxFHWIc41VJW-Lzp4AaABAg,GAdT6gYE54U,@DimWit-x2y,"“Nothing had a good idea” 

- Odysseus in Polyphemus’s cave",214,2025-10-03T21:32:24Z,Marques Brownlee,Technology,Genius idea... Bad execution,12919781,323777,2995
UgxGH_fSAGeJwDuFDlx4AaABAg,GAdT6gYE54U,@LyricsPrompt,This is a brilliant brilliant idea. How come no one thought of this before. What other similar ideas are staring us in our faces,298,2025-10-04T05:41:34Z,Marques Brownlee,Technology,Genius idea... Bad execution,12919781,323777,2995
UgyL3k13jkm3poTDurl4AaABAg,GAdT6gYE54U,@rahil9386,bro is indirectly making nothing better every year,1,2026-08-12T14:16:58Z,Marques Brownlee,Technology,Genius idea... Bad execution,12919781,323777,2995
Ugy-TABU3Jsa9X1ySWV4AaABAg,GAdT6gYE54U,@juleshauchecorne7782,"I honestly think the case mic sound plenty good enough, huge difference.",2,2026-02-10T22:49:53Z,Marques Brownlee,Technology,Genius idea... Bad execution,12919781,323777,2995
Ugzp2Dcw0gIKgDzKyGF4AaABAg,GAdT6gYE54U,@matthewbrown435,I'd say that case mic sounds way better than the earbud.,144,2025-10-04T07:00:18Z,Marques Brownlee,Technology,Genius idea... Bad execution,12919781,323777,2995
UgwT00-DlxLX7nNWurt4AaABAg,GAdT6gYE54U,@Intrep1dMind,"The amount of unused space on that behemoth of a case, they can easily add their own rechargeable wireless mic module to attach on your top.",13,2025-10-05T06:42:53Z,Marques Brownlee,Technology,Genius idea... Bad execution,12919781,323777,2995
Ugx--ib2Ym9QC13-RwN4AaABAg,GAdT6gYE54U,@thomaswiegele9802,"Also, 2 points because I loved the concept when it was revealed. 1) Don't make it push to talk exclusive. I'm on 45min walk back home, I call my parents, I'm going to have have a tendonitis on my thumb by the end of the call. 2) if you allow the open mic after pressing the button once, it would be great to have a way to clip it to my shirt so I don't have to hold it.

Hope to see the concept expand because Nothing had an excellent idea here.",214,2025-10-03T21:55:05Z,Marques Brownlee,Technology,Genius idea... Bad execution,12919781,323777,2995
UgyKwRcQLfFf0tpKzK14AaABAg,GAdT6gYE54U,@NaderGsS,"He said: ""I hope someone copies this and makes it really good.""

I understood: The pain of being stuck with Apple and their slowness in progress on innovation.",1,2026-06-25T08:50:46Z,Marques Brownlee,Technology,Genius idea... Bad execution,12919781,323777,2995
Ugw6O-Ys_TM7RJDuL-V4AaABAg,GAdT6gYE54U,@TeziangVillanueva,The genuine idea was the nicest smile?,1,2025-11-13T01:41:12Z,Marques Brownlee,Technology,Genius idea... Bad execution,12919781,323777,2995
Ugzi3w0f9daCiMUubgN4AaABAg,GAdT6gYE54U,@KeithGroover,I end up holding one earbud to my mouth and have the other earbud in my ear. It's like we've gone full circle back to the original old timey phones with the separate speaker you hold up to your ear while talking into the microphone.,22,2025-10-04T12:29:58Z,Marques Brownlee,Technology,Genius idea... Bad execution,12919781,323777,2995
Ugz6a638sdEcxi4jOfx4AaABAg,GAdT6gYE54U,@Daleylife,why are we going to hold a case up to our faces when we could just hold a phone up to our ears?,38,2025-10-04T07:31:00Z,Marques Brownlee,Technology,Genius idea... Bad execution,12919781,323777,2995
Ugx7gz18B8u-3QjiTOR4AaABAg,GAdT6gYE54U,@BoBoTM,They said that it's made for really noisy areas like a metro/city centre...,65,2025-10-03T20:20:21Z,Marques Brownlee,Technology,Genius idea... Bad execution,12919781,323777,2995
Ugx0y5XuVRGEZwqdcL14AaABAg,GAdT6gYE54U,@jeffn1384,Waiting to hear this guy not bag something out,1,2026-04-01T05:20:24Z,Marques Brownlee,Technology,Genius idea... Bad execution,12919781,323777,2995
UgznuTvFD9ppX0541bZ4AaABAg,GAdT6gYE54U,@7353.,This is the best idea in consumer tech I saw the last 5 years ❤,0,2026-03-14T15:21:01Z,Marques Brownlee,Technology,Genius idea... Bad execution,12919781,323777,2995
UgyT6JgRQijYt_GmsE54AaABAg,GAdT6gYE54U,@name.whatisthat,That is a sick idea if they can fit a decent mic in it.,85,2025-10-03T20:24:50Z,Marques Brownlee,Technology,Genius idea... Bad execution,12919781,323777,2995
UgxYA6lBXZIucSaXcsp4AaABAg,GAdT6gYE54U,@Madhava_P7,"There’s one more thing which is better than this, we need an option to select input and output devices, like I can use my phone microphone while having output to my headphones.",12,2025-10-04T08:46:31Z,Marques Brownlee,Technology,Genius idea... Bad execution,12919781,323777,2995
UgwiuU4GzyyaoRJvrlJ4AaABAg,GAdT6gYE54U,@IdrinkWater1x,“You will own nothing and be happy”,12,2026-09-12T19:04:53Z,Marques Brownlee,Technology,Genius idea... Bad execution,12919781,323777,2995
UgydGG2tT45ZCG6i8UN4AaABAg,GAdT6gYE54U,@iSpotTrainsAU,Sounds like a ChatGPT voice,4,2026-01-31T04:32:26Z,Marques Brownlee,Technology,Genius idea... Bad execution,12919781,323777,2995
UgwdVeIv_5MgvpvoG1x4AaABAg,GAdT6gYE54U,@christianwest6635,Oh yes I totally wanna hold a box to my face instead of my phone,0,2026-09-30T11:53:20Z,Marques Brownlee,Technology,Genius idea... Bad execution,12919781,323777,2995
Ugwu2QBYiZRdDKWtBwF4AaABAg,GAdT6gYE54U,@krishnag5734,Why can’t you just say “hope they would improve it in the later version “ than saying someone should copy and make it better ….,89,2025-10-03T23:49:24Z,Marques Brownlee,Technology,Genius idea... Bad execution,12919781,323777,2995
Ugzc7wM7z20l-E0-rs54AaABAg,GAdT6gYE54U,@genebronson8377,"""Much"" better",19,2025-10-03T20:29:17Z,Marques Brownlee,Technology,Genius idea... Bad execution,12919781,323777,2995
UgwQvpVle92jpP5_nqd4AaABAg,GAdT6gYE54U,@caspar-m4r,The problem with bluetooth headphone mic's is not the microphones themselves but the bluetooth connection you can see this in action if you try the microphone on a set of apple earpods the headphones you used to get with your phone they sound amazing because it can properly send it to the phone,14,2025-10-03T21:55:45Z,Marques Brownlee,Technology,Genius idea... Bad execution,12919781,323777,2995
Ugx5uGvFNO7v59QhomF4AaABAg,GAdT6gYE54U,@TheArKtec,Definitely a Genius Idea...,1,2026-07-31T00:41:55Z,Marques Brownlee,Technology,Genius idea... Bad execution,12919781,323777,2995
UgxY7XYF8-6OMnEPyfF4AaABAg,GAdT6gYE54U,@mra1884,I've always thought about this for years like it would be good for short creators.,0,2026-09-27T17:48:58Z,Marques Brownlee,Technology,Genius idea... Bad execution,12919781,323777,2995
UgzwWSPS3xhchGibyft4AaABAg,GAdT6gYE54U,@Zakrion,"Terrible idea. If I’m talking through my earbuds it is precisely because I want to be hands free.

Top earbuds’ microphones are pretty good these days unless you’re ridiculously picky and demand near studio quality even in extremely noisy environments.",14,2025-10-04T11:21:06Z,Marques Brownlee,Technology,Genius idea... Bad execution,12919781,323777,2995
UgwOU6Ve-ioZXlef0Gh4AaABAg,GAdT6gYE54U,@dhiaoshaish,"i usually hold one earpiece in one ear, the other in my hand next to my mouth as a mic. its cumbersome as u hv to touch the one in your hand a certain way to activate it, but it improves sound quality",6,2025-10-03T20:25:54Z,Marques Brownlee,Technology,Genius idea... Bad execution,12919781,323777,2995
UgyPylXdMrCHV0pQRdt4AaABAg,GAdT6gYE54U,@Frug00028,"they made designing good looking case make sense, pretty cases should not only be inside the bag all the time",0,2026-09-13T21:46:20Z,Marques Brownlee,Technology,Genius idea... Bad execution,12919781,323777,2995
UgzG7BIwRPrdf44CcNh4AaABAg,GAdT6gYE54U,@ahayoziel3210,I’d actually pay for that. It really is a great idea.,0,2026-06-01T09:29:33Z,Marques Brownlee,Technology,Genius idea... Bad execution,12919781,323777,2995
Ugzs6szLQu9SYDhJ0Vd4AaABAg,GAdT6gYE54U,@FrazzledSeer,That completely defeats the purpose of “hands free…..just hold you phone at that point,124,2025-10-03T22:10:50Z,Marques Brownlee,Technology,Genius idea... Bad execution,12919781,323777,2995
UgwBpr71CFR4kUBxAX54AaABAg,GAdT6gYE54U,@Idealgentlemen_,"Apple in 2026 “we have revolutionized the way people communicate via handsfree, sort of”……",6,2025-10-04T02:58:10Z,Marques Brownlee,Technology,Genius idea... Bad execution,12919781,323777,2995
UgyxlHHI3iINeRtk7jh4AaABAg,GAdT6gYE54U,@wesleyfrankenofficial,"Dear lord, design A++++, sound and recording absolutely horrible.",58,2025-10-03T20:05:38Z,Marques Brownlee,Technology,Genius idea... Bad execution,12919781,323777,2995
Ugx3NBD8tiDp-WkeuHR4AaABAg,GAdT6gYE54U,@PrasanthSylvester,Wish well for the company man! It’s a good idea & why don’t you wish they make it better rather than wishing someone else to make it better 😮.,0,2026-08-20T07:27:01Z,Marques Brownlee,Technology,Genius idea... Bad execution,12919781,323777,2995
UgzfIJyM0FEnnezndp94AaABAg,GAdT6gYE54U,@Minimaylus,They should have attached DJI's mini mic to it,1,2026-05-26T17:38:32Z,Marques Brownlee,Technology,Genius idea... Bad execution,12919781,323777,2995
UgxoPEMp1IO5DXEXG4B4AaABAg,GAdT6gYE54U,@DanLoFat,"Not only did it sound much better, all right not as good as your camera mic but much better than the bud Mike. 

It also created the proximity effect as you inadvertently brought the microphone case closer to your mouth, it was obvious and good",31,2025-10-03T20:51:43Z,Marques Brownlee,Technology,Genius idea... Bad execution,12919781,323777,2995
UgwhsONnJlG7LF1IlAF4AaABAg,GAdT6gYE54U,@abhinavaananth9219,"Well i would really like someone to include in the phone app, an option of using the mic from the phone but hear the audio on the earphone",9,2025-10-04T02:55:49Z,Marques Brownlee,Technology,Genius idea... Bad execution,12919781,323777,2995
UgzSa0XEZ4ofyxY39Kd4AaABAg,GAdT6gYE54U,@Vikngr,JBL tour pro 3 have a similar feture but you just take one earpiece out and it automatically switches that one to be used as a mic,5,2025-10-04T13:25:28Z,Marques Brownlee,Technology,Genius idea... Bad execution,12919781,323777,2995
Ugxb6RiZhF4Wd8iLuWt4AaABAg,GAdT6gYE54U,@jovanpopovic1401,"Actually, it’s great execution. Have these for some time now, and it’s trully amazing how they block the noise when outside. It’s not a studio microphone, and for that price it’s very well executed.",0,2026-09-15T18:57:47Z,Marques Brownlee,Technology,Genius idea... Bad execution,12919781,323777,2995
Ugwoj5ecXjwWK7HX1MV4AaABAg,GAdT6gYE54U,@holipan6845,That's a great idea...I used to use a app which allowed to use phone mic while using headphones with mic in call,0,2026-05-15T04:41:08Z,Marques Brownlee,Technology,Genius idea... Bad execution,12919781,323777,2995
Ugwtz-CNjysx--SH4bV4AaABAg,GAdT6gYE54U,@uraverageviewer787,"It does sounds better, but not enough to make me actually use it....maybe if I was creating content, then again I could just buy a dedicated mic",4,2025-10-03T20:00:10Z,Marques Brownlee,Technology,Genius idea... Bad execution,12919781,323777,2995
Ugz_-74r_7W5v0n7q6F4AaABAg,GAdT6gYE54U,@12pseudonym,"What will be better is phone doing the splitting... Bluetooth speakers/earbuds for listening(output) and phone's microphones for talking(input)... will help a lot for video calls and also the normal calls ❤



Edit: iPhone has this option in Settings >sounds & haptics > input",5,2025-10-03T20:17:53Z,Marques Brownlee,Technology,Genius idea... Bad execution,12919781,323777,2995
UgwR3akt45A3F1Z74wR4AaABAg,GAdT6gYE54U,@Foiled_Foliage,That first sentence is like 90% of the American consumer market,5,2025-10-05T16:16:13Z,Marques Brownlee,Technology,Genius idea... Bad execution,12919781,323777,2995
UgwDFKdIe33fyfgZ4w54AaABAg,GAdT6gYE54U,@Mrtech-i6x,"This idea is so incredibly brilliant. I just wish executed better. I know that's exactly what you said, but I'd just like to emphasize how good of an idea.I think this is",0,2026-02-09T20:53:52Z,Marques Brownlee,Technology,Genius idea... Bad execution,12919781,323777,2995
Ugypzf5uhASSpxqsf514AaABAg,GAdT6gYE54U,@asher9522,Better than nothing,1,2025-12-31T03:33:54Z,Marques Brownlee,Technology,Genius idea... Bad execution,12919781,323777,2995
UgwiXnm70NCuUOhxSNF4AaABAg,GAdT6gYE54U,@jabbajawz,Nah bro... It sounds A LOT better. Not the best but much better than without pushing the talk button.,16,2025-10-09T21:54:44Z,Marques Brownlee,Technology,Genius idea... Bad execution,12919781,323777,2995
UgxOUIErtHoqNPLNQYJ4AaABAg,GAdT6gYE54U,@sensnowy,AirPods Sound so much better. Wow. That’s wild to me.,52,2025-10-03T20:24:49Z,Marques Brownlee,Technology,Genius idea... Bad execution,12919781,323777,2995
UgzfSsliHy00DW3pPfB4AaABAg,GAdT6gYE54U,@adobahbotchway,"We put the earbud into our ears, then the case into our pockets or bags.",19,2025-10-03T20:10:58Z,Marques Brownlee,Technology,Genius idea... Bad execution,12919781,323777,2995
UgwrQrEm53Zq9nscq-x4AaABAg,GAdT6gYE54U,@bobuo7,Horrible idea and horrible execution. NEVER require the user to hold down a button for the product to work...,0,2026-08-08T08:56:40Z,Marques Brownlee,Technology,Genius idea... Bad execution,12919781,323777,2995
UgzF4vVIZDeLVja79Fp4AaABAg,GAdT6gYE54U,@mokus603,Nothing can do this better.,0,2026-02-24T22:48:04Z,Marques Brownlee,Technology,Genius idea... Bad execution,12919781,323777,2995
Ugz_O1VFku7pRzzyeMh4AaABAg,GAdT6gYE54U,@srijansahu8081,For a regular TWS can't you plug one in your ear and hold other closer to your face so as using one earpiece as a mic instead!!,8,2025-10-03T19:59:32Z,Marques Brownlee,Technology,Genius idea... Bad execution,12919781,323777,2995
Ugzym6ILdm6zB5JuIqV4AaABAg,GAdT6gYE54U,@austin5019,It looks kind of strange holding your headphone charging case up to listen to sound through the mic.,24,2025-10-03T19:58:49Z,Marques Brownlee,Technology,Genius idea... Bad execution,12919781,323777,2995
UgyCP2-H7qjVj5jl7gB4AaABAg,GAdT6gYE54U,@corsinivideos,"Have I missed something here? How is this a great idea?? You could literally just hold your phone up and talk into its microphone instead. Getting absolutely ridiculous, trying to solve a problem that doesn't exist.",5,2025-10-03T22:51:28Z,Marques Brownlee,Technology,Genius idea... Bad execution,12919781,323777,2995
UgwcBGM4vfk9VczbZhd4AaABAg,GAdT6gYE54U,@Realfocos,"Wow, that’s a great idea especially in noisy areas",0,2026-02-05T20:35:13Z,Marques Brownlee,Technology,Genius idea... Bad execution,12919781,323777,2995
Ugxe5X_hEX0xSs-CnWF4AaABAg,GAdT6gYE54U,@Megameatloaf,Ignore the negative comments. They have no weight. Keep doing your thing mate. All the love from an Aussie ❤,0,2026-09-13T07:08:04Z,Marques Brownlee,Technology,Genius idea... Bad execution,12919781,323777,2995
Ugy03p926Fuq_a8X-Et4AaABAg,GAdT6gYE54U,@2nd-place,"Have you not heard AirPods Pro 3 when in mic recording mode? They sound absolutely great. Not professional mic quality, but a notch below. Like using the phone mic but near your face while recording. Can use them like a lapel in a pinch.",11,2025-10-04T21:42:07Z,Marques Brownlee,Technology,Genius idea... Bad execution,12919781,323777,2995
UgyKAfaLVHqGyHdErj54AaABAg,6D__H_DO2Xk,@thefryinallofus,"Don't worry Marques, they combined the price of both products into one.",22186,2026-09-12T22:39:22Z,Marques Brownlee,Technology,iPhone Duo: What We Missed!,12364878,153008,12931
UgzvtJN6namCxhqx2CN4AaABAg,6D__H_DO2Xk,@Jdo2mch,I love watching videos for tech I can't afford,22115,2026-09-12T21:37:37Z,Marques Brownlee,Technology,iPhone Duo: What We Missed!,12364878,153008,12931
UgzMm8BYw2sGc7LoCbJ4AaABAg,6D__H_DO2Xk,@nFlextion,"“i wanna be productive”
proceeds to open youtube and watch some videos",3410,2026-09-13T11:33:33Z,Marques Brownlee,Technology,iPhone Duo: What We Missed!,12364878,153008,12931
UgxqpRjWzbxKp1H2Ps54AaABAg,6D__H_DO2Xk,@magnesium_subsoil_94,I think this has a great actual use case for doctors and residents. A lot of on the go reading and the ability to go into a deeper dive in the chart without carrying a more bulky iPad mini in your white coat,28,2026-09-22T11:28:08Z,Marques Brownlee,Technology,iPhone Duo: What We Missed!,12364878,153008,12931
Ugw1zh8rQVOIdMLt3Pp4AaABAg,6D__H_DO2Xk,@CajunInFlorida,A phone ... an iPad ... a bank loan.,6808,2026-09-12T22:28:15Z,Marques Brownlee,Technology,iPhone Duo: What We Missed!,12364878,153008,12931
UgzACXHqgtUweJhABdV4AaABAg,6D__H_DO2Xk,@derriaus,Craig has a talent of a Politician. Explaining the issue for 1 minute without touching on the issue. 💯,4784,2026-09-13T04:13:48Z,Marques Brownlee,Technology,iPhone Duo: What We Missed!,12364878,153008,12931
UgydZemP2LGTHmV5OHN4AaABAg,6D__H_DO2Xk,@Lexmouth,Marques casually chatting with Craig as a side gig to his second video on a new iphone is such a flex - gotta respect the MKBHD journey,4772,2026-09-12T22:03:13Z,Marques Brownlee,Technology,iPhone Duo: What We Missed!,12364878,153008,12931
UgypK1hbuj6TY_jeKTN4AaABAg,6D__H_DO2Xk,@MrJonaotan,The fold animation is pretty cool,3,2026-09-22T23:42:51Z,Marques Brownlee,Technology,iPhone Duo: What We Missed!,12364878,153008,12931
UgzfRnCgJJOpoORoB3B4AaABAg,6D__H_DO2Xk,@Bhavesh_Rai,Craig explaining the Duo for 5 minutes without once saying 'it's an iPad Mini mostly' is elite corporate gymnastics 🤸,3149,2026-09-12T23:26:04Z,Marques Brownlee,Technology,iPhone Duo: What We Missed!,12364878,153008,12931
UgwHCHvkOfFho7TgxDp4AaABAg,6D__H_DO2Xk,@jc8888k,"…”an iPod, a phone, and an Internet Communicator”",3207,2026-09-12T21:42:54Z,Marques Brownlee,Technology,iPhone Duo: What We Missed!,12364878,153008,12931
Ugyx4cr9jhRqR5WCzuF4AaABAg,6D__H_DO2Xk,@Dr.ComputerChess,5:10 it's 3000$+ in India 😂,2800,2026-09-13T03:32:26Z,Marques Brownlee,Technology,iPhone Duo: What We Missed!,12364878,153008,12931
Ugw3_HF2m6TBtku8qn54AaABAg,6D__H_DO2Xk,@satya_ssp,This youtube channel is genuinely true to the product. No faking. Love you,0,2026-09-15T08:07:37Z,Marques Brownlee,Technology,iPhone Duo: What We Missed!,12364878,153008,12931
UgwZNnbMlQB4w0v3xQl4AaABAg,6D__H_DO2Xk,@thiago97496,"7:22 In Brazil, the pricing is insane. R$21.999, which converts to $4.296 🤯",1443,2026-09-12T22:41:37Z,Marques Brownlee,Technology,iPhone Duo: What We Missed!,12364878,153008,12931
UgwmRLvyGurD1zD-mXt4AaABAg,6D__H_DO2Xk,@wi3si,4:23 Love how Craig used the „using it for months“ joke on Marques. 😂,1325,2026-09-12T21:56:25Z,Marques Brownlee,Technology,iPhone Duo: What We Missed!,12364878,153008,12931
Ugy6A_yOoqTOjfm7ad14AaABAg,6D__H_DO2Xk,@mathewomolo,"That last sentence was brilliant. ""It's not for everyone"". I think we're at this point with most phones/tech.",591,2026-09-13T07:13:30Z,Marques Brownlee,Technology,iPhone Duo: What We Missed!,12364878,153008,12931
UgzEHUf3EDIieYs5epR4AaABAg,6D__H_DO2Xk,@Ahoney55,"There was a time when Apple made a few feature tweaks to the pro max version of iphones and leave it out of smaller screen iphones. The first pro max was the first iphone to get a horizontal homescreen layout and settings. 

This Duo is more like two pro max’s with double the amount of device specific features to make it feel different.",1,2026-09-15T08:38:56Z,Marques Brownlee,Technology,iPhone Duo: What We Missed!,12364878,153008,12931
UgzoPtvV21GXe6VeCXZ4AaABAg,6D__H_DO2Xk,@Jaykaaaaayyy,4:19 like you haven’t been flexing on us all these years,640,2026-09-12T21:51:14Z,Marques Brownlee,Technology,iPhone Duo: What We Missed!,12364878,153008,12931
UgxrNx3dN99INsAbaN14AaABAg,6D__H_DO2Xk,@romulosousa1174,"No joke, the starting price of the iPhone Duo in Brazil is R$ 20,000, reaching up to R$ 30,000 for the 2 TB version—which converts to roughly $4,000 to $6,000 USD. That is insane considering most Brazilians earn around two minimum wages, equivalent to about $630 USD",337,2026-09-13T00:23:47Z,Marques Brownlee,Technology,iPhone Duo: What We Missed!,12364878,153008,12931
UgxAZhH2EuLau_3Xqdx4AaABAg,6D__H_DO2Xk,@alexwolff8167,"I have an iPad mini and its best feature is that I’ve turned off notifications completely. Never underestimate how much better these devices are when you can just use them without being constantly interrupted. That’s why the phone will always be different. It’s to communicate with family, friends, and work. A device without notifications can be for reading, watching and playing without anyone else, or any company, demanding your attention.",531,2026-09-13T05:21:09Z,Marques Brownlee,Technology,iPhone Duo: What We Missed!,12364878,153008,12931
UgyBomDYHihdp0Cg11F4AaABAg,6D__H_DO2Xk,@cherryblossomsandwisteria855,I would definitely love to see its full review.,3,2026-09-16T13:39:26Z,Marques Brownlee,Technology,iPhone Duo: What We Missed!,12364878,153008,12931
Ugy8ZQFl3XskCOU2Lqx4AaABAg,6D__H_DO2Xk,@xavierwright,I’m sure their analytics told them iPad mini users are just not the same segment as the potential iPhone duo users.,278,2026-09-13T08:37:27Z,Marques Brownlee,Technology,iPhone Duo: What We Missed!,12364878,153008,12931
Ugx1l5bIBd6Q4DTHpXF4AaABAg,6D__H_DO2Xk,@aby3549,You chatting with Craig so casually shows the heights you have reached as a content creator. Hats off brother.,50,2026-09-13T04:39:00Z,Marques Brownlee,Technology,iPhone Duo: What We Missed!,12364878,153008,12931
UgyETsyeIlCpMm3HIft4AaABAg,6D__H_DO2Xk,@dnn32,I just laugh at Marques's face when that guy is trying to get around those questions😂😂😂😂.,68,2026-09-13T17:35:45Z,Marques Brownlee,Technology,iPhone Duo: What We Missed!,12364878,153008,12931
UgxA3LRoAR85OxFplup4AaABAg,6D__H_DO2Xk,@leventopoulo,"We have a lot of VAT overseas, that's why.",7,2026-09-15T08:36:38Z,Marques Brownlee,Technology,iPhone Duo: What We Missed!,12364878,153008,12931
UgwUw0w0nkZsMxyGynt4AaABAg,6D__H_DO2Xk,@giacomobongrazio,"A phone, a tablet, a kidney.",74,2026-09-13T09:05:56Z,Marques Brownlee,Technology,iPhone Duo: What We Missed!,12364878,153008,12931
Ugygnvqe-YMS1PJavA94AaABAg,6D__H_DO2Xk,@TorrellesEdit,"Damn. I feel Craig is getting old the same way I felt it when my grandpas did, and it hit a soft spot. God bless that guy, the amount of joy I got from all his keynotes!",31,2026-09-14T21:10:45Z,Marques Brownlee,Technology,iPhone Duo: What We Missed!,12364878,153008,12931
UgyiZads7VlwHLXvsW54AaABAg,6D__H_DO2Xk,@suryakantsoni20,3:00 they're also asking the money of an iPhone + an iPad for this thing. So it better be an iPhone and an iPad.,55,2026-09-13T14:27:18Z,Marques Brownlee,Technology,iPhone Duo: What We Missed!,12364878,153008,12931
Ugyn8DeaVGycUc9x--V4AaABAg,6D__H_DO2Xk,@mwgiannini34,"The very first iphone was a ""combination of three other products"" per Steve Job's famous reveal. Even had the matching pricing strategy of adding their prices all together... I'm excited to see the $10,000 phone that is also a laptop and glasses in 2040.",1,2026-09-18T06:41:29Z,Marques Brownlee,Technology,iPhone Duo: What We Missed!,12364878,153008,12931
UgzIdIwe4oKLuqOCFyt4AaABAg,6D__H_DO2Xk,@plutack,"0:34 Well, that explains why it is priced as both",373,2026-09-12T21:56:20Z,Marques Brownlee,Technology,iPhone Duo: What We Missed!,12364878,153008,12931
Ugy1SHYc0CvBaLFPZFh4AaABAg,6D__H_DO2Xk,@gabeslenses,The look on your face as he explained was priceless 😂,23,2026-09-15T00:08:28Z,Marques Brownlee,Technology,iPhone Duo: What We Missed!,12364878,153008,12931
UgyEbDJqjJjZTSVPi-x4AaABAg,6D__H_DO2Xk,@omar_thanawy,4:03 say that again 🗣️🗣️🗣️🔥,52,2026-09-13T01:45:19Z,Marques Brownlee,Technology,iPhone Duo: What We Missed!,12364878,153008,12931
UgxqkHsRkbN5XuVFTxd4AaABAg,6D__H_DO2Xk,@ViktorPetroOv,"The iPhone Duo makes way more sense after seeing how the software adapts when it opens.
It’s not just a bigger iPhone screen, which is what I expected at first.
The iPhone + iPad mini idea is actually pretty interesting.
Still a pricey first-gen product, but Apple definitely got my attention 😅",1,2026-09-18T12:33:53Z,Marques Brownlee,Technology,iPhone Duo: What We Missed!,12364878,153008,12931
UgyqXaGMJrzSOBRwuRV4AaABAg,6D__H_DO2Xk,@Deathsead747,Thanks Marques for highlighting the Apple Tax overseas. It's $3499 AUD which works out to be $2510 USD in Australia. Crazy to think how a MacBook Pro used to cost less than this!,258,2026-09-13T12:32:23Z,Marques Brownlee,Technology,iPhone Duo: What We Missed!,12364878,153008,12931
Ugxi3oitv-8653UW9at4AaABAg,6D__H_DO2Xk,@therealdia,"0:18 

Counterpoint: “A phone, an iPod, and a networking device” was how the iPhone was pitched back in 2007; literally a combination of products",322,2026-09-13T01:01:28Z,Marques Brownlee,Technology,iPhone Duo: What We Missed!,12364878,153008,12931
UgzbdH1jOHybPn5bdUF4AaABAg,6D__H_DO2Xk,@MikeBerliner,I’ve been living under a rock and still heard about it.,156,2026-09-13T08:38:05Z,Marques Brownlee,Technology,iPhone Duo: What We Missed!,12364878,153008,12931
UgwmIXMaA7qAWoDLCQ94AaABAg,6D__H_DO2Xk,@julianschmidt6669,The Intro was funny considering that the iPhone was originally presented as combining products phone computer and ipod,1,2026-09-17T08:41:02Z,Marques Brownlee,Technology,iPhone Duo: What We Missed!,12364878,153008,12931
UgwUhNOhwxliU-xI1kV4AaABAg,6D__H_DO2Xk,@AmirAli-s6b3k,Nice Job Marqweez.,526,2026-09-12T21:39:14Z,Marques Brownlee,Technology,iPhone Duo: What We Missed!,12364878,153008,12931
UgwqmxHEw5UfmvZWkl94AaABAg,6D__H_DO2Xk,@Leaf_Raker,"They've combined before. How could anyone forget the day they combined a phone, an ipod, and internet device?",148,2026-09-12T23:11:43Z,Marques Brownlee,Technology,iPhone Duo: What We Missed!,12364878,153008,12931
UgzghfdmhRRbYQRtvXd4AaABAg,6D__H_DO2Xk,@enekomh,"7:04 bear in mind the UK price includes taxes, and it's 20% VAT so the price before tax is close to 1666 quid which translates to 2250 usd",324,2026-09-12T22:09:31Z,Marques Brownlee,Technology,iPhone Duo: What We Missed!,12364878,153008,12931
Ugy5J8UJZlWQgGFNV4N4AaABAg,6D__H_DO2Xk,@mrsahilbawa,"Two of the smartest people in tech and none of them says that the use case is literally an iPad in your pocket (without carrying two devices). Also, Marques should have brought up Indian pricing...",3,2026-09-15T09:49:02Z,Marques Brownlee,Technology,iPhone Duo: What We Missed!,12364878,153008,12931
UgyPasWUX9y4AO_hY9p4AaABAg,6D__H_DO2Xk,@thematrixlunchhacker,"In Mexico it starts at $48,000 pesos which is roughly $2800 usd, literally affordable by less than 0.01% of the population considering the minimum wage per month. Obviously general population is not the target but it's insane either way",56,2026-09-13T01:19:07Z,Marques Brownlee,Technology,iPhone Duo: What We Missed!,12364878,153008,12931
UgwdT6R5NL2FUDiI1AV4AaABAg,6D__H_DO2Xk,@madelves,"6:15 Thank you Marques for saying the pricing in outside the US. In Indonesia it will be about almost 1.5x more. Finally someone said it, selling the phone to countries without the standard dollar incomes with more pricing is just insane

Edit: wow many people in other countries now speaking. Our current Indonesian pricing goes up by 3 million IDR from iPhone 17 at 17.249.000 from launch to now 20.499.000 (approx USD 1045 at launch to 1200 USD - Our rupiah also gets lower).",129,2026-09-13T01:39:43Z,Marques Brownlee,Technology,iPhone Duo: What We Missed!,12364878,153008,12931
UgwxuvfQ5LCibupvLsB4AaABAg,6D__H_DO2Xk,@misterJBD,They said the same thing when they were asked about the iPod and iPhone and eventually the iPhone made the iPod obsolete,294,2026-09-12T22:14:49Z,Marques Brownlee,Technology,iPhone Duo: What We Missed!,12364878,153008,12931
UgzuBBOt095vZcp5KDd4AaABAg,6D__H_DO2Xk,@slosher6394,The iPhone product line is so stacked rn. I think that's what they're going for. There's something for everyone and everything does more than needed.,0,2026-09-15T19:21:53Z,Marques Brownlee,Technology,iPhone Duo: What We Missed!,12364878,153008,12931
UgzAFJ1bZjhZGuyLTG14AaABAg,6D__H_DO2Xk,@jonjohnson2844,"The US price doesn't include tax, the UK price includes 20% VAT - still more expensive, but it's always been that way, £ price usually matches the $ before tax price.",304,2026-09-12T21:53:28Z,Marques Brownlee,Technology,iPhone Duo: What We Missed!,12364878,153008,12931
Ugxi-YfzJhJdUDfNGHB4AaABAg,6D__H_DO2Xk,@gerrymcguire7494,"Since I am left handed, and have used my left hand to navigate iPhone since 2007; I feel a level of hostility in this design. .",7,2026-09-13T17:04:12Z,Marques Brownlee,Technology,iPhone Duo: What We Missed!,12364878,153008,12931
UgybLxi-Id_IzbzeZrF4AaABAg,6D__H_DO2Xk,@maxziebell4013,"Great video, totally sold me. Also, this is the first time Craig looked a little older to me, and I can see why they passed the baton to someone younger. Craig is the best!",8,2026-09-13T10:04:01Z,Marques Brownlee,Technology,iPhone Duo: What We Missed!,12364878,153008,12931
UgzwiJxPRxCouW6_iVR4AaABAg,6D__H_DO2Xk,@Okand2,"The most exciting thing about this phone is that when closed it is a modern iphone that is smaller than 6 inches.
(having the big screen sometimes is probably also nice)",0,2026-09-16T09:22:02Z,Marques Brownlee,Technology,iPhone Duo: What We Missed!,12364878,153008,12931
UgwU2JvuYIIr97ozm8l4AaABAg,6D__H_DO2Xk,@ManunKanava,"7:10 For most of outside the US prices, it also include the VAT. So of course they are seemingly quite a lot bigger and tax might be higher there. Finland has 25.5% VAT and the price is 2419€ (2922 USD) and without tax it would be 1922€ (2229 USD). Still about 10% higher, but yeah. Remember that most prices outside the US include tax. The UK exemple for sure has tax included.",189,2026-09-13T08:32:40Z,Marques Brownlee,Technology,iPhone Duo: What We Missed!,12364878,153008,12931
UgwMSuy20TfiiHxOwkd4AaABAg,6D__H_DO2Xk,@asiimwegeofrey2348,Year 2026 $2000 [ Duo] is for real..thanks for keeping us updated Brownlee,12,2026-09-13T06:45:54Z,Marques Brownlee,Technology,iPhone Duo: What We Missed!,12364878,153008,12931
UgwqmaGfvfNHTf7ataN4AaABAg,6D__H_DO2Xk,@NetoPizzaria,"6:55 in Brazil it starts at 22k BRL, witch is 4300 USD!!!",9,2026-09-13T03:44:27Z,Marques Brownlee,Technology,iPhone Duo: What We Missed!,12364878,153008,12931
UgyCbvOotCgwThKkXzB4AaABAg,6D__H_DO2Xk,@JevVan,"7:30, Marques!  Great question!",0,2026-09-15T15:17:56Z,Marques Brownlee,Technology,iPhone Duo: What We Missed!,12364878,153008,12931
UgyJ12PzvRyJFsFt5YR4AaABAg,6D__H_DO2Xk,@xtuff501,Marques' skeptical face @8:56... 😂 So much for polite poker face.,60,2026-09-12T22:19:50Z,Marques Brownlee,Technology,iPhone Duo: What We Missed!,12364878,153008,12931
UgwSzWq8xRYAE7k_mwV4AaABAg,6D__H_DO2Xk,@nimas2866,Marques in the Apple Park with Hasselblad logo on T-shirt,54,2026-09-13T09:37:18Z,Marques Brownlee,Technology,iPhone Duo: What We Missed!,12364878,153008,12931
Ugxknjf26paEhq5KXxt4AaABAg,6D__H_DO2Xk,@pratikjiwane7713,9:24 Its not the factory apps that matter. Its the 3rd party apps like for designing or content viewing/editing that will matter whether people would choose between iPad or a foldable iPhone.,32,2026-09-13T07:27:42Z,Marques Brownlee,Technology,iPhone Duo: What We Missed!,12364878,153008,12931
UgwPzeXlnwx37MHb2mJ4AaABAg,6D__H_DO2Xk,@LCDaniels7,"""Kind of how the First Duo was not for everyone."" --Love the green bird ref!",0,2026-09-23T16:24:57Z,Marques Brownlee,Technology,iPhone Duo: What We Missed!,12364878,153008,12931
Ugx6AtRRgFEUrbhZlv14AaABAg,6D__H_DO2Xk,@dudabhering,"In Brasil it is starting at R$21,999 - that’s $4,200USD!",229,2026-09-13T00:00:14Z,Marques Brownlee,Technology,iPhone Duo: What We Missed!,12364878,153008,12931
UgyYm76ARKqgEtNRRCl4AaABAg,6D__H_DO2Xk,@theyoogle,"in India - iPhone Dua Base model is $3140 = INR 3,00,000",230,2026-09-13T03:39:56Z,Marques Brownlee,Technology,iPhone Duo: What We Missed!,12364878,153008,12931
Ugz2RCJAa_gAT9L2uFp4AaABAg,6D__H_DO2Xk,@aquint5554,"For me, I love that's its a small pocketable tablet. Makes it very ideal for traveling where you just don't want to carry a tablet, a phone, and a PC.",170,2026-09-12T22:42:32Z,Marques Brownlee,Technology,iPhone Duo: What We Missed!,12364878,153008,12931
Ugzk5zGjo5_H5uanR5F4AaABAg,6D__H_DO2Xk,@bluebellwild,"I think one of the fun things about tech is that use cases often emerge from the community, particularly niche communities. A lot of people thought the iPad mini was silly but it's become a go-to in so many niche communities. Foldables have been popular in niches for awhile. Apple's entry potentially expands that to more communities.",0,2026-09-15T18:31:16Z,Marques Brownlee,Technology,iPhone Duo: What We Missed!,12364878,153008,12931
UgxmBVDVnidfD_2m8ml4AaABAg,6D__H_DO2Xk,@JayWrite-c9r,"Marques: “So I’ve been using this device for two weeks.” 

Craig: “hold my beer.”",63,2026-09-13T22:10:15Z,Marques Brownlee,Technology,iPhone Duo: What We Missed!,12364878,153008,12931
Ugzzd8F547tAql7RY2J4AaABAg,6D__H_DO2Xk,@dakos01,"I love these more analytical videos, not so focused on the hardware but on the concept and the idea of the product.",33,2026-09-13T02:53:19Z,Marques Brownlee,Technology,iPhone Duo: What We Missed!,12364878,153008,12931
UgyNtr6m6vQj2U_LF1d4AaABAg,6D__H_DO2Xk,@InvictusRed1911,"1:24 hey editors, I saw that 😂",269,2026-09-12T23:12:32Z,Marques Brownlee,Technology,iPhone Duo: What We Missed!,12364878,153008,12931
UgwdAWQyJRackkRUalN4AaABAg,6D__H_DO2Xk,@hisokadajoka6469,"Truly amazing to see you interviewing lead Apple employees.  I remember you showing me how to make my Samsung Note 2 look way better, and the reason why I use D brand skins only.  ❤",0,2026-09-18T11:31:11Z,Marques Brownlee,Technology,iPhone Duo: What We Missed!,12364878,153008,12931
UgyqwZw3zcN34Kn1Fk94AaABAg,6D__H_DO2Xk,@stephenthomsen8565,This is a great value proposition for someone who can / needs to work from their phone out in the field. Carry one device that can do 90%+ of what you need.,5,2026-09-13T14:13:07Z,Marques Brownlee,Technology,iPhone Duo: What We Missed!,12364878,153008,12931
UgytZryMt1Z3pI5__h94AaABAg,6D__H_DO2Xk,@wynfar,i really admire how marques plays in the exec's court when he gets to sit down with them at these events. you see other interviews where they try and get a 'gotcha' out of them by trying to ask about future products or whatever. they're obviously not going to talk about those. it's way more interesting to me to hear what craig chooses to say when asked 'is there anything else you want the public to know',16,2026-09-12T23:43:25Z,Marques Brownlee,Technology,iPhone Duo: What We Missed!,12364878,153008,12931
UgxWXlC3m3q3CdKK3N14AaABAg,6D__H_DO2Xk,@pj7620,2:36 it’s interesting people forget that they have actually stepped on toes of their own products previously as well,21,2026-09-13T06:59:26Z,Marques Brownlee,Technology,iPhone Duo: What We Missed!,12364878,153008,12931
Ugw9Z1m5U4Nty5bDVg14AaABAg,6D__H_DO2Xk,@Yourcomedyy007,"4:15 I do agree with this guy though. It’s not a question about what it could replace, it’s question of how it’s used. Every single person I know that has a foldable phone also has a tablet. It just depends on how much you actually use your phone when you’re out and about, and whether you would benefit from a bigger screen in the spur of the moment. Once the cool factor wears off, you really learn how practical it is to have a phone that literally folds in half. There is a market for it though. And I don’t think it will at all saturate the market with iPads. this will be the real test of foldable smartphones because now that Apple has one a lot more people are willing to try one. Time will tell.",1,2026-09-18T09:15:08Z,Marques Brownlee,Technology,iPhone Duo: What We Missed!,12364878,153008,12931
UgwWr-u3yCT-fVcLuYt4AaABAg,6D__H_DO2Xk,@balaclavareviews4755,"Instead of a past paced review, this feels like more of a deep dive into the product as a whole. I love these sorts of videos! Don't be afraid to make them longer too!",131,2026-09-12T21:51:46Z,Marques Brownlee,Technology,iPhone Duo: What We Missed!,12364878,153008,12931
Ugz26eEGEF_2NdsRRfB4AaABAg,6D__H_DO2Xk,@bengaltiger6987,"As a physician, I use both iPhone 13 mini for the one handed messaging, and iPad Mini 6 (with Apple Pencil) for rounds/patients, which fits PERFECTLY in my white coat. I actually despised the iPhone Duo when it came out, but now I am thinking this is actually an amazing product for my particular use case. Plus the titanium is naturally hypoallergenic and highly-biocompatible. Hmm....",79,2026-09-13T02:34:55Z,Marques Brownlee,Technology,iPhone Duo: What We Missed!,12364878,153008,12931
UgzSC7OfFPM4IYAUgPN4AaABAg,6D__H_DO2Xk,@venanciolvr,"6:35 You don’t even want to know the price in Brazil 💀🇧🇷 R$21,999 = about US$4,300. We’re paying more than twice the US price 😭",284,2026-09-12T21:52:40Z,Marques Brownlee,Technology,iPhone Duo: What We Missed!,12364878,153008,12931
UgxuB0tmFzZIw9zpFYd4AaABAg,6D__H_DO2Xk,@Uisgoodholmes,I can see this phone popping off in the aviation industry,0,2026-09-16T04:28:53Z,Marques Brownlee,Technology,iPhone Duo: What We Missed!,12364878,153008,12931
Ugzp9zwbY4bZd9iy1Hp4AaABAg,6D__H_DO2Xk,@NomadicJulien,"Price comparison in usd. (If we remove the sales tax from all the prices)

United States - $1,999
Hong Kong - $2,232
Canada - $2,280
UAE - $2,204
Malaysia - $2,123
Taiwan - $2,263
Japan - $2,161
China - $2,110
Thailand - $2,270
Singapore - $2,250
New Zealand - $2,136
South Korea - $2,235
Switzerland - $2,286
Vietnam - $2,282
Australia - $2,297
Germany - $2,248
United Kingdom - $2,258
France - $2,268
Sweden - $2,251
India - $2,672
Brazil - $3,511",128,2026-09-13T06:35:36Z,Marques Brownlee,Technology,iPhone Duo: What We Missed!,12364878,153008,12931
UgwbaOrSEPrypdkaLNd4AaABAg,6D__H_DO2Xk,@rogeriogomesosorio4755,"7:27 Yes, the price is much higher on many European countries. Here, in Portugal, the entry level is 2399 euros… and, there’s no leasing plan outside the USA, if I’m not mistaken. so, I see many people that normally would change their phones every year, not buying new phones now. It’s just crazy how expensive they become.",4,2026-09-13T21:41:14Z,Marques Brownlee,Technology,iPhone Duo: What We Missed!,12364878,153008,12931
UgxzpkEEUjOTwu-MfsF4AaABAg,6D__H_DO2Xk,@josekanucee1428,Screen protectors: ”You want me to do what?”,137,2026-09-12T21:45:17Z,Marques Brownlee,Technology,iPhone Duo: What We Missed!,12364878,153008,12931
UgycF_Qu760FkZXsj8V4AaABAg,Mb6H7trzMfI,@SeanHogan_frijole,It took Xiaomi less than 5 years from zero to produce this car. Apple took 10 and gave up.,31347,2025-12-06T01:09:26Z,Marques Brownlee,Technology,Driving Xiaomi's Electric Car: Are we Cooked?,11973161,279620,26877
UgxOrcE2oofF5EZkp9V4AaABAg,Mb6H7trzMfI,@danielmoksmann5654,"13:44 It's generally bad when the answer to ""Are we cooked?"" is ""No because they don't sell this here yet."" 😂",36986,2025-12-05T22:37:40Z,Marques Brownlee,Technology,Driving Xiaomi's Electric Car: Are we Cooked?,11973161,279620,26877
Ugylalva-6-YGWOyUy54AaABAg,Mb6H7trzMfI,@kaiperdaens7670,"Bro America would just ban this for ""privacy and safety"" reasons",16450,2025-12-06T07:56:19Z,Marques Brownlee,Technology,Driving Xiaomi's Electric Car: Are we Cooked?,11973161,279620,26877
Ugz9UOyLKhrigy0-pqx4AaABAg,Mb6H7trzMfI,@mateynine4230,They don't just cook us. They deep fry and crisp the western auto industry,873,2026-04-26T23:05:23Z,Marques Brownlee,Technology,Driving Xiaomi's Electric Car: Are we Cooked?,11973161,279620,26877
UgwtVK6fLIJfAubpZJd4AaABAg,Mb6H7trzMfI,@Jack_the_fruit,AND That's not even the ultra one.😅,28416,2025-12-06T06:11:51Z,Marques Brownlee,Technology,Driving Xiaomi's Electric Car: Are we Cooked?,11973161,279620,26877
UgxYKi9dMQZ5W2s8gCp4AaABAg,Mb6H7trzMfI,@ReadFenton,Having notifications on top in one speaker and not interrupting the audio content sounds amazing.,16700,2025-12-05T22:32:24Z,Marques Brownlee,Technology,Driving Xiaomi's Electric Car: Are we Cooked?,11973161,279620,26877
UgwbAg3g-usjL_kAPKh4AaABAg,Mb6H7trzMfI,@ChiefKeith92,As a Filipino they got me at the karaoke,4802,2025-12-07T12:49:14Z,Marques Brownlee,Technology,Driving Xiaomi's Electric Car: Are we Cooked?,11973161,279620,26877
UgzfBn9yDKnHikrEbzp4AaABAg,Mb6H7trzMfI,@Sheesh0heng,"My friend from Ecuador who's a big traveller and backpacker visited China recently, and when he came back he said he couldn't believe how fking innovated their tech industry was compared to the US, he went across Shenzhen, Guangzhou, Hongkong, Beijing, and Shanghai, and said he felt way safer in China than in all of America from North to South, apparently in Latin America, Chinas EV's are dominating everywhere, but I'm so hyped to try out their Xiaomi car holy sht.",145,2026-06-05T10:16:35Z,Marques Brownlee,Technology,Driving Xiaomi's Electric Car: Are we Cooked?,11973161,279620,26877
UgyT82L2u-Ak7Ds7tGJ4AaABAg,Mb6H7trzMfI,@_winston_smith_,The US car industry was cooked in the 1970s.  The only reason US automakers still exist is tariffs.,9067,2025-12-05T23:06:14Z,Marques Brownlee,Technology,Driving Xiaomi's Electric Car: Are we Cooked?,11973161,279620,26877
UgyWSmps36J6y1gJsct4AaABAg,Mb6H7trzMfI,@suns1457,"$75,000 dollars? Bro, that's like $120,000 car if not more if it was built by Mercedes or Porsche. This is a wild wild spec for a car that's $42,000",8144,2025-12-06T09:21:12Z,Marques Brownlee,Technology,Driving Xiaomi's Electric Car: Are we Cooked?,11973161,279620,26877
UgyvMrF7PNAkiZ72Kw94AaABAg,Mb6H7trzMfI,@Zirescu,An actual door handle!!!,24786,2025-12-05T21:47:39Z,Marques Brownlee,Technology,Driving Xiaomi's Electric Car: Are we Cooked?,11973161,279620,26877
Ugz6rsCp6Bwm_iY-9ZJ4AaABAg,Mb6H7trzMfI,@Mexico013,"These Chinese cars are so good and cheap that they would destroy the American car industry. So we, consumers, can’t have something great like this car because American car companies lobby the government to prevent them from being sold here.",664,2026-04-16T06:06:18Z,Marques Brownlee,Technology,Driving Xiaomi's Electric Car: Are we Cooked?,11973161,279620,26877
UgwrXe4tsOskwnigAwV4AaABAg,Mb6H7trzMfI,@iamsocial4340,I haven't seen Marques this excited in a car video is a while.  You can tell this EV impressed him.  Props to Xiaomi.,6534,2025-12-05T22:20:24Z,Marques Brownlee,Technology,Driving Xiaomi's Electric Car: Are we Cooked?,11973161,279620,26877
UgwVAYmpxkxXHu_eOW14AaABAg,Mb6H7trzMfI,@MrAldiyar,"As an owner of a Xiaomi SU7 Max from Almaty, Kazakhstan, for the past 6 months, I gotta say I absolutely love it!",3590,2025-12-06T12:42:15Z,Marques Brownlee,Technology,Driving Xiaomi's Electric Car: Are we Cooked?,11973161,279620,26877
UgxAM571N5YqjInDzp14AaABAg,Mb6H7trzMfI,@renold5033,"thanks for letting people know how much we are missing out, again, in a free market.",2611,2025-12-07T23:22:56Z,Marques Brownlee,Technology,Driving Xiaomi's Electric Car: Are we Cooked?,11973161,279620,26877
Ugw2abBqzCVScsxfO0x4AaABAg,Mb6H7trzMfI,@naqiyjones6775,An American company would charge 100k for this,78,2026-03-17T00:41:07Z,Marques Brownlee,Technology,Driving Xiaomi's Electric Car: Are we Cooked?,11973161,279620,26877
Ugyt010mwFw7Uj_kFVx4AaABAg,Mb6H7trzMfI,@racer247,"Ford's CEO said this already, y'all thought he was joking. 😂",3333,2025-12-08T02:54:46Z,Marques Brownlee,Technology,Driving Xiaomi's Electric Car: Are we Cooked?,11973161,279620,26877
Ugx78tm57S4NzNuXumd4AaABAg,Mb6H7trzMfI,@cron1165,Coming to Canada now 👍,2848,2026-01-17T02:11:39Z,Marques Brownlee,Technology,Driving Xiaomi's Electric Car: Are we Cooked?,11973161,279620,26877
UgwvBNt_AHiw_fXOeHF4AaABAg,Mb6H7trzMfI,@ColinCreighton,Hm. A car video on the main channel? This should be interesting!,6565,2025-12-05T21:44:33Z,Marques Brownlee,Technology,Driving Xiaomi's Electric Car: Are we Cooked?,11973161,279620,26877
UgxDrJNu-xSl5CxXWcV4AaABAg,Mb6H7trzMfI,@OnePapiroMan474,"In 14:10 he says smth like ""in US this would be like 72k instead of 42k"" dude, here in Brazil a car like that would never be sold under 500 grands, Toyota Corolla and Honda Civic are rich people driving cars here. Great video as always. Expect Brazil to be a great place once again and we could have nice stuff.",4,2026-08-09T23:02:50Z,Marques Brownlee,Technology,Driving Xiaomi's Electric Car: Are we Cooked?,11973161,279620,26877
UgzjSaBQI0WxoZ87Wp94AaABAg,Mb6H7trzMfI,@Camtheman230,Companies here must be so happy that the USA Free market has practically banned this car at the intended price. Gotta love it here...,5618,2025-12-05T22:04:06Z,Marques Brownlee,Technology,Driving Xiaomi's Electric Car: Are we Cooked?,11973161,279620,26877
UgzSkLr17wVPKin-w9d4AaABAg,Mb6H7trzMfI,@AlphaMaleZoneChannel,The craziest part isn't the speed or the screens—it's the price. You're getting Porsche specs for Model 3 prices. We aren't just cooked; we're deep-fried,1788,2025-12-14T04:38:47Z,Marques Brownlee,Technology,Driving Xiaomi's Electric Car: Are we Cooked?,11973161,279620,26877
UgyEHtED51ycrXRJqat4AaABAg,Mb6H7trzMfI,@bigbigdog,This the same car Ford CEO said he loves?,5370,2025-12-06T03:18:14Z,Marques Brownlee,Technology,Driving Xiaomi's Electric Car: Are we Cooked?,11973161,279620,26877
UgwTygzWjqr4WiLORPF4AaABAg,Mb6H7trzMfI,@amcool8,"Came here for the car review , stayed for the cinematography.

That cinematography is insanely good! Great job 🔥",3,2026-04-23T13:00:01Z,Marques Brownlee,Technology,Driving Xiaomi's Electric Car: Are we Cooked?,11973161,279620,26877
Ugyv5QQQc2Pumq4BWJ14AaABAg,Mb6H7trzMfI,@tanyalouisereynolds2920,Xiaomi President Lei Jun just mentioned your channel's commentary during a live stream.,355,2026-01-15T12:20:45Z,Marques Brownlee,Technology,Driving Xiaomi's Electric Car: Are we Cooked?,11973161,279620,26877
Ugx6Somjp2Rz_LJy0wh4AaABAg,Mb6H7trzMfI,@jasonleo6582,"Coming to Canada in less than 1 months, BYD, xiaomi, zeekr,Li auto",265,2026-01-29T17:16:21Z,Marques Brownlee,Technology,Driving Xiaomi's Electric Car: Are we Cooked?,11973161,279620,26877
UgzyFAAHYmIq3LbY_Pt4AaABAg,Mb6H7trzMfI,@Infinity_Plus_One,You know shit is serious if Marques is uploading auto focus vids on the MKBHD channel,1927,2025-12-06T10:34:58Z,Marques Brownlee,Technology,Driving Xiaomi's Electric Car: Are we Cooked?,11973161,279620,26877
Ugwc2NZsPWHMipxSorh4AaABAg,Mb6H7trzMfI,@AltynBoks,"А теперь представьте, что будет если к нему на обзор попадёт Li Xiang или Zeekr",5,2026-08-10T11:37:52Z,Marques Brownlee,Technology,Driving Xiaomi's Electric Car: Are we Cooked?,11973161,279620,26877
UgxXcTqDoLhwqd5QxTt4AaABAg,Mb6H7trzMfI,@Steve-zo3xm,OH YEAH Canada just made a deal with China - we dropped our 100% EV Tariff down to 6.1% I will be driving one this year eh!,650,2026-01-16T17:31:21Z,Marques Brownlee,Technology,Driving Xiaomi's Electric Car: Are we Cooked?,11973161,279620,26877
Ugx7SRyS3gWCpOxFvsV4AaABAg,Mb6H7trzMfI,@Xolerys,We’ve been conditioned to think these cars should cost 100k+… it doesn’t have to be this way.,585,2026-01-18T21:25:22Z,Marques Brownlee,Technology,Driving Xiaomi's Electric Car: Are we Cooked?,11973161,279620,26877
Ugw1m0a_0hzQ-uww1OF4AaABAg,Mb6H7trzMfI,@tlathrop7753,"The fact that a $42,000 car has a quieter cabin, Alcantara headliner, modular accessories, and a navigation system that only speaks to the driver's headrest speaker (leaving the music untouched) [06:06] pretty much confirms the answer to the video's title. Yes, the competition is cooked.",3644,2025-12-05T22:11:04Z,Marques Brownlee,Technology,Driving Xiaomi's Electric Car: Are we Cooked?,11973161,279620,26877
UgwXrp-X8mnlGgrAaIB4AaABAg,Mb6H7trzMfI,@adil-lm6et,This feels like a One + One moment for cars,1,2026-09-25T22:47:03Z,Marques Brownlee,Technology,Driving Xiaomi's Electric Car: Are we Cooked?,11973161,279620,26877
UgyEReET_rnyawG88QN4AaABAg,Mb6H7trzMfI,@lukewebber5562,"""You can also put the wing up and down"". How about a spoiler alert dude?",995,2025-12-08T08:34:47Z,Marques Brownlee,Technology,Driving Xiaomi's Electric Car: Are we Cooked?,11973161,279620,26877
UgyKmJQjdbiS6ei5PKl4AaABAg,Mb6H7trzMfI,@GameParodiesination,As a Canadian seeing the news today and seeing the quality of this car. Yes ya'll are cooked.,818,2026-01-17T00:02:12Z,Marques Brownlee,Technology,Driving Xiaomi's Electric Car: Are we Cooked?,11973161,279620,26877
UgyoZx2uTeB_lwlIJMZ4AaABAg,Mb6H7trzMfI,@RobWVideo,"My parents just spent about $US24k on a BYD EV in Australia. It's not a premium car, but it has a lot of the traditional premium features like wireless carplay, glass roof (with a powered sunshade), large centre screen with 360 camera view and advanced driver assistance features. It won't tear your face off with insane acceleration, but it will get 260+ miles of range and they charge it for free from their house rooftop solar panels.",2440,2025-12-06T02:02:41Z,Marques Brownlee,Technology,Driving Xiaomi's Electric Car: Are we Cooked?,11973161,279620,26877
UgzdbnnqhtabPxGh_nN4AaABAg,Mb6H7trzMfI,@PrabhatKarthikeyan,"Love this car, wish this was available in the US",4,2026-05-29T06:24:20Z,Marques Brownlee,Technology,Driving Xiaomi's Electric Car: Are we Cooked?,11973161,279620,26877
Ugx6p9yUAh8oTjWbLEl4AaABAg,Mb6H7trzMfI,@Obliq-t7s,"You pulled back the veil of delusion.  We're supposed to believe the $100,000 pickup truck is because of inflation.",2021,2025-12-09T02:31:09Z,Marques Brownlee,Technology,Driving Xiaomi's Electric Car: Are we Cooked?,11973161,279620,26877
Ugw1V8WjrL_NAoC1c8F4AaABAg,Mb6H7trzMfI,@positronicbeats,in Mexico City i have seen more BYD cars in the last 2 years than teslas in my whole life. Is not a competition AT ALL,1085,2025-12-15T19:12:10Z,Marques Brownlee,Technology,Driving Xiaomi's Electric Car: Are we Cooked?,11973161,279620,26877
Ugy7_LcsP0xHKeZ5WKB4AaABAg,Mb6H7trzMfI,@reinhardomogware6707,"No bushes today, I guess that means shi got serious",1754,2025-12-05T21:48:21Z,Marques Brownlee,Technology,Driving Xiaomi's Electric Car: Are we Cooked?,11973161,279620,26877
UgwzJD59j3mi7-lHqpl4AaABAg,Mb6H7trzMfI,@persistentone3448,"Responding to your comment at 14:15, there actually is bleeding-edge tech that no one else can replicate.   They actually designed a new metal to replace aluminum that allows them to cast the entire floor as a single part.   The alloy they developed is revolutionary, and its capabilities cannot be duplicated by any aluminum casting process.",34,2026-04-27T05:48:43Z,Marques Brownlee,Technology,Driving Xiaomi's Electric Car: Are we Cooked?,11973161,279620,26877
UgxyhJcYePny4-nNZih4AaABAg,Mb6H7trzMfI,@0.0LEE-n8i,"In China, the base model with a 700km range is priced at RMB 215,900 (US$31,000), the mid-range model at RMB 245,900 (US$35,500), and the top-of-the-line model at RMB 299,900 (US$43,400).",324,2026-02-20T15:42:57Z,Marques Brownlee,Technology,Driving Xiaomi's Electric Car: Are we Cooked?,11973161,279620,26877
UgzJVh7r-EGzE7TgOKZ4AaABAg,Mb6H7trzMfI,@NateFord,"3:50 actual buttons, knobs and switches? Count me in.",991,2025-12-06T22:06:58Z,Marques Brownlee,Technology,Driving Xiaomi's Electric Car: Are we Cooked?,11973161,279620,26877
UgwiT34iNBdDNkYwtpF4AaABAg,Mb6H7trzMfI,@pudgimelon,"I live in Thailand. There are almost no American cars on the road. Occassionally you might see a Tesla, but Ford and Chevy? No way. Meanwhile, BYD, Neta and MG are everywhere.",1154,2025-12-30T04:39:00Z,Marques Brownlee,Technology,Driving Xiaomi's Electric Car: Are we Cooked?,11973161,279620,26877
UgwgGtHXXmM_S1dfpol4AaABAg,Mb6H7trzMfI,@ahens0002,its more beautiful from inside than outside.,4,2026-05-04T13:32:56Z,Marques Brownlee,Technology,Driving Xiaomi's Electric Car: Are we Cooked?,11973161,279620,26877
UgzujRl7A0YMytxdrX94AaABAg,Mb6H7trzMfI,@thsGuy,Just the smile on his face and I know how awesome it really is 😭,346,2025-12-06T04:23:47Z,Marques Brownlee,Technology,Driving Xiaomi's Electric Car: Are we Cooked?,11973161,279620,26877
Ugx4xGcKKJxak1OfKDJ4AaABAg,Mb6H7trzMfI,@Guy-Chap-Man,"2.5m views in 18 hours, damn this is gonna be a good one",807,2025-12-06T16:34:05Z,Marques Brownlee,Technology,Driving Xiaomi's Electric Car: Are we Cooked?,11973161,279620,26877
UgwLEIDfqcdBZu7FlCR4AaABAg,Mb6H7trzMfI,@artoo45,"I’m in my 60s, so I remember back when I was a kid and “made in Japan“ was kind of an insult. Of course, by the 70s and 80s made in Japan meant it was high quality. We’ve seen the same thing with Hyundai and the Korean industries, now it’s China’s turn to show up with high-quality low cost items.",1155,2025-12-06T18:49:01Z,Marques Brownlee,Technology,Driving Xiaomi's Electric Car: Are we Cooked?,11973161,279620,26877
Ugxb8D5iNTs_XvABFlF4AaABAg,Mb6H7trzMfI,@roadGWag,"Dude they sold me on the interior. That car play feature looks sick mannn, love how they integrated the screen mirroring from the phone absolute bonkers",0,2026-06-04T16:03:52Z,Marques Brownlee,Technology,Driving Xiaomi's Electric Car: Are we Cooked?,11973161,279620,26877
UgzA1X53Sg5TP4UpfLV4AaABAg,Mb6H7trzMfI,@Richrichyi,"When I test drove this car, what blew me away was how the software and the car reacts on vocal demands. It could act on up to a dozen commands at the same time… “turn the volume up, set the passenger massage to level 2, turn on my heated seat, turn on the reading light on the right back passenger, roll down my window half way down….etc”…all at the same time.",710,2025-12-06T09:29:04Z,Marques Brownlee,Technology,Driving Xiaomi's Electric Car: Are we Cooked?,11973161,279620,26877
UgzN06xsC9nST4f9AQp4AaABAg,Mb6H7trzMfI,@Noosaboosa,I’ve been traveling around china the past month and i’m never not amazed every time i get in a ride share in an electric car like this and get driven like 10km for $4 😂,1547,2025-12-06T01:14:50Z,Marques Brownlee,Technology,Driving Xiaomi's Electric Car: Are we Cooked?,11973161,279620,26877
Ugx5QmSeCfGEVRyS8X54AaABAg,Mb6H7trzMfI,@Deandzzzzzz,"Visited China earlier this year and a friend of mine sold his BMW sedan and bought a Xiaomi SU7 standard as a replacement. I was lucky to sit behind the wheel and gave it a test drive. All I can say is HOLY 💩 never expect the drive dynamic, handling and suspension to be THIS GOOD. At its price point I was blown away even more. If Xiaomi cars are ever launched in Australia I will put my order in IMMEDIATELY. NO HESITATION!",672,2025-12-20T02:51:14Z,Marques Brownlee,Technology,Driving Xiaomi's Electric Car: Are we Cooked?,11973161,279620,26877
UgwEFQht_O82hzyq_5d4AaABAg,Mb6H7trzMfI,@Mr99829,From Canada..we are looking forward to the cars arriving shortly.,50,2026-04-19T15:22:22Z,Marques Brownlee,Technology,Driving Xiaomi's Electric Car: Are we Cooked?,11973161,279620,26877
UgwB1m_ETkGATywcnfd4AaABAg,Mb6H7trzMfI,@AK47-Hilux,The Ultra version of this car broke the world record at the  Nürburgring btw,802,2025-12-06T15:11:04Z,Marques Brownlee,Technology,Driving Xiaomi's Electric Car: Are we Cooked?,11973161,279620,26877
UgxbO_rLJTaMtHg48L54AaABAg,Mb6H7trzMfI,@StatswithSimon,25 speakers in a car at this price point is top-notch! 😌,115,2025-12-29T23:42:26Z,Marques Brownlee,Technology,Driving Xiaomi's Electric Car: Are we Cooked?,11973161,279620,26877
UgyIjOwiNnUwecCSi-N4AaABAg,Mb6H7trzMfI,@cookin1965,"Apart from how good the car is, this is just an excellent car review!",79,2025-12-07T14:53:06Z,Marques Brownlee,Technology,Driving Xiaomi's Electric Car: Are we Cooked?,11973161,279620,26877
UgxG1cfx8TUHwwSjQYZ4AaABAg,Mb6H7trzMfI,@taylordglass,I like how the door opens like our normal car,3,2026-04-25T16:33:23Z,Marques Brownlee,Technology,Driving Xiaomi's Electric Car: Are we Cooked?,11973161,279620,26877
UgwxXws4ua7t33ae-R14AaABAg,Mb6H7trzMfI,@ivanuski15,"have never seen MKBHD give a car review with little to no critiques, that's saying something!",671,2025-12-06T06:37:09Z,Marques Brownlee,Technology,Driving Xiaomi's Electric Car: Are we Cooked?,11973161,279620,26877
Ugz9fbI3CGNZXCRx4vl4AaABAg,Mb6H7trzMfI,@adgurl01,"14:31 I currently live in China and I see these cars all the time. The one complaint that I have heard about this car and other EVs made in China, is the battery life…it’s not as sufficient (outside of mainland China) and it touches on your point about how the materials in the car are “normal car parts”. Xiaomi can use a more simple battery because of the electric car infrastructure that is in place here in China. You’re not gonna have to drive hundreds of miles to find a charging station because they are literally EVERYWHERE—parking lots, gas stations, places of work, apartment communities,schools—EVERYWHERE which allows a more normal battery keeping the costs low. ❤",1091,2025-12-06T01:16:38Z,Marques Brownlee,Technology,Driving Xiaomi's Electric Car: Are we Cooked?,11973161,279620,26877
Ugyc88hrDTklIRU_RZF4AaABAg,Mb6H7trzMfI,@vijayRT,The driving sequences through the fall colors gives me Forza Horizon 4 intro vibes.,156,2025-12-05T23:53:09Z,Marques Brownlee,Technology,Driving Xiaomi's Electric Car: Are we Cooked?,11973161,279620,26877
UgykXAIVJh1njG1rzqR4AaABAg,Mb6H7trzMfI,@SonuKumar-t6l2g,Respect for all the effort behind this.,1,2026-09-21T02:51:20Z,Marques Brownlee,Technology,Driving Xiaomi's Electric Car: Are we Cooked?,11973161,279620,26877
UgzQWOuFTrWDEbDtvRR4AaABAg,Mb6H7trzMfI,@philbranagan3137,"Cool car. I was in Shanghai in 2024 and dropped in to a major Xiaomi retail store downtown. On one side people were buying phones, on the other the SU7 was on display. From what I gathered, people were going over to the 'car' side of the showroom, sitting in the car for a few minutes and then signing up to buy one -- while a sales person cleaned the car for a minute for the next customers. No wonder there was a 12 month waiting list when the car went on sale",344,2025-12-05T23:25:00Z,Marques Brownlee,Technology,Driving Xiaomi's Electric Car: Are we Cooked?,11973161,279620,26877
Ugypb5iK0Eom6lZVD1B4AaABAg,Mb6H7trzMfI,@dilanl169-f4i,I have to say this is an honest review of Xiaomi car. At 42k us it will obliviate the US car market.,582,2025-12-07T00:25:26Z,Marques Brownlee,Technology,Driving Xiaomi's Electric Car: Are we Cooked?,11973161,279620,26877
Ugy0YTxU8rfX-tH8k8N4AaABAg,Mb6H7trzMfI,@bembadev,"7:10 fun fact. You can actually buy physical buttons and knobs to add to the screen from Xiaomi if you like.
really cool stuff.
they're giving a lot of options.",278,2025-12-07T03:21:49Z,Marques Brownlee,Technology,Driving Xiaomi's Electric Car: Are we Cooked?,11973161,279620,26877
UgwIyf6NUOWZVhq6Fsh4AaABAg,Mb6H7trzMfI,@heet6560,This is the most enthusiastic and excited i have seen Mkbhd ever,0,2026-03-27T12:34:23Z,Marques Brownlee,Technology,Driving Xiaomi's Electric Car: Are we Cooked?,11973161,279620,26877
UgxZ1OWSF_0WGeXTX-B4AaABAg,Mb6H7trzMfI,@wilfloyd7635,6:21 this feature alone would sink the domestic car market 😅😂😂,208,2025-12-06T13:11:41Z,Marques Brownlee,Technology,Driving Xiaomi's Electric Car: Are we Cooked?,11973161,279620,26877
UgxluvuGjKRDm7VHXq94AaABAg,Mb6H7trzMfI,@MiniatureMasterClass,Gonna be available in Canada soon!,51,2026-02-20T03:56:30Z,Marques Brownlee,Technology,Driving Xiaomi's Electric Car: Are we Cooked?,11973161,279620,26877
UgxzrM-p8YSmCi5pFpp4AaABAg,Mb6H7trzMfI,@youssefyassin6397,"11:15 Due to some disabilities, people sometimes don't feel/control their lower bodies. Therefore, having the seat ""hug"" you in position is actually an incredibly nice option to have.",30,2025-12-06T15:14:56Z,Marques Brownlee,Technology,Driving Xiaomi's Electric Car: Are we Cooked?,11973161,279620,26877
Ugwu3PQAOWeeUvAV7xx4AaABAg,Mb6H7trzMfI,@MarkWTS,"Thank you for offering this opportunity to let more people know Chinese vehicles, these cars are not perfect, but they deserve an objective attitude to look at them",2,2026-04-24T02:04:14Z,Marques Brownlee,Technology,Driving Xiaomi's Electric Car: Are we Cooked?,11973161,279620,26877
UgyHeMOA-SfWQmApo3F4AaABAg,Mb6H7trzMfI,@dadozer,When an auto focus video is on the main channel you know it's a big one,216,2025-12-05T21:44:26Z,Marques Brownlee,Technology,Driving Xiaomi's Electric Car: Are we Cooked?,11973161,279620,26877
UgzE1jaKeA3ZAnw_UZx4AaABAg,Mb6H7trzMfI,@mikebroom1866,The directions in the headrest is definitely dope tech.,190,2025-12-06T03:41:54Z,Marques Brownlee,Technology,Driving Xiaomi's Electric Car: Are we Cooked?,11973161,279620,26877
UgzVjcgvlCPYezlFilR4AaABAg,Mb6H7trzMfI,@scitechsearch4594,Ofc xiaomi as a Chinese company need to have karaoke accessories 😂,326,2025-12-06T15:59:35Z,Marques Brownlee,Technology,Driving Xiaomi's Electric Car: Are we Cooked?,11973161,279620,26877
UgzD5QszsYeBPHRr_lR4AaABAg,Mb6H7trzMfI,@mitchellbrinkerdp,This car is... so gorgeous,1,2026-06-10T21:17:00Z,Marques Brownlee,Technology,Driving Xiaomi's Electric Car: Are we Cooked?,11973161,279620,26877
UgydLenEGoMF4Ous2p54AaABAg,Mb6H7trzMfI,@mbuusihenry800,Hats off to The Engeeniers at Xiaomi for such an amazing job. That car is really good.,229,2025-12-07T12:04:08Z,Marques Brownlee,Technology,Driving Xiaomi's Electric Car: Are we Cooked?,11973161,279620,26877
UgzMekeNyqHEv76r_Ap4AaABAg,Mb6H7trzMfI,@lucyl215,"The founder of Xiaomi, also the CEO, Jun Lei, tried hundreds of different cars, talked to the car owners, made 200 thousands words notes, and gathered top engineers……No doubt his products are so great.",597,2025-12-10T23:47:28Z,Marques Brownlee,Technology,Driving Xiaomi's Electric Car: Are we Cooked?,11973161,279620,26877
UgwDXE7dhczGtIJeI_d4AaABAg,Mb6H7trzMfI,@answer_is_42,With Canada making a new trade deal with China and letting these cars in the Canadian market... I personally can't wait.,18,2026-01-16T23:02:55Z,Marques Brownlee,Technology,Driving Xiaomi's Electric Car: Are we Cooked?,11973161,279620,26877
UgzDSCrlLI1nNLAxfwB4AaABAg,v5lc7UAAats,@Amardeep248,Someone gotta remind Tim to Cook,47589,2025-10-24T02:34:43Z,Marques Brownlee,Technology,This or Apple Vision Pro?,11535615,340715,4386
Ugw_wAPH1VjQBvYpG2V4AaABAg,v5lc7UAAats,@Skege1000,"Tim Apple: ""Yesterdays tech, tomorrows price""",18923,2025-10-24T06:16:27Z,Marques Brownlee,Technology,This or Apple Vision Pro?,11535615,340715,4386
UgwRr9YI9KA96Nb26Pl4AaABAg,v5lc7UAAats,@MrWick4Ever,2 years ago? Time flies like a MF.,5426,2025-10-24T13:30:42Z,Marques Brownlee,Technology,This or Apple Vision Pro?,11535615,340715,4386
Ugwl8-jFOcR8GUyXijR4AaABAg,v5lc7UAAats,@ImmanuelShawa,"""Turns out they addressed...almost nothing😂""

Dude has gotten so sarcastic it seemed so natural and caught me off guard",1331,2026-02-12T00:31:35Z,Marques Brownlee,Technology,This or Apple Vision Pro?,11535615,340715,4386
UgykrcUmwXdafru0yDB4AaABAg,v5lc7UAAats,@NoFomo_6,Need a full MKBHD. Review!,24564,2025-10-24T02:22:54Z,Marques Brownlee,Technology,This or Apple Vision Pro?,11535615,340715,4386
UgzA7wBfqTw7hkiLEV94AaABAg,v5lc7UAAats,@Veljko-003,"""They adressed almost nothing that people were complaining about"" Well, that's a shock 😂😂",6053,2025-10-24T21:45:55Z,Marques Brownlee,Technology,This or Apple Vision Pro?,11535615,340715,4386
UgydHVPi8VxxlKD4kDZ4AaABAg,v5lc7UAAats,@Fahim_Alam,It's been TWO Years! Damn time really flies!,4412,2025-10-24T06:18:44Z,Marques Brownlee,Technology,This or Apple Vision Pro?,11535615,340715,4386
Ugz6rOq_MVWbzsVZnjJ4AaABAg,v5lc7UAAats,@jeffspence3080,This guy is a Master salesman. I'm sold,105,2026-01-12T05:47:00Z,Marques Brownlee,Technology,This or Apple Vision Pro?,11535615,340715,4386
UgxPKUoHRoZnT-_6RhR4AaABAg,v5lc7UAAats,@EvanAintKnowNothing,The Samsung headset is the only one I would actually consider buying (IPhone user btw),5317,2025-10-24T02:21:38Z,Marques Brownlee,Technology,This or Apple Vision Pro?,11535615,340715,4386
Ugwa0ZGVnePUbjxuYKF4AaABAg,v5lc7UAAats,@xFoldGamingx,"As long as it's not $3400, I'm in",2235,2025-10-24T02:21:22Z,Marques Brownlee,Technology,This or Apple Vision Pro?,11535615,340715,4386
UgyhMuqb6F8_H0wC9F54AaABAg,v5lc7UAAats,@PuneriLegolas,"The Galaxy XR is actually convincing. That's a tech which justifies it's price, has more use cases and something cool to keep guests entertained.",2115,2025-10-25T11:28:19Z,Marques Brownlee,Technology,This or Apple Vision Pro?,11535615,340715,4386
Ugwpr30GUv07SLEY2SF4AaABAg,v5lc7UAAats,@gargomelle,Good job mentionint the price difference I find it funny that most youtubers dont even mention the huge price difference....i had to watch like 4 different  videos before i was made aware of that,13,2025-11-26T13:38:57Z,Marques Brownlee,Technology,This or Apple Vision Pro?,11535615,340715,4386
UgytgBBdwAw0Xh603kd4AaABAg,v5lc7UAAats,@gregp7980,"This is EXACTLY the type of competition Apple needs, and more!",667,2025-10-24T02:37:54Z,Marques Brownlee,Technology,This or Apple Vision Pro?,11535615,340715,4386
UgywBzLnZ4xIBjn2FlN4AaABAg,v5lc7UAAats,@mrlegitz5812,"Bro, when I saw them playing Stardew Valley on the Samsung Vision, I was like, “Finally, someone doing it right. Who needs Apple?""",920,2025-10-24T06:47:15Z,Marques Brownlee,Technology,This or Apple Vision Pro?,11535615,340715,4386
UgwzL9DJ_4gvoQH-DY54AaABAg,v5lc7UAAats,@austin5019,Wow. Google Glass was definitely ahead of its time when you see tech like this. 😂,657,2025-10-24T02:30:44Z,Marques Brownlee,Technology,This or Apple Vision Pro?,11535615,340715,4386
UgwG19IVTHqqyUOiOFl4AaABAg,v5lc7UAAats,@Macrauchenia,having android based device mogs you so hard in software while your whole things is software is crazy,3,2026-09-15T20:55:16Z,Marques Brownlee,Technology,This or Apple Vision Pro?,11535615,340715,4386
UgxxywVSHHxEkWxx2YV4AaABAg,v5lc7UAAats,@mrdrifter4625,Samsung Vision that can play Battlefield 6 would be an amazing feature 😊,292,2025-10-26T03:44:18Z,Marques Brownlee,Technology,This or Apple Vision Pro?,11535615,340715,4386
UgxGrEBXIBPclJTHG2p4AaABAg,v5lc7UAAats,@ckhound1,"Thats cool but man the Quest 3s is still all I want from VR, just the ability to play games, watch stuff, and do so for cheap.",432,2025-10-24T12:23:07Z,Marques Brownlee,Technology,This or Apple Vision Pro?,11535615,340715,4386
Ugy6kEZ4dvKCgyVzELt4AaABAg,v5lc7UAAats,@TechWithHarrison,The Apple Vision Pro was so heavy I didn’t finish the demo. I’d be down to try the Samsung one,508,2025-10-24T02:23:46Z,Marques Brownlee,Technology,This or Apple Vision Pro?,11535615,340715,4386
UgxK4rOsOHfWMMHj2_x4AaABAg,v5lc7UAAats,@TNT-BOOM,"Ok thats actually kind of cool.

I had a vr thingy once, used it 0 times, never even set it up, and it vanished, i dont even remember where it went, probably goodwill.",5,2025-11-18T21:07:14Z,Marques Brownlee,Technology,This or Apple Vision Pro?,11535615,340715,4386
Ugwc0aFgUQsdHUm5trh4AaABAg,v5lc7UAAats,@dnitz9608,"Steve Jobs : Innovation Leader
Tim Cook : High Price Leader",69,2025-10-28T08:18:25Z,Marques Brownlee,Technology,This or Apple Vision Pro?,11535615,340715,4386
UgzozBpTIcTtyzGxXgp4AaABAg,v5lc7UAAats,@Ghost818-x8c,You can even convert images to 3D and go fully 360 degree mode with YouTube,69,2025-10-24T03:51:38Z,Marques Brownlee,Technology,This or Apple Vision Pro?,11535615,340715,4386
UgzE15AFj5G4_PryFvh4AaABAg,v5lc7UAAats,@osmien,Mkbhd looks so cool with the Samsung headset,164,2025-10-24T02:52:00Z,Marques Brownlee,Technology,This or Apple Vision Pro?,11535615,340715,4386
UgwVJF30oNlt2BN9Plp4AaABAg,v5lc7UAAats,@kudakwashegregorymago8687,"Your videos are great to watch it gives me the experience of having a great phone without having one, its funny how i watch them on my cracked Samsung A05 and give praise to the great phone you unbox, i wish it was  possible for you to send one down here in Africa Zimbabwe especially the one you would have cracked or scratched while testing it would be a total upgrade for me , thanks and keep up the good work, i will keep posting  this text till i get lucky😊",0,2025-11-17T20:03:01Z,Marques Brownlee,Technology,This or Apple Vision Pro?,11535615,340715,4386
Ugw6_JkkaOcWMQOKJI14AaABAg,v5lc7UAAats,@EvilDeadFan11,"That is waaaaay more compelling!

How is it for movies and general productivity?",55,2025-10-25T03:56:40Z,Marques Brownlee,Technology,This or Apple Vision Pro?,11535615,340715,4386
UgxNngYCFnWoT7PfgyB4AaABAg,v5lc7UAAats,@randall3107,"Tim's favourite pep talk in the office ""Yesterday's tech, futuristic prices""",82,2025-10-24T07:18:33Z,Marques Brownlee,Technology,This or Apple Vision Pro?,11535615,340715,4386
UgyBblXcHN00PYyAD294AaABAg,v5lc7UAAats,@ritheshofficial,it's been ONE YEAR SINCE THE LAUNCH AND NOBODY CAN CONVINCE ME TO BELIEVE OTHERWISE.,22,2025-10-24T14:54:03Z,Marques Brownlee,Technology,This or Apple Vision Pro?,11535615,340715,4386
UgxSlK6oCIHUDnfqaXx4AaABAg,v5lc7UAAats,@chickenpit9991,"Tim Cook: one small step for features, one giant leap in price😂",2,2025-12-31T17:34:24Z,Marques Brownlee,Technology,This or Apple Vision Pro?,11535615,340715,4386
Ugw_kCxQkucK66YKmPN4AaABAg,v5lc7UAAats,@RYN988,"Can’t wait for the full review. As a vision pro user, the native YouTube app made me tear up a bit.",76,2025-10-24T04:18:04Z,Marques Brownlee,Technology,This or Apple Vision Pro?,11535615,340715,4386
UgxuPh-_11TXcAgTxFx4AaABAg,v5lc7UAAats,@daxratbone,"VR Chat also just got released for Android, I know many consider it to be an ""essential"" VR experience",14,2025-10-25T19:42:13Z,Marques Brownlee,Technology,This or Apple Vision Pro?,11535615,340715,4386
UgxK04d6vtxfNsylWwd4AaABAg,v5lc7UAAats,@Andy_4732,He just described basically every apple product,17,2025-10-25T03:11:13Z,Marques Brownlee,Technology,This or Apple Vision Pro?,11535615,340715,4386
UgwY7NO8P6aCIG8jgId4AaABAg,v5lc7UAAats,@TheShepherdsLamb1.0,Most definitely adding to the tech collection,0,2025-12-05T04:56:58Z,Marques Brownlee,Technology,This or Apple Vision Pro?,11535615,340715,4386
UgztKRhwRd0yo5Xl-dp4AaABAg,v5lc7UAAats,@ulala9267,"This is next level entertainment device. I saw Parker's unboxing and I am so tempted tbh! Youtube, Netflix, Disney+, Gemini and games 😱 ANIMEEEEEE thanks for reminding me 🤤🔥🤩",38,2025-10-24T13:27:27Z,Marques Brownlee,Technology,This or Apple Vision Pro?,11535615,340715,4386
Ugwl5o3J7ZFI3S7Q9q14AaABAg,v5lc7UAAats,@sto_yt,"I’m happy with my Quest 3 until the high-end headsets ACTUALLY starts getting worth the money. I’m not using $3500 on a VR/AR headset that won’t blow my mind.

And why are we still locked to a small FOV in a 2025 - nearly 26? Where’s the innovativ leap?",9,2025-10-24T15:39:11Z,Marques Brownlee,Technology,This or Apple Vision Pro?,11535615,340715,4386
UgyR2ik8cWtG9KSJH694AaABAg,v5lc7UAAats,@BeyondWonderStudio,"Galaxy XR definitely has great value for the price. Vision Pro doesn't have many XR/VR apps, but like the Galaxy XR, it does have its App Store apps that are available on iPad. Unfortunately & Fortunately, Apple lets developers opt out of having their apps on the Vision Pro. I'm sure the Galaxy XR will still lack in content that same way Vision Pro did, but it might gain content quicker thanks to its price and OS. Also naturally, Galaxy XR has a YouTube app because the OS is Android XR, from Google. One thing I'd like to see compared is polish. Apple is quite known for quality & polish in its UI & design. I'm also not a fan of the permanent decision of having the bulky back part of the Galaxy XR, even if it balances out the weight. I wish they found a way to make modular like the Vision Pro. I can imagine this will get annoying when trying to lay back to watch a movie especially since the biggest use-cases for these premium headsets are for watching shows & movies.",23,2025-10-24T02:35:37Z,Marques Brownlee,Technology,This or Apple Vision Pro?,11535615,340715,4386
UgzonsCpTaU6lweDZdl4AaABAg,v5lc7UAAats,@SouthernGent44,Thanks Mr Brownlee!  I've just found my next piece of tech.,0,2026-05-12T07:11:51Z,Marques Brownlee,Technology,This or Apple Vision Pro?,11535615,340715,4386
Ugxhwyr4d4BY5NZIJYN4AaABAg,v5lc7UAAats,@theSecretsOfArusha,"Definition of Android, giving you cheaper stuff... THAT ACTUALLY WORKS.",354,2025-10-24T04:48:00Z,Marques Brownlee,Technology,This or Apple Vision Pro?,11535615,340715,4386
UgxAvDfedn_tJEZbC6N4AaABAg,v5lc7UAAats,@SoyDulceYt26,“Samsung thank god you are the savior” 😂😂😂😂,34,2025-10-26T23:27:27Z,Marques Brownlee,Technology,This or Apple Vision Pro?,11535615,340715,4386
UgzfinG4XsvcahHqt694AaABAg,v5lc7UAAats,@MoSalah1992liverpool,"Once you flip, you will never sip apple's drip",175,2025-10-24T02:25:15Z,Marques Brownlee,Technology,This or Apple Vision Pro?,11535615,340715,4386
Ugz-YieSkfs8t89F77l4AaABAg,v5lc7UAAats,@LightOfNoorIslam,Amazing ❤❤👍,1,2026-05-25T15:29:25Z,Marques Brownlee,Technology,This or Apple Vision Pro?,11535615,340715,4386
Ugy6_WkjfvgIbXwF3wF4AaABAg,v5lc7UAAats,@marcj3846,"The Quest is still the value king in this category though, with incredible capabilities for its price, games, and ability to watch movies pretty well, although arguably not as well as these higher end ones, but still quite good quality. And they have much much more games and entertainment potential. I personally think that if someone is looking for a good VR experience, Quest is still the better way to go, by miles",211,2025-10-24T02:39:07Z,Marques Brownlee,Technology,This or Apple Vision Pro?,11535615,340715,4386
UgwEB5v-8eG8Zc32oDN4AaABAg,v5lc7UAAats,@toadlguy,"Awfully suspicious that Apple doesn’t have YouTube yet and the Google headset does. Samsung may make the hardware, but it’s Google’s Android XR.",27,2025-10-24T04:11:29Z,Marques Brownlee,Technology,This or Apple Vision Pro?,11535615,340715,4386
UgydUiI6OYZF1LxqbBd4AaABAg,v5lc7UAAats,@R33V3CDP,"""bUt iT dOeSnT hAveE tHE aPpLe"" 😂😂😂",8,2026-09-17T15:43:06Z,Marques Brownlee,Technology,This or Apple Vision Pro?,11535615,340715,4386
UgwbKQDw_p0HhN4bmiZ4AaABAg,v5lc7UAAats,@Adonis-qb5ze,The only thing tim is cooking is their batteries 😭🙏,1,2025-12-17T16:28:33Z,Marques Brownlee,Technology,This or Apple Vision Pro?,11535615,340715,4386
UgyCFjECfIDvf5POZ894AaABAg,v5lc7UAAats,@astronomylover123,Can they adjust for people with weak vision?,7,2025-10-24T03:39:37Z,Marques Brownlee,Technology,This or Apple Vision Pro?,11535615,340715,4386
UgwJw24UGsrhJN9Sy314AaABAg,v5lc7UAAats,@SukronHidayatullah,Great job Samsung !! 👍🏻👍🏻,47,2025-10-24T02:22:47Z,Marques Brownlee,Technology,This or Apple Vision Pro?,11535615,340715,4386
Ugya-ab68hiVNKP4JYZ4AaABAg,v5lc7UAAats,@hassanshukriKSA,Nah buy the Steam Frame,5,2025-11-12T20:54:24Z,Marques Brownlee,Technology,This or Apple Vision Pro?,11535615,340715,4386
UgyGhl0WvV7OPYo6OCV4AaABAg,v5lc7UAAats,@yapyap333,PC/ console  gaming is what needs to happen to VR to make them appeal to the wider market,0,2026-01-31T21:51:57Z,Marques Brownlee,Technology,This or Apple Vision Pro?,11535615,340715,4386
UgymmMOW9XnxA2dEm914AaABAg,v5lc7UAAats,@ozantayar,I'll wait for the Xiaomi version 😂,25,2025-10-25T14:48:56Z,Marques Brownlee,Technology,This or Apple Vision Pro?,11535615,340715,4386
UgwJdxQfL-z16Jyeo594AaABAg,v5lc7UAAats,@alvinsqueezz,"I’ll definitely buy the Samsung visionPro. Looks more futuristic that the Apple one. 

Although I like Apple products but I can’t stand them when they don’t listen to their customers.",45,2025-10-24T11:54:37Z,Marques Brownlee,Technology,This or Apple Vision Pro?,11535615,340715,4386
UgxkOjjb41mbXxg23d54AaABAg,v5lc7UAAats,@BLAZE-li8nn,"Tim Cook used to cook, but now he is cooked.",116,2025-10-24T05:15:46Z,Marques Brownlee,Technology,This or Apple Vision Pro?,11535615,340715,4386
UgzdSnSJ8p41IicU_-Z4AaABAg,v5lc7UAAats,@D1G1TALSYNAPS3,"I have never heard this guy talk smack about Apple. Kudos to you, bro for keeping it real.",1,2025-12-19T07:22:29Z,Marques Brownlee,Technology,This or Apple Vision Pro?,11535615,340715,4386
UgwuNDFek7_mRZ9paWh4AaABAg,v5lc7UAAats,@StevefromBlueTorch,Got to love the free market,10,2025-10-24T03:19:30Z,Marques Brownlee,Technology,This or Apple Vision Pro?,11535615,340715,4386
UgyyyR1yp4JLtbgV_PZ4AaABAg,v5lc7UAAats,@Joseppi-w1i,"It won’t.
I’ll consider it when the tech gets good enough to fit a pair of sunglasses and not those ridiculous goggles.",7,2025-12-29T11:24:36Z,Marques Brownlee,Technology,This or Apple Vision Pro?,11535615,340715,4386
UgwP9rv_x7pXOIpoTQJ4AaABAg,v5lc7UAAats,@redfogwhitefrost2583,Ah cool. Another neat piece of tech that is wildly out of my price range.,16,2025-11-01T08:15:00Z,Marques Brownlee,Technology,This or Apple Vision Pro?,11535615,340715,4386
UgwNrfcLSZTXsMoAOx94AaABAg,v5lc7UAAats,@shiriajin,I got mine today. It triggered my migraines. I am returning it tomorrow,0,2026-07-25T17:58:04Z,Marques Brownlee,Technology,This or Apple Vision Pro?,11535615,340715,4386
Ugy7nsq1os7--_DEG614AaABAg,v5lc7UAAats,@antoniojohnson3925,I always find it interesting that people say it’s heavy. There  are heavier headsets on the market that people wear for hours whether you’re plugged into a PC or not is a moot point it’s still heavy as shit. I’ve been a Vision Pro owner for a year and a half I wore it for six hours today the entire time I was working no problem I think the biggest problem is is people are wearing it improperly but I forgot we can’t say that I’m sorry,16,2025-10-24T02:52:28Z,Marques Brownlee,Technology,This or Apple Vision Pro?,11535615,340715,4386
Ugz1Od1oIb3FLqUKTj94AaABAg,v5lc7UAAats,@tupaicindjeke275,1700 is still crazy,10,2025-10-24T05:15:28Z,Marques Brownlee,Technology,This or Apple Vision Pro?,11535615,340715,4386
UgyyT5fKcMC3N8NNDhR4AaABAg,v5lc7UAAats,@StephenButlerOne,Gemini is the killer feature that will make this super flexible,6,2025-12-15T10:05:37Z,Marques Brownlee,Technology,This or Apple Vision Pro?,11535615,340715,4386
Ugzc1hH9c0lqBdezMft4AaABAg,v5lc7UAAats,@nanostar6138,“Finally! Affordable pro gooner goggles”   - some pro gooner probably,1,2026-07-14T11:42:01Z,Marques Brownlee,Technology,This or Apple Vision Pro?,11535615,340715,4386
Ugw4f2EFs6in-z_MQu14AaABAg,v5lc7UAAats,@星野ヒカリ-x7e,"I own both the Vision Pro and the Samsung XR, and overall the Samsung XR is extremely poor.
Its UI is crude, and the text resolution is terrible—the text is not rendered as vectors, so when you move closer, it simply enlarges and becomes blurry.

Wearing it is also a disaster. The cushion is very hard and does not deform, causing significant pain unless your forehead perfectly matches its shape.

This is a very bad product and absolutely not worth its price.",5,2025-12-22T10:51:02Z,Marques Brownlee,Technology,This or Apple Vision Pro?,11535615,340715,4386
UgwPpPi5faGk0BOubeF4AaABAg,v5lc7UAAats,@LeeYee-y3,"This shit can never become mainstream , It really gives headaches when u wear those things for long .",7,2026-02-18T16:01:52Z,Marques Brownlee,Technology,This or Apple Vision Pro?,11535615,340715,4386
UgzMAl8TGQs5Trn6BP94AaABAg,v5lc7UAAats,@marshedmallow9,I remember watching SAO as a young teenager and longing for the day when headsets like this would be available. I never anticipated as a kid how broke I'd be when they do 😂,7,2025-10-25T04:02:20Z,Marques Brownlee,Technology,This or Apple Vision Pro?,11535615,340715,4386
UgymOrhXE0Km2eWyI7p4AaABAg,v5lc7UAAats,@formulabravium1873,I wish I needed either one,0,2025-11-16T13:18:52Z,Marques Brownlee,Technology,This or Apple Vision Pro?,11535615,340715,4386
Ugyl8WNeops_0HBiN514AaABAg,v5lc7UAAats,@daledevernon56,I think it's an understatement to say that the Vision pro is heavy because now they've added additional weights in the back of the headband to counterbalance the weight of the actual device ridiculous.,15,2025-10-24T05:13:36Z,Marques Brownlee,Technology,This or Apple Vision Pro?,11535615,340715,4386
UgxkA5L-An7qoc9aS3d4AaABAg,v5lc7UAAats,@marcelobulhoes6180,Bigscreen beyond 2,19,2025-10-24T02:21:20Z,Marques Brownlee,Technology,This or Apple Vision Pro?,11535615,340715,4386
UgzZJh0RDpj7LNFBnEx4AaABAg,v5lc7UAAats,@jeremybatchelor293,"Yeah, but isn’t it up to the developer to add YouTube into the Apple Vision Pro like don’t they have to make it compatible to the Vision Pro but Google owns YouTube so they don’t want to do that you see what I’m saying",6,2025-10-24T07:44:45Z,Marques Brownlee,Technology,This or Apple Vision Pro?,11535615,340715,4386
UgzMVg5WOeHn276Amkl4AaABAg,v5lc7UAAats,@Becauseimme,This brotha doesn’t miss!,0,2026-06-04T06:10:44Z,Marques Brownlee,Technology,This or Apple Vision Pro?,11535615,340715,4386
Ugz1u5yFx1bks6DkqjN4AaABAg,v5lc7UAAats,@a_a7287,Reviews stated the immersion on the Samsung Galaxy XR is not as good as AVP due to outside light leaking into the headset. They also copied a good amount of AVP likely saving a lot of R&D costs.,7,2025-10-24T06:49:32Z,Marques Brownlee,Technology,This or Apple Vision Pro?,11535615,340715,4386
UgyY0s57Q1ZocPYKOWx4AaABAg,v5lc7UAAats,@ashtonsamuel9510,Galaxy XR all the way 💪,4,2025-10-24T02:46:59Z,Marques Brownlee,Technology,This or Apple Vision Pro?,11535615,340715,4386
Ugxm8QsHq7AeWq5bdDR4AaABAg,v5lc7UAAats,@themysticaloone777,The Vision Pro is dope! I used it yesterday! I was impressed!,4,2025-11-17T16:12:31Z,Marques Brownlee,Technology,This or Apple Vision Pro?,11535615,340715,4386
UgxgjuMIOvB5SyTq9Ix4AaABAg,v5lc7UAAats,@mhaustria,Would be interesting to compare what is done on device vs what is done in data centers and what’s happening with the data there afterwards….,0,2025-12-02T17:47:40Z,Marques Brownlee,Technology,This or Apple Vision Pro?,11535615,340715,4386
UgzHHO73Pbj4wJgfL_p4AaABAg,v5lc7UAAats,@ChimeraMedia,Lack of a YouTube app is Google's fault/decision. They intentionally withheld it because they were planning to work with other partners on a competing device. They want to Windows Phone the Vision Pro.,63,2025-10-24T02:54:58Z,Marques Brownlee,Technology,This or Apple Vision Pro?,11535615,340715,4386
UgwiWZZTuZaHzLbbunh4AaABAg,v5lc7UAAats,@MufaroMusara,Wait till Huawei releases one…,16,2025-10-24T03:00:36Z,Marques Brownlee,Technology,This or Apple Vision Pro?,11535615,340715,4386
UgzzjMavNcqLbHUDUyZ4AaABAg,v5lc7UAAats,@Retronyx,"Galaxy XR, Meta Quest > Vision Flop",30,2025-10-24T02:21:47Z,Marques Brownlee,Technology,This or Apple Vision Pro?,11535615,340715,4386
Ugw-vY4wCXs6Fbv3alF4AaABAg,DkUuOr21v4s,@hayyanali9904,Imagine you are alone at night and phone starts giving you notifications that someone is gazing you,19724,2026-09-24T23:12:31Z,Marques Brownlee,Technology,Xiaomi 18 Pro Max: They've Done It Again!,11425839,113154,6012
Ugyn06_OIOCFhGzPxt14AaABAg,DkUuOr21v4s,@dreadtear,Spawn camping the iphone is actually hilarious.,11676,2026-09-24T22:59:58Z,Marques Brownlee,Technology,Xiaomi 18 Pro Max: They've Done It Again!,11425839,113154,6012
UgxeVNUM2cLXXzAJSRR4AaABAg,DkUuOr21v4s,@mokerian,"""So Xiaomi, are you spawn camping Apple or Samsung this year?""
Xiaomi: ""Why not both?""",3957,2026-09-25T10:41:58Z,Marques Brownlee,Technology,Xiaomi 18 Pro Max: They've Done It Again!,11425839,113154,6012
UgwLmDTAkRKLc0GQlvB4AaABAg,DkUuOr21v4s,@DakotaEAWilliams,"Xiaomi phones are genuinely generating excitement again, which is something that I haven't seen with phones in a loooong time.",137,2026-09-27T00:42:08Z,Marques Brownlee,Technology,Xiaomi 18 Pro Max: They've Done It Again!,11425839,113154,6012
Ugx8htQfT5u4UGirjzl4AaABAg,DkUuOr21v4s,@Master_Sword,"Xiaomi: ""What's Apple doing? Ok, do that.""
Also Xiaomi: ""What's Samsung doing? Ok, do that too""",8938,2026-09-24T22:53:26Z,Marques Brownlee,Technology,Xiaomi 18 Pro Max: They've Done It Again!,11425839,113154,6012
UgwdD9FjPliOY7_GMwp4AaABAg,DkUuOr21v4s,@DXG-M,Imagine the hype of privacy display when Apple will release it ......,3409,2026-09-25T04:52:48Z,Marques Brownlee,Technology,Xiaomi 18 Pro Max: They've Done It Again!,11425839,113154,6012
UgzXtGR_CTD_aOi-m9p4AaABAg,DkUuOr21v4s,@cybersed57,Xiaomi’s entire R&D department is one guy with a caliper.,5446,2026-09-24T22:33:43Z,Marques Brownlee,Technology,Xiaomi 18 Pro Max: They've Done It Again!,11425839,113154,6012
UgywBW37jlb3400ht1B4AaABAg,DkUuOr21v4s,@Whitee_Catt,"8500 mAh? Bro, that’s a power bank with a SIM card!",35,2026-09-26T14:02:00Z,Marques Brownlee,Technology,Xiaomi 18 Pro Max: They've Done It Again!,11425839,113154,6012
UgziTqe61duG1Y2SVNx4AaABAg,DkUuOr21v4s,@cousinchris5851,If this were an iPhone it'll be considered the single best piece of tech this decade.,1224,2026-09-25T14:01:57Z,Marques Brownlee,Technology,Xiaomi 18 Pro Max: They've Done It Again!,11425839,113154,6012
Ugyp6MDcdjyySMfdcIF4AaABAg,DkUuOr21v4s,@arandomchannel2468,3:28 that phone has more ram than my computer 😭,1849,2026-09-24T23:14:07Z,Marques Brownlee,Technology,Xiaomi 18 Pro Max: They've Done It Again!,11425839,113154,6012
UgzyiUe5CV-dJZZ5MTR4AaABAg,DkUuOr21v4s,@tafarapaul,Their timing is wild😂,3793,2026-09-24T22:27:28Z,Marques Brownlee,Technology,Xiaomi 18 Pro Max: They've Done It Again!,11425839,113154,6012
Ugw29CgjZ__RQLdgiOp4AaABAg,DkUuOr21v4s,@nikolowolokin,"Love xiaomi. Had my 15 since it came out and this thing still rips through everything i throw at it. This is the competition we need, just a straight free-for-all of innovation and one upping each other.",42,2026-09-26T05:09:02Z,Marques Brownlee,Technology,Xiaomi 18 Pro Max: They've Done It Again!,11425839,113154,6012
UgxHVThgvYuKEEWHA7d4AaABAg,DkUuOr21v4s,@1Ricky,"Apple : here is our new _-iphone17-_  iphone 18 pro max . 

Xiaomi : here is our new _-iphone-_ xiaomi 18 pro max",1775,2026-09-24T22:38:03Z,Marques Brownlee,Technology,Xiaomi 18 Pro Max: They've Done It Again!,11425839,113154,6012
Ugw0UDKMdzun5U8yiH14AaABAg,DkUuOr21v4s,@StuntmanJo,If Apple names the next iPhone 20 and Xiaomi skips to 20 that would be hilarious,375,2026-09-24T23:14:05Z,Marques Brownlee,Technology,Xiaomi 18 Pro Max: They've Done It Again!,11425839,113154,6012
UgxC5_CzIOjbmM53qAx4AaABAg,DkUuOr21v4s,@thundergato84,"I wish Xiaomi, Oppo, Vivo, Honor, and Huawei were sold in the US. We need more competition.",576,2026-09-25T15:30:47Z,Marques Brownlee,Technology,Xiaomi 18 Pro Max: They've Done It Again!,11425839,113154,6012
UgzPTcc_uVZ5Vv8H6Rp4AaABAg,DkUuOr21v4s,@bukalerovsasha,2:54 Nobody mentions that he has a new Surface Laptop Ultra on his table with the Nvidia chip.,150,2026-09-25T23:04:47Z,Marques Brownlee,Technology,Xiaomi 18 Pro Max: They've Done It Again!,11425839,113154,6012
UgwvxR8Jvlzn-0P1_uV4AaABAg,DkUuOr21v4s,@Whosthatguy0,Xiaomi is generally just telling us that they can add these features and make them better at anytime,412,2026-09-25T05:04:32Z,Marques Brownlee,Technology,Xiaomi 18 Pro Max: They've Done It Again!,11425839,113154,6012
Ugx_0Sn3lm7lOzkR5Up4AaABAg,DkUuOr21v4s,@Evan2,8500mah is just.... insane. Literally a battery bank.,775,2026-09-25T04:43:16Z,Marques Brownlee,Technology,Xiaomi 18 Pro Max: They've Done It Again!,11425839,113154,6012
UgydJ6RqnCgwhKUG4wl4AaABAg,DkUuOr21v4s,@PaperboyComics,The gaze detection feature is just Xiaomi's way of publicly shaming your nosy neighbor.,892,2026-09-24T22:31:24Z,Marques Brownlee,Technology,Xiaomi 18 Pro Max: They've Done It Again!,11425839,113154,6012
UgwUoSW69fjYtICQ3bN4AaABAg,DkUuOr21v4s,@trevormathews6831,"His intros and outros are literally unmatched. Always different always go for a different vibe.
Seriously it's unbelievable the quality per video he gives",3,2026-09-25T22:19:20Z,Marques Brownlee,Technology,Xiaomi 18 Pro Max: They've Done It Again!,11425839,113154,6012
UgzoUDUdAgp6fjuvbn54AaABAg,DkUuOr21v4s,@roguegaming6001,So gaze detection means camera is always on. Camera is always watching u!,1221,2026-09-25T03:48:14Z,Marques Brownlee,Technology,Xiaomi 18 Pro Max: They've Done It Again!,11425839,113154,6012
Ugw-DTeG9TI9jliqWQB4AaABAg,DkUuOr21v4s,@edringweeko3419,"At this point, I stopped calling it copying but upgrading",547,2026-09-25T04:11:04Z,Marques Brownlee,Technology,Xiaomi 18 Pro Max: They've Done It Again!,11425839,113154,6012
Ugy94aU1y0DTCcvYNjt4AaABAg,DkUuOr21v4s,@LeBeautiful,Best part about Xiaomi? They’re not ashamed in hiding it,679,2026-09-24T22:41:12Z,Marques Brownlee,Technology,Xiaomi 18 Pro Max: They've Done It Again!,11425839,113154,6012
Ugy-f6PtOOkWqALqutB4AaABAg,DkUuOr21v4s,@malinduweerasinghe5286,"Xiaomi Designer: What are the things we gonna copy from Apple?
Xiaomi CEO: YES!",114,2026-09-25T22:44:15Z,Marques Brownlee,Technology,Xiaomi 18 Pro Max: They've Done It Again!,11425839,113154,6012
UgxDHYyxiWJaYjFEqjR4AaABAg,DkUuOr21v4s,@saqibsumra5978,Right before the bed. The best way to end the day,596,2026-09-24T22:28:27Z,Marques Brownlee,Technology,Xiaomi 18 Pro Max: They've Done It Again!,11425839,113154,6012
UgwS3LFjWIs-5DQZMex4AaABAg,DkUuOr21v4s,@DirpyDirt1234YT,"I need this, it would be the ultimate “I got the iPhone 20” prank",332,2026-09-24T22:40:46Z,Marques Brownlee,Technology,Xiaomi 18 Pro Max: They've Done It Again!,11425839,113154,6012
UgygEmkYK7ByBLh93qV4AaABAg,DkUuOr21v4s,@ahmarjatt2242,I think Xiaomi got some undercover apple employees.,520,2026-09-25T01:15:49Z,Marques Brownlee,Technology,Xiaomi 18 Pro Max: They've Done It Again!,11425839,113154,6012
UgxcawXpa1274bD1MI14AaABAg,DkUuOr21v4s,@anzonix,"9:27 Madeon, ah I remember when that mashup made the waves on the high seas of the old internet.",8,2026-09-25T19:57:57Z,Marques Brownlee,Technology,Xiaomi 18 Pro Max: They've Done It Again!,11425839,113154,6012
UgwYM1Zt_1NJkvI-_JB4AaABAg,DkUuOr21v4s,@ondrejlopatka,"Ah shit, here we go again",404,2026-09-24T22:27:09Z,Marques Brownlee,Technology,Xiaomi 18 Pro Max: They've Done It Again!,11425839,113154,6012
UgzfQHOwi2sxk5kbDM54AaABAg,DkUuOr21v4s,@thisisnonpractice,11:55 a dyson charging cable. That means @mkbhd already has a dyson electric tooth brush,180,2026-09-25T03:02:28Z,Marques Brownlee,Technology,Xiaomi 18 Pro Max: They've Done It Again!,11425839,113154,6012
UgzOzL_BUvlEXnFI9PZ4AaABAg,DkUuOr21v4s,@hamza-chaudhry,5:33 I thought that was a third camera on the plateau as part of the phone 💀,70,2026-09-24T22:53:41Z,Marques Brownlee,Technology,Xiaomi 18 Pro Max: They've Done It Again!,11425839,113154,6012
UgxurKyxH_B0wsF-a3F4AaABAg,DkUuOr21v4s,@ArquelCudia_xAMTCx,Samsung needs to put the privacy display on their Folds!!!,2,2026-09-26T04:42:41Z,Marques Brownlee,Technology,Xiaomi 18 Pro Max: They've Done It Again!,11425839,113154,6012
UgzTasCtHxFxHVD0QYZ4AaABAg,DkUuOr21v4s,@AchyutChaudhary,It would’ve been so funny if  Apple decided to name the 18 Pros as the iPhone 20 Series to match their generation & ‘A20 Pro’ chip - & see if Xiaomi also skipped 3 generations 😂,458,2026-09-24T22:28:53Z,Marques Brownlee,Technology,Xiaomi 18 Pro Max: They've Done It Again!,11425839,113154,6012
UgzmeUx7w9Gf45eXOPF4AaABAg,DkUuOr21v4s,@letsgetsmarter2186,The Dyson usb cable is hilarious,37,2026-09-24T22:38:54Z,Marques Brownlee,Technology,Xiaomi 18 Pro Max: They've Done It Again!,11425839,113154,6012
UgzDI8amOaOV-H3zQ0x4AaABAg,DkUuOr21v4s,@RW_CreativeMedia,1:40 That gazing mode is perfect for a horror movie,33,2026-09-25T01:08:50Z,Marques Brownlee,Technology,Xiaomi 18 Pro Max: They've Done It Again!,11425839,113154,6012
UgwEKff50hYkBl1zq694AaABAg,DkUuOr21v4s,@TySchmidt,"I can't wait to test the ""Snapdragon 8 Elite Extreme Gen 6 For Galaxy"" in the S27",202,2026-09-24T23:48:40Z,Marques Brownlee,Technology,Xiaomi 18 Pro Max: They've Done It Again!,11425839,113154,6012
Ugx4bWAG43BlnyfVS-N4AaABAg,DkUuOr21v4s,@SaiduserYT,"Don't forget the HONOR X80 Pro Max with its 11,000 mAh battery",34,2026-09-25T02:00:24Z,Marques Brownlee,Technology,Xiaomi 18 Pro Max: They've Done It Again!,11425839,113154,6012
Ugwch21xb7JkpFEon1N4AaABAg,DkUuOr21v4s,@Vvince68,Xiaomi SU7 wallpaper on the laptop in the background is a nice touch,95,2026-09-25T01:51:34Z,Marques Brownlee,Technology,Xiaomi 18 Pro Max: They've Done It Again!,11425839,113154,6012
Ugx-EqnlaX80stX9sPV4AaABAg,DkUuOr21v4s,@HarshGupta-dm3zs,THE DUDE PERFECT SHIRT 😍😍✌✌,3,2026-09-26T10:42:08Z,Marques Brownlee,Technology,Xiaomi 18 Pro Max: They've Done It Again!,11425839,113154,6012
UgwEK0QZakjPkG-g0P94AaABAg,DkUuOr21v4s,@opminsights,That screen at the back is a pretty neat idea.,21,2026-09-25T05:00:58Z,Marques Brownlee,Technology,Xiaomi 18 Pro Max: They've Done It Again!,11425839,113154,6012
UgzeImpDrL_1A68lrx14AaABAg,DkUuOr21v4s,@Saenzzy,8:00 Privacy Display on the Privacy settings. Odd indeed,111,2026-09-24T23:40:15Z,Marques Brownlee,Technology,Xiaomi 18 Pro Max: They've Done It Again!,11425839,113154,6012
UgzRBpM59DDoufXHs3J4AaABAg,DkUuOr21v4s,@ChiefVictor,1:37 I can’t wait to have that for certain apps in 7 years on my iPhone!!,38,2026-09-25T00:48:41Z,Marques Brownlee,Technology,Xiaomi 18 Pro Max: They've Done It Again!,11425839,113154,6012
UgypvtRZNeAn-i6bIYh4AaABAg,DkUuOr21v4s,@MasonWang1,"Yep, getting me a xiaomi",6,2026-09-26T05:28:53Z,Marques Brownlee,Technology,Xiaomi 18 Pro Max: They've Done It Again!,11425839,113154,6012
UgxJ3V80iuIZdGHdVzx4AaABAg,DkUuOr21v4s,@Lusac11,2:32 5!!! We have phones with 5ghz processors… that’s crazy,161,2026-09-24T23:34:53Z,Marques Brownlee,Technology,Xiaomi 18 Pro Max: They've Done It Again!,11425839,113154,6012
Ugxozt5qaWb3AFCvlbZ4AaABAg,DkUuOr21v4s,@Mebakani,"We are waiting for"" Qualcomm Snapdragon 8 Elite Extreme Gen 6 for Galaxy """,5,2026-09-25T15:03:36Z,Marques Brownlee,Technology,Xiaomi 18 Pro Max: They've Done It Again!,11425839,113154,6012
Ugwc94VYkk6X4RR_Lyd4AaABAg,DkUuOr21v4s,@NationDarkness,0:11 I see what you did there,234,2026-09-24T23:22:55Z,Marques Brownlee,Technology,Xiaomi 18 Pro Max: They've Done It Again!,11425839,113154,6012
Ugw8GLLlRKTOA5zHhUt4AaABAg,DkUuOr21v4s,@trishiMsk,Phones have reached a threshold in features now.,0,2026-09-29T05:51:32Z,Marques Brownlee,Technology,Xiaomi 18 Pro Max: They've Done It Again!,11425839,113154,6012
UgxNorECXAEaDGysrBR4AaABAg,DkUuOr21v4s,@_CarlosA,The flush cameras on the back look so clean. Great move,28,2026-09-25T01:52:23Z,Marques Brownlee,Technology,Xiaomi 18 Pro Max: They've Done It Again!,11425839,113154,6012
UgwbAtiluF7j9L9UJAB4AaABAg,DkUuOr21v4s,@vurbin,"The gaze thing is pretty cool. Here I am on my iPhone just turning the blackout mode to dim the screen for privacy, lol",14,2026-09-24T22:50:09Z,Marques Brownlee,Technology,Xiaomi 18 Pro Max: They've Done It Again!,11425839,113154,6012
UgzYabOjeg2S7JXklBt4AaABAg,DkUuOr21v4s,@andreym212,"I feel like this phone exists only to trill apple, but i can't prove it",318,2026-09-24T22:37:36Z,Marques Brownlee,Technology,Xiaomi 18 Pro Max: They've Done It Again!,11425839,113154,6012
UgxsdgAYpJscVSc-pDx4AaABAg,DkUuOr21v4s,@charlesvaldez4458,those thin bezels in Xiaomi😲🔥,2,2026-09-25T18:19:48Z,Marques Brownlee,Technology,Xiaomi 18 Pro Max: They've Done It Again!,11425839,113154,6012
Ugxil2nyltnbnZ4Z_TV4AaABAg,DkUuOr21v4s,@hellozai,Imagine if gaze mode activates when no one’s behind you.1:44,159,2026-09-24T23:14:22Z,Marques Brownlee,Technology,Xiaomi 18 Pro Max: They've Done It Again!,11425839,113154,6012
UgwT3DD-WlIAqgCfzrR4AaABAg,DkUuOr21v4s,@prashantsingh9426,1:53 - Can already imagine it as next leap forward for horror movies 😂,29,2026-09-24T22:56:29Z,Marques Brownlee,Technology,Xiaomi 18 Pro Max: They've Done It Again!,11425839,113154,6012
Ugw5rbqqv55Fgyjnp9J4AaABAg,DkUuOr21v4s,@LevvyyEdits,I wish phone manufacturers would make the phones thicker instead of having a now HUGE bump on the back.,32,2026-09-25T14:16:41Z,Marques Brownlee,Technology,Xiaomi 18 Pro Max: They've Done It Again!,11425839,113154,6012
UgzR8d78edNfNk0XMF54AaABAg,DkUuOr21v4s,@s.......,"Hopefully, the global version will give more options for the action button",1,2026-09-25T20:14:21Z,Marques Brownlee,Technology,Xiaomi 18 Pro Max: They've Done It Again!,11425839,113154,6012
Ugy3MIY4JkRb7ujYcI54AaABAg,DkUuOr21v4s,@y8rRMNqiP4mAfHQ7tH6deX,"so Apple Duo has 2 Spidermans, and Xiaomi Trifold has 3 Spidermans.",24,2026-09-25T10:52:32Z,Marques Brownlee,Technology,Xiaomi 18 Pro Max: They've Done It Again!,11425839,113154,6012
UgydI2S7GjcUgjjeYdl4AaABAg,DkUuOr21v4s,@drlepora1,The gaze detection nudging you to protect your screen the moment someone looks over your shoulder is such a smart trust cue.,20,2026-09-25T05:07:01Z,Marques Brownlee,Technology,Xiaomi 18 Pro Max: They've Done It Again!,11425839,113154,6012
UgzeXiUoxgx4IjdAhQl4AaABAg,DkUuOr21v4s,@Angel-sd3in,That's so cool like an iPhone and a Samsung in one,238,2026-09-24T22:43:38Z,Marques Brownlee,Technology,Xiaomi 18 Pro Max: They've Done It Again!,11425839,113154,6012
Ugxd2LGvtvoCPrbOhxd4AaABAg,DkUuOr21v4s,@piebloxxer,8:32 Marques forgets a few years ago when Samsung did this with a dedicated voice assistant button,0,2026-09-29T16:52:55Z,Marques Brownlee,Technology,Xiaomi 18 Pro Max: They've Done It Again!,11425839,113154,6012
UgxgmHnRxPRybkQBDZR4AaABAg,DkUuOr21v4s,@barboza.vincent,7:57 The feature is literally Privacy so it makes sense to have it under that tab.,35,2026-09-25T16:42:26Z,Marques Brownlee,Technology,Xiaomi 18 Pro Max: They've Done It Again!,11425839,113154,6012
UgxtDfReTRn9uiTP9lN4AaABAg,DkUuOr21v4s,@kshrbht14,"9:49 Hey, that Camera Module is not Apple did first, but Xiaomi did it in 2021 on Xiaomi Mi 11 Ultra. So, that rear camera module design is copied by apple, not by Xiaomi.",75,2026-09-25T04:26:01Z,Marques Brownlee,Technology,Xiaomi 18 Pro Max: They've Done It Again!,11425839,113154,6012
Ugy5QnlE9Ziu9B-5JrR4AaABAg,DkUuOr21v4s,@joelconolly5574,"Apple: New iPhones. 
Xiaomi: Oops, I did it again.",124,2026-09-24T22:41:32Z,Marques Brownlee,Technology,Xiaomi 18 Pro Max: They've Done It Again!,11425839,113154,6012
UgxHiqP4LT0oGlgdTUt4AaABAg,DkUuOr21v4s,@lilshiit6075,The Spider-Man meme at the background 😂 there’s 3 of them this time,3,2026-09-25T17:58:36Z,Marques Brownlee,Technology,Xiaomi 18 Pro Max: They've Done It Again!,11425839,113154,6012
Ugz6RoPGOfx2IAKRyaZ4AaABAg,DkUuOr21v4s,@m4Dee27,"Qualcomm: “Snapdragon 8 Elite Extreme Gen 6.”
Me: “Okay, what's the version?”
Qualcomm: “That is the version.”
Me: “No, I mean 4.3.2.138.”
Qualcomm: “Oh. We call that Snapdragon 8 Elite Extreme Gen 6.1 Plus Pro Max Ultra.”",74,2026-09-25T02:05:01Z,Marques Brownlee,Technology,Xiaomi 18 Pro Max: They've Done It Again!,11425839,113154,6012
UgxrG_o8KiZT4peOOTt4AaABAg,DkUuOr21v4s,@ramshabashir4614,"9:49 Hey, that Camera Module is not Apple did first, but Xiaomi did it in 2021 on Xiaomi Mi 11 Ultra. So, that rear camera module design is copied by apple, not by Xiaomi. can't be sleeping on $Grokvoxus! Why not more words on that?",238,2026-09-25T11:27:43Z,Marques Brownlee,Technology,Xiaomi 18 Pro Max: They've Done It Again!,11425839,113154,6012
UgzyglJmErLm3DaFKC54AaABAg,DkUuOr21v4s,@guyshesaidnottoworryabout3774,"That lower one is for mic only the one upside firing is a speaker, saw the teardown 🤧",6,2026-09-25T00:39:46Z,Marques Brownlee,Technology,Xiaomi 18 Pro Max: They've Done It Again!,11425839,113154,6012
UgyPQ-j1UjhUWt3i24d4AaABAg,DkUuOr21v4s,@MJWPUP,You met me at a very Xiaomi time of my life.,0,2026-09-26T02:27:31Z,Marques Brownlee,Technology,Xiaomi 18 Pro Max: They've Done It Again!,11425839,113154,6012
UgyECCsJWl04Aj98eiZ4AaABAg,DkUuOr21v4s,@KapuParmar-s4m,bro theyre at it again,16,2026-09-25T00:13:35Z,Marques Brownlee,Technology,Xiaomi 18 Pro Max: They've Done It Again!,11425839,113154,6012
UgxyWT6A7ROib-iwNYJ4AaABAg,DkUuOr21v4s,@rootedloser,Don't think I didn't see that 10+ year old Madeon throwback at 9:32. Now I gotta find that video.,49,2026-09-24T23:21:16Z,Marques Brownlee,Technology,Xiaomi 18 Pro Max: They've Done It Again!,11425839,113154,6012
UgyJJi9W4IJTm-QorhR4AaABAg,DkUuOr21v4s,@NoxInYourFace,Gotta say Xiaomi is quite bold,78,2026-09-25T00:09:21Z,Marques Brownlee,Technology,Xiaomi 18 Pro Max: They've Done It Again!,11425839,113154,6012
Ugzw7MQ1nn_KD0qx3r94AaABAg,DkUuOr21v4s,@Kat01513,Let's not forget that Xiaomi had that camera bar style way before Apple,1,2026-09-25T22:12:33Z,Marques Brownlee,Technology,Xiaomi 18 Pro Max: They've Done It Again!,11425839,113154,6012
UgwY2AfN6n-kn2neuHl4AaABAg,DkUuOr21v4s,@gezaporkolab,I'm using Xiaomi phones for the past 10 years and I'm never going back. Sporting a 17 Ultra right now with the camera grip pro.,1,2026-09-28T08:12:42Z,Marques Brownlee,Technology,Xiaomi 18 Pro Max: They've Done It Again!,11425839,113154,6012
UgxmjRw5Qk9L_O_-2WZ4AaABAg,DkUuOr21v4s,@WorldEverett,"Xiaomi is just great, I've got 16Pro +, their vacuum cleaner and a few more things - price to quality ratio is fantastic.",77,2026-09-24T22:28:04Z,Marques Brownlee,Technology,Xiaomi 18 Pro Max: They've Done It Again!,11425839,113154,6012
UgxDuRBl4-5dSIerN6J4AaABAg,DkUuOr21v4s,@iluvmathteachers,xiaomi casually made samsungs flagship update to one up iphone,69,2026-09-24T22:32:11Z,Marques Brownlee,Technology,Xiaomi 18 Pro Max: They've Done It Again!,11425839,113154,6012
UgzIyBCL4Sog2grk9l14AaABAg,DkUuOr21v4s,@carlod803,Its kinda funny that Xiaomi actually started that design language way back in 2020 with the Poco M3.,12,2026-09-26T05:16:08Z,Marques Brownlee,Technology,Xiaomi 18 Pro Max: They've Done It Again!,11425839,113154,6012
UgyXIbKipPvLTovSzyN4AaABAg,NC1nzXq6Rh4,@Smxnaxpls,I like how this vid is trending after they showed us iPhone Duo,7252,2026-09-11T07:07:09Z,Marques Brownlee,Technology,PROOF the Trifold is Awesome!,11410663,269317,3498
UgwbNHEzihiClueDdYZ4AaABAg,NC1nzXq6Rh4,@jvg1088,Apple will claim their iPhone fold will be new technology,29495,2025-12-19T01:44:49Z,Marques Brownlee,Technology,PROOF the Trifold is Awesome!,11410663,269317,3498
Ugx1dVQlq7ScBPlrgoF4AaABAg,NC1nzXq6Rh4,@ThomasAllal,So that’s really how Nolan intended it,66,2026-09-11T23:38:40Z,Marques Brownlee,Technology,PROOF the Trifold is Awesome!,11410663,269317,3498
UgwSG72CXbZyuoEs8ht4AaABAg,NC1nzXq6Rh4,@the.brad.thomas,"Wild I didn't even notice that the video cycled, and was wondering why MKBHD was repeating himself",9475,2025-12-18T22:49:04Z,Marques Brownlee,Technology,PROOF the Trifold is Awesome!,11410663,269317,3498
UgzATwDVcsDYoF0Gx314AaABAg,NC1nzXq6Rh4,@ForThoseWhoDontUnderstandGuy,"Imagine sitting in public transport and you see someone whip out a 10 inch ipad, i'd be really impressed",5765,2025-12-18T22:50:13Z,Marques Brownlee,Technology,PROOF the Trifold is Awesome!,11410663,269317,3498
Ugxw6hW5-pG45lG1E-V4AaABAg,NC1nzXq6Rh4,@BruhGuyy,Opened my eyes towards folds now.,582,2026-08-03T11:17:19Z,Marques Brownlee,Technology,PROOF the Trifold is Awesome!,11410663,269317,3498
Ugwp3TVDgyukmtwrLxV4AaABAg,NC1nzXq6Rh4,@ZacEfronsChin,“Thissss…is a full screen video” very clever 😂  MKBHDemuro,2001,2025-12-19T06:48:32Z,Marques Brownlee,Technology,PROOF the Trifold is Awesome!,11410663,269317,3498
Ugzlvslk_I-GMwq08zB4AaABAg,NC1nzXq6Rh4,@randallmart92,Boy the repair shops are gonna have a field day with this one 😅,1353,2025-12-18T23:40:49Z,Marques Brownlee,Technology,PROOF the Trifold is Awesome!,11410663,269317,3498
Ugzc8JWAhvEdRMJTsqZ4AaABAg,NC1nzXq6Rh4,@codewithksd662,Trifold much better than apple duo lol agree this 😂😂,31,2026-09-12T13:36:32Z,Marques Brownlee,Technology,PROOF the Trifold is Awesome!,11410663,269317,3498
UgxoOeHutf5dLdahv-d4AaABAg,NC1nzXq6Rh4,@saibopengke77,Glad you redid it fairly and showed the bifold horizontally,537,2025-12-19T00:14:49Z,Marques Brownlee,Technology,PROOF the Trifold is Awesome!,11410663,269317,3498
UgxjHtpjWOKWV35JfVl4AaABAg,NC1nzXq6Rh4,@chicoktc,Did Doug dirty with that clip he's wailing around like a lunatic lol,582,2026-01-31T13:27:56Z,Marques Brownlee,Technology,PROOF the Trifold is Awesome!,11410663,269317,3498
UgxJf5MTLJLJBAHMqaR4AaABAg,NC1nzXq6Rh4,@edsonramos9997,Trifold 2 will probably be insane,20,2026-08-10T13:46:48Z,Marques Brownlee,Technology,PROOF the Trifold is Awesome!,11410663,269317,3498
UgxdH5NeYBRlHecd6ld4AaABAg,NC1nzXq6Rh4,@ryanizanami,Apple: Introducing Apple Partition 😂,314,2025-12-20T00:08:18Z,Marques Brownlee,Technology,PROOF the Trifold is Awesome!,11410663,269317,3498
UgzNsFwKAmtF0MXRGHh4AaABAg,NC1nzXq6Rh4,@strangebaaza,"Good that you rotated it, finally",708,2025-12-18T22:48:50Z,Marques Brownlee,Technology,PROOF the Trifold is Awesome!,11410663,269317,3498
Ugx-Hydfd267Mgh1tP94AaABAg,NC1nzXq6Rh4,@OlegOGR6E,This aged well,4,2026-09-14T04:53:48Z,Marques Brownlee,Technology,PROOF the Trifold is Awesome!,11410663,269317,3498
Ugz5qcJHpLP2qeefEAR4AaABAg,NC1nzXq6Rh4,@ChefSuperior,"What's next, Samsung Blinds?",1295,2025-12-18T22:53:11Z,Marques Brownlee,Technology,PROOF the Trifold is Awesome!,11410663,269317,3498
Ugzu_Mm-9eSxq8KpG5h4AaABAg,NC1nzXq6Rh4,@iMark256,The folds/ trifolds are one of the very few phone innovations in the last 5-6 years that aren’t just a gimmick. Shout out Huawei and Samsung,168,2025-12-19T06:10:58Z,Marques Brownlee,Technology,PROOF the Trifold is Awesome!,11410663,269317,3498
UgwSIRSCOuj9gApvWIR4AaABAg,NC1nzXq6Rh4,@tacet3045,"""Is it actually useful?""
""It can play videos on a larger screen......so not really""",137,2026-08-12T03:13:31Z,Marques Brownlee,Technology,PROOF the Trifold is Awesome!,11410663,269317,3498
UgzHJIwBCO-Y0vbxvf94AaABAg,NC1nzXq6Rh4,@ValentinNadolu,I'm grateful you're promoting small creators like that Doug guy!,8,2025-12-21T08:19:05Z,Marques Brownlee,Technology,PROOF the Trifold is Awesome!,11410663,269317,3498
UgwWudDT_lgmDZT2EE54AaABAg,NC1nzXq6Rh4,@IntegraProsper,THAT VIDEO LOOP IS CRAZY WORK....I WAS STUCK IN THE MATRIX....,285,2025-12-19T08:54:06Z,Marques Brownlee,Technology,PROOF the Trifold is Awesome!,11410663,269317,3498
UgykSeHeTDZyV0uqQ3d4AaABAg,NC1nzXq6Rh4,@Chronichorror,Doug the kinda guy to appear in a MKBHD video,3,2026-07-20T02:46:16Z,Marques Brownlee,Technology,PROOF the Trifold is Awesome!,11410663,269317,3498
Ugwr9uo_m-O7TqcNEQt4AaABAg,NC1nzXq6Rh4,@globalwillh,Doug with the cameo,102,2025-12-18T23:22:45Z,Marques Brownlee,Technology,PROOF the Trifold is Awesome!,11410663,269317,3498
Ugw8Gyo54b0rmlWt8Vd4AaABAg,NC1nzXq6Rh4,@dhairyamawar2469,You know what else is MASSIVE!??,667,2025-12-23T08:53:31Z,Marques Brownlee,Technology,PROOF the Trifold is Awesome!,11410663,269317,3498
UgyzsKfDIkE_U4yp1MR4AaABAg,NC1nzXq6Rh4,@stuckinlastmillenia,"One of these days, we'll have a phone that crumples up in a ball like paper",1,2026-09-23T14:36:44Z,Marques Brownlee,Technology,PROOF the Trifold is Awesome!,11410663,269317,3498
UgwWHaIPcO53HT7v51Z4AaABAg,NC1nzXq6Rh4,@MAN0VERSE,The stitch on this video is insanely smooth,36,2025-12-18T23:56:22Z,Marques Brownlee,Technology,PROOF the Trifold is Awesome!,11410663,269317,3498
Ugx4iXsHa0zsnz1bj8d4AaABAg,NC1nzXq6Rh4,@balabhargav2530,This comparison makes much sense and compares better than the one from full video.,26,2025-12-19T01:12:05Z,Marques Brownlee,Technology,PROOF the Trifold is Awesome!,11410663,269317,3498
UgwkD4CyO8gFJowvy5J4AaABAg,NC1nzXq6Rh4,@Therealthroat,Just as Nolan intended,2,2026-09-16T12:59:08Z,Marques Brownlee,Technology,PROOF the Trifold is Awesome!,11410663,269317,3498
UgyJDs0R1ZFoyBnumFh4AaABAg,NC1nzXq6Rh4,@VNavale,"I can watch videos on my phone without any issues, I need a bigger screen for reading emails and pdf/word documents.  
A square screen makes sense for documents.",42,2026-01-08T18:33:27Z,Marques Brownlee,Technology,PROOF the Trifold is Awesome!,11410663,269317,3498
UgzkazxG9paU4el4Jqh4AaABAg,NC1nzXq6Rh4,@SirFlukealot,"Marques hitting us with the Doug style ""this"" line while watching a Doug video.",35,2025-12-19T10:38:32Z,Marques Brownlee,Technology,PROOF the Trifold is Awesome!,11410663,269317,3498
Ugw25yh8kwPzMkQWL9B4AaABAg,NC1nzXq6Rh4,@arthanglin,Now we've got that Marques watches Doug deMuro,1,2026-09-10T13:12:03Z,Marques Brownlee,Technology,PROOF the Trifold is Awesome!,11410663,269317,3498
UgwmWp5qvfDtyece6Op4AaABAg,NC1nzXq6Rh4,@steelsheen,"appreciate you orienting the Fold 7 properly when doing comparisons with the Trifold Marques, real world proper comparisons 👍👍",23,2025-12-25T13:52:17Z,Marques Brownlee,Technology,PROOF the Trifold is Awesome!,11410663,269317,3498
UgzOMiyfHKhbt9-RbOh4AaABAg,NC1nzXq6Rh4,@marcin8112,Apple will probably do their „one more thing” massive reveal event for iPhone fold. Meanwhile everyone else is already moving onto trifolds,346,2025-12-19T00:00:06Z,Marques Brownlee,Technology,PROOF the Trifold is Awesome!,11410663,269317,3498
UgxkenTik1lkP6JlKEd4AaABAg,NC1nzXq6Rh4,@jaytop3012,"Went from a trifold to the fold 8. The fold 8 is wonderful to carry everyday. The trifold is better for everything else. The trifold is heavy and large to carry all the time, but I miss it already. Ill definitely be getting the next generation of the trifold. Might even try to get another one now. 😅",1,2026-09-15T17:36:39Z,Marques Brownlee,Technology,PROOF the Trifold is Awesome!,11410663,269317,3498
UgwcbdYgjq-Y0KD4iq54AaABAg,NC1nzXq6Rh4,@austin5019,A phone is really truly a mini tablet now.,149,2025-12-18T22:44:14Z,Marques Brownlee,Technology,PROOF the Trifold is Awesome!,11410663,269317,3498
UgwrH4e76ozAx-OzHQd4AaABAg,NC1nzXq6Rh4,@coleD238,We’ve gotten to the point where we can have a Nexus 7 AND a Nexus 9 tablet in our pocket at all times. What a time to be  alive.,17,2025-12-19T05:47:17Z,Marques Brownlee,Technology,PROOF the Trifold is Awesome!,11410663,269317,3498
UgyOusrGBrhLCuGFx_p4AaABAg,NC1nzXq6Rh4,@WeDoSeaToSkyContent,Deadpool wants his pants back.,1,2026-09-12T00:53:05Z,Marques Brownlee,Technology,PROOF the Trifold is Awesome!,11410663,269317,3498
UgyC7ZzDmWyPyLBvUMR4AaABAg,NC1nzXq6Rh4,@Snowleopard0000,"I just saw that video from doug and came back to this, crazy!!!",9,2025-12-19T00:06:05Z,Marques Brownlee,Technology,PROOF the Trifold is Awesome!,11410663,269317,3498
UgxzvQdzMHQSs81ZwgB4AaABAg,NC1nzXq6Rh4,@maybeanjan,Waiting for jerryrig's video on the Trifold😂,100,2025-12-19T00:10:59Z,Marques Brownlee,Technology,PROOF the Trifold is Awesome!,11410663,269317,3498
UgztUCnZVq1m38QNaGp4AaABAg,NC1nzXq6Rh4,@hasinraihanrafe952,Bring a s26 ultra size book style foldable it would be much dailyable then the trifold,1,2026-06-19T11:06:25Z,Marques Brownlee,Technology,PROOF the Trifold is Awesome!,11410663,269317,3498
UgyLJ9TqQ31PJ4cLfkd4AaABAg,NC1nzXq6Rh4,@ChristianKrause89,Yeah that was actually the smoothest loop I’ve ever experienced,4,2025-12-19T00:54:05Z,Marques Brownlee,Technology,PROOF the Trifold is Awesome!,11410663,269317,3498
UgyXXYBhku6DA68K85Z4AaABAg,NC1nzXq6Rh4,@thenightknight1539,It's really crazy looking!,4,2025-12-18T22:41:07Z,Marques Brownlee,Technology,PROOF the Trifold is Awesome!,11410663,269317,3498
Ugz7TUTVND12fyjon0J4AaABAg,NC1nzXq6Rh4,@atwajesper9434,I come from the future and you will love the new iPhone DUO.,1,2026-09-11T09:55:44Z,Marques Brownlee,Technology,PROOF the Trifold is Awesome!,11410663,269317,3498
Ugzcq3SO287eb8IJe1N4AaABAg,NC1nzXq6Rh4,@Pravesh_James,"Apple doesn’t have the guts to try something truly new anymore, they just play safe and polish old ideas.",7,2025-12-19T15:09:51Z,Marques Brownlee,Technology,PROOF the Trifold is Awesome!,11410663,269317,3498
UgwNo9Ocd14x7h04cHx4AaABAg,NC1nzXq6Rh4,@favourorji,This video is so perfectly looped I missed when it restarted 😅,15,2025-12-19T00:26:33Z,Marques Brownlee,Technology,PROOF the Trifold is Awesome!,11410663,269317,3498
UgzXAKCjMT277EPFYEh4AaABAg,NC1nzXq6Rh4,@fatalfacial,"This just unsold me on the duo, I now know what I really want is an apple trifold thanks",1,2026-09-11T22:11:21Z,Marques Brownlee,Technology,PROOF the Trifold is Awesome!,11410663,269317,3498
UgzAHlB4FJad_0HR7R94AaABAg,NC1nzXq6Rh4,@cupidsproblem3915,This honestly makes smart phones way more interesting and exciting again. Every major phones for the pass few years has basically stayed the same boring retangler shape with small software upgrades,4,2025-12-21T10:30:38Z,Marques Brownlee,Technology,PROOF the Trifold is Awesome!,11410663,269317,3498
UgyebzoIG15u9BNJq3Z4AaABAg,NC1nzXq6Rh4,@mohet88,Huawei was the 1st one to introduce a tri-fold phone in the market.,20,2025-12-21T08:07:10Z,Marques Brownlee,Technology,PROOF the Trifold is Awesome!,11410663,269317,3498
UgzMWdIjcoBJjKKED4V4AaABAg,NC1nzXq6Rh4,@ashishrana141,Came here after after duo launch 🚀😂😂,1,2026-09-15T18:53:44Z,Marques Brownlee,Technology,PROOF the Trifold is Awesome!,11410663,269317,3498
UgyPFlfsbcGSz_OBodh4AaABAg,NC1nzXq6Rh4,@laks2804,"If it had stylus support, I would have replaced my current flip and iPad mini and move back to fold series with this 😢",9,2025-12-19T01:43:22Z,Marques Brownlee,Technology,PROOF the Trifold is Awesome!,11410663,269317,3498
UgyX2GABGcZLeXcRl5l4AaABAg,NC1nzXq6Rh4,@thisisndd,Can't wait for what JerryRigEverything going to do with it😂,114,2025-12-18T22:41:34Z,Marques Brownlee,Technology,PROOF the Trifold is Awesome!,11410663,269317,3498
Ugz9z5STazBXrs3MyJ54AaABAg,NC1nzXq6Rh4,@chandrajithazra4994,"Now that the apple duo is out, please make a comparison video",1,2026-09-11T09:49:44Z,Marques Brownlee,Technology,PROOF the Trifold is Awesome!,11410663,269317,3498
UgwPL77ubUrMo3HKXMV4AaABAg,NC1nzXq6Rh4,@cptsilver22,Damn... my heart is saying... to buy the 1st gen trifold or wait for the 2nd gen trifold late jext year before buying the 1st gen.,12,2025-12-18T23:04:59Z,Marques Brownlee,Technology,PROOF the Trifold is Awesome!,11410663,269317,3498
UgysSkrzW7HCldyOQUR4AaABAg,NC1nzXq6Rh4,@saurav7138,Apple will have this in 2100,5,2026-09-11T15:26:41Z,Marques Brownlee,Technology,PROOF the Trifold is Awesome!,11410663,269317,3498
Ugyn3sKrkgSVmhOv9Yl4AaABAg,NC1nzXq6Rh4,@Scenicdrone4krelaxing,Who’s here after the iPhone duo came out,1,2026-09-13T02:37:00Z,Marques Brownlee,Technology,PROOF the Trifold is Awesome!,11410663,269317,3498
Ugwp4jyDbVMAmN0MIiR4AaABAg,NC1nzXq6Rh4,@-kenjo-421,Ima buy one of those trifolds one day when they become more affordable,7,2025-12-19T01:19:25Z,Marques Brownlee,Technology,PROOF the Trifold is Awesome!,11410663,269317,3498
UgzaqaM7okL9kkmQnKl4AaABAg,NC1nzXq6Rh4,@Mister.Meeseeks,This didnt age well for Apple.,3,2026-09-09T21:42:25Z,Marques Brownlee,Technology,PROOF the Trifold is Awesome!,11410663,269317,3498
UgzjjJ6vWcbdPewUK8t4AaABAg,NC1nzXq6Rh4,@f1nity88,omg this was released on my birthday,1,2026-09-16T09:14:44Z,Marques Brownlee,Technology,PROOF the Trifold is Awesome!,11410663,269317,3498
UgwPfY9bCKXwTv7kVT14AaABAg,NC1nzXq6Rh4,@azeemsoona,Samsung followed Huawei but Apple would introduce it as new tech for the first time ever in the world and most Americans would believe that 😅,9,2025-12-19T23:58:32Z,Marques Brownlee,Technology,PROOF the Trifold is Awesome!,11410663,269317,3498
UgzPSkL6x_zEVQU4CLR4AaABAg,NC1nzXq6Rh4,@Tunechi8,Apple's first folding iPhone? They are probably going to release it in year 3050 and then call it Innovation.,8,2025-12-19T05:17:33Z,Marques Brownlee,Technology,PROOF the Trifold is Awesome!,11410663,269317,3498
Ugw1dxa0Qo0SyFdQ9MN4AaABAg,NC1nzXq6Rh4,@CherryFizz26,I’m still mad they stopped making the trifold,1,2026-05-30T18:33:36Z,Marques Brownlee,Technology,PROOF the Trifold is Awesome!,11410663,269317,3498
Ugx35sVZOCG6D-UTFgV4AaABAg,NC1nzXq6Rh4,@Mohit_Thomta,Fold was never practical in my perspective... Trifolds will make more sense,8,2025-12-19T06:26:23Z,Marques Brownlee,Technology,PROOF the Trifold is Awesome!,11410663,269317,3498
UgwEOhVXIopmxMpaymZ4AaABAg,NC1nzXq6Rh4,@enzoferruasilva,I think Huawei’s trifold design makes more sense because it allows you to choose which size of screen you want. This Samsung trifold only have 2 sizes,80,2025-12-19T09:02:51Z,Marques Brownlee,Technology,PROOF the Trifold is Awesome!,11410663,269317,3498
Ugxc1LiAehbUl7A--hl4AaABAg,NC1nzXq6Rh4,@alexanderali4710,I’m waiting for the 20 fold. I want to carry a whole TV in my pocket 😂😂😂,1,2026-09-13T14:08:26Z,Marques Brownlee,Technology,PROOF the Trifold is Awesome!,11410663,269317,3498
UgzdL1RXF3Mn5hbgYeZ4AaABAg,NC1nzXq6Rh4,@THOBART05.,Ok.... so how tf is a phone case or screen protector gonna work?,9,2025-12-19T11:06:38Z,Marques Brownlee,Technology,PROOF the Trifold is Awesome!,11410663,269317,3498
UgyFjAp0dyFDhRS9rK14AaABAg,NC1nzXq6Rh4,@prinz3d853,"The unfolding of the Hauwei mate x feels more practical, you can choose between the one handed,  2 or 3 form factor in tablet mode… seems you only get the one handed mode and the complete tablet mode
With the Samsung😢",7,2025-12-18T22:53:17Z,Marques Brownlee,Technology,PROOF the Trifold is Awesome!,11410663,269317,3498
Ugzh7FZMA29tx3ba-XF4AaABAg,NC1nzXq6Rh4,@michaelmoneymusic,If iPhone duo was like this I would have been interested 😂 greatly! ❤,1,2026-09-16T08:08:16Z,Marques Brownlee,Technology,PROOF the Trifold is Awesome!,11410663,269317,3498
UgwA8y19iEGNCZUGSmx4AaABAg,NC1nzXq6Rh4,@wh1_tey,I'm here after the apple presentation. They nailed it.,27,2026-09-09T20:11:39Z,Marques Brownlee,Technology,PROOF the Trifold is Awesome!,11410663,269317,3498
Ugy-i6gXGYfcgWphKy14AaABAg,NC1nzXq6Rh4,@VS___VerruckterSchakal,"I absolutely love your THIIIIIS whilst watching Doug DeMuro.  

THIIIS was very entertaining, thank you.",5,2025-12-19T15:06:36Z,Marques Brownlee,Technology,PROOF the Trifold is Awesome!,11410663,269317,3498
Ugx4nlWB3ZsCnCmJSeN4AaABAg,NC1nzXq6Rh4,@polarfamily6222,Note ten plus without the extra folding and it's less expensive.,1,2026-08-03T02:20:04Z,Marques Brownlee,Technology,PROOF the Trifold is Awesome!,11410663,269317,3498
Ugzeic7OxrspB1VkKW94AaABAg,NC1nzXq6Rh4,@kalanajasenthuliyana,None of these have a stylus. That just doesn't make sense.,9,2025-12-19T12:53:01Z,Marques Brownlee,Technology,PROOF the Trifold is Awesome!,11410663,269317,3498
Ugy-KJVvvwwLXleMHTh4AaABAg,NC1nzXq6Rh4,@KeanuHowe-e8v,Send it over to Jerry,4,2025-12-18T22:40:34Z,Marques Brownlee,Technology,PROOF the Trifold is Awesome!,11410663,269317,3498
Ugxhw_hViXGZfB3rbhJ4AaABAg,NC1nzXq6Rh4,@avegverma7,One day my watch will unfold into a tablet,1,2026-05-04T01:57:34Z,Marques Brownlee,Technology,PROOF the Trifold is Awesome!,11410663,269317,3498
Ugw5VWpwRAjxwW83Ift4AaABAg,NC1nzXq6Rh4,@perdoruesanonim3744,"Want a mini version for samsung, not bigger, smaller! I am tired of these large screen devices. Give us something normal screened but with flagship specs",5,2025-12-18T22:57:58Z,Marques Brownlee,Technology,PROOF the Trifold is Awesome!,11410663,269317,3498
UgwYLy-5uoyZQ8NA27x4AaABAg,NC1nzXq6Rh4,@jshooper7819,Watching this on my Z fold 7 has me feeling some type of way...😢,40,2025-12-18T23:04:41Z,Marques Brownlee,Technology,PROOF the Trifold is Awesome!,11410663,269317,3498
Ugy7FxwSfK1rRVhXFz54AaABAg,NC1nzXq6Rh4,@Vex101k,Who is here after the iphone duo release?,1,2026-09-11T15:39:07Z,Marques Brownlee,Technology,PROOF the Trifold is Awesome!,11410663,269317,3498
Ugz7SyJW6C1vkR0QBep4AaABAg,ohqxP8EEumo,@ektagupta3251,"Of course, he had it for a year.",20490,2026-09-16T12:05:57Z,Marques Brownlee,Technology,iPhone 18 Pro Review: All About that Chip,11212229,158461,8444
UgzgH1OCVhjNe-5Xbm94AaABAg,ohqxP8EEumo,@iskadoo07,"Thanks, Marques. I will wait another year.",11763,2026-09-16T12:43:29Z,Marques Brownlee,Technology,iPhone 18 Pro Review: All About that Chip,11212229,158461,8444
UgyDfnexb26BP72vrAZ4AaABAg,ohqxP8EEumo,@IsaacBirchall,"As a photography nerd, that demonstration of what the aperture actually does in real time was super slick 👏",2687,2026-09-16T18:22:07Z,Marques Brownlee,Technology,iPhone 18 Pro Review: All About that Chip,11212229,158461,8444
UgwqtJADv9eawS531dl4AaABAg,ohqxP8EEumo,@radeepsjammu,Can't wait for the iPhone Duo review,5453,2026-09-16T12:42:35Z,Marques Brownlee,Technology,iPhone 18 Pro Review: All About that Chip,11212229,158461,8444
Ugzay2zCfoi2FTgaxxN4AaABAg,ohqxP8EEumo,@ClassicalRaritiesChannel,Beating the M5 in single core performance. Absolutely insane,4069,2026-09-16T12:10:47Z,Marques Brownlee,Technology,iPhone 18 Pro Review: All About that Chip,11212229,158461,8444
UgzaDKooaOX0SQ5P5Vt4AaABAg,ohqxP8EEumo,@englishforya,I always enjoy watching things I can't afford,4173,2026-09-16T12:12:29Z,Marques Brownlee,Technology,iPhone 18 Pro Review: All About that Chip,11212229,158461,8444
UgygGNEaupXbJ3xa1PZ4AaABAg,ohqxP8EEumo,@G3ekbox,13:10 iPhone 11 Pro midnight green color is the 🐐.,339,2026-09-17T21:58:46Z,Marques Brownlee,Technology,iPhone 18 Pro Review: All About that Chip,11212229,158461,8444
Ugy4nfDpKb5PxmZkhi94AaABAg,ohqxP8EEumo,@JohnHamilton-t6i,"Got a 17 pro max a couple months ago upgraded from an IPhone 8 cuz apps stopped working with the phone 
It works great very happy with the battery holy cow it will last 10 years+",8,2026-09-24T00:21:05Z,Marques Brownlee,Technology,iPhone 18 Pro Review: All About that Chip,11212229,158461,8444
Ugyn0cOMEJBpx99x0-h4AaABAg,ohqxP8EEumo,@Curious_Potatoo,The spiderman meme in the background 😂 great touch!,1566,2026-09-16T13:25:55Z,Marques Brownlee,Technology,iPhone 18 Pro Review: All About that Chip,11212229,158461,8444
UgwcyL-ydu74NjJ9E7t4AaABAg,ohqxP8EEumo,@vamsikaushik_1729,"""I said its underated but not underpriced "", perfectly sums up man",868,2026-09-16T16:01:16Z,Marques Brownlee,Technology,iPhone 18 Pro Review: All About that Chip,11212229,158461,8444
UgzT5oZB-Der8OFLkth4AaABAg,ohqxP8EEumo,@TapuArt,"9:54 why does every single youtuber in existence say ""i'll link it in the description"" and then not link it in the description

edit: i am in fact aware that the description has been updated. happened pretty quick too. good to see!",1516,2026-09-16T13:36:12Z,Marques Brownlee,Technology,iPhone 18 Pro Review: All About that Chip,11212229,158461,8444
UgzI25sNHhUksb8cBZd4AaABAg,ohqxP8EEumo,@KiranBiliyawalaA,"Please create one video comparing with iPhone 15 pro and/or 16 pro, most people upgrade their phones every 2-3 years. It would be really helpful for everyone",123,2026-09-18T16:10:23Z,Marques Brownlee,Technology,iPhone 18 Pro Review: All About that Chip,11212229,158461,8444
UgyHUNSg_Gf8fEVWXzZ4AaABAg,ohqxP8EEumo,@sheldoncarter6609,Black should be a staple colour of the pro lineup.,462,2026-09-16T18:43:43Z,Marques Brownlee,Technology,iPhone 18 Pro Review: All About that Chip,11212229,158461,8444
UgwQO5wmonJPD6pfQxx4AaABAg,ohqxP8EEumo,@tinyaava,I personally am looking forward to the 20th anniversary iPhone range because I still use a 12 Pro Max.,1464,2026-09-16T16:15:18Z,Marques Brownlee,Technology,iPhone 18 Pro Review: All About that Chip,11212229,158461,8444
Ugx8QKrYIMAq3ldllWR4AaABAg,ohqxP8EEumo,@axel1978,13:20 I love the new burgundy color! It’s like a good red wine 🍷,507,2026-09-16T16:48:13Z,Marques Brownlee,Technology,iPhone 18 Pro Review: All About that Chip,11212229,158461,8444
Ugz_tgqsPQyxfhLTAh14AaABAg,ohqxP8EEumo,@KRaju-b6k7u,This video is underrated I will come back to watch it again.,8,2026-09-18T13:29:51Z,Marques Brownlee,Technology,iPhone 18 Pro Review: All About that Chip,11212229,158461,8444
UgwSjZBeeI4OMx5BQfd4AaABAg,ohqxP8EEumo,@wilfredo-teyrosalesfotos,That Deadmau5 X Canada shirt is 🔥🔥🔥,325,2026-09-17T03:39:54Z,Marques Brownlee,Technology,iPhone 18 Pro Review: All About that Chip,11212229,158461,8444
Ugz4stqLw8MDy8l-bv54AaABAg,ohqxP8EEumo,@overratedparmesan7756,0:15 Damn even the channel logo got a Liquid Glass update,405,2026-09-16T12:10:40Z,Marques Brownlee,Technology,iPhone 18 Pro Review: All About that Chip,11212229,158461,8444
Ugy9HFOvyP53CRdgzXd4AaABAg,ohqxP8EEumo,@Habibo-g9x,"0:31 'S update' now that's a throwback. But seriously what happened to S lineups with small upgrades? Would still be cool to use that name now, and it fits better than ever. Who joined $Grokvoxus?",69,2026-09-16T19:26:05Z,Marques Brownlee,Technology,iPhone 18 Pro Review: All About that Chip,11212229,158461,8444
UgxW_N4Xg0ZvHNrGY1R4AaABAg,ohqxP8EEumo,@notsorandom0,13:55 Also a perfect way to subtly make repair costs higher and kill the 3rd party iPhone parts markets.,12,2026-09-19T09:49:35Z,Marques Brownlee,Technology,iPhone 18 Pro Review: All About that Chip,11212229,158461,8444
UgySmpmNEM8atiAw4eN4AaABAg,ohqxP8EEumo,@jossoalgoasi,"as a Burgundy color lover, this is the best iPhone color apple has launched",235,2026-09-17T18:00:35Z,Marques Brownlee,Technology,iPhone 18 Pro Review: All About that Chip,11212229,158461,8444
UgzBzMzHgJIO9MAiD5x4AaABAg,ohqxP8EEumo,@sadman253,6:55 we are getting the iphone 19 guys,17,2026-09-17T03:17:47Z,Marques Brownlee,Technology,iPhone 18 Pro Review: All About that Chip,11212229,158461,8444
UgxmjM-Ai2LAM4qmqel4AaABAg,ohqxP8EEumo,@nivaankhandelwal2011,0:45 i can guarantee iphone 18 pro max be the winner in big phone category and this is foreshadowing like he does every year,6,2026-09-16T15:12:28Z,Marques Brownlee,Technology,iPhone 18 Pro Review: All About that Chip,11212229,158461,8444
Ugy1t8hWR0TsvUzhADp4AaABAg,ohqxP8EEumo,@calumgardner7793,"13:17 Nah bro, that probably has to be my new favourite non-black dark colour since deep purple on the 14 Pro",5,2026-09-17T23:06:01Z,Marques Brownlee,Technology,iPhone 18 Pro Review: All About that Chip,11212229,158461,8444
UgyzdTfFSMHDDkr1qy54AaABAg,ohqxP8EEumo,@arvindkumar0821,Love that Canada inspired shirt! 🙌,88,2026-09-17T02:14:24Z,Marques Brownlee,Technology,iPhone 18 Pro Review: All About that Chip,11212229,158461,8444
UgzL9SqTHMEAqYPIOWx4AaABAg,ohqxP8EEumo,@emmanuelakintayo1601,2:10 this is soo cool finally understand aperture,44,2026-09-16T17:20:01Z,Marques Brownlee,Technology,iPhone 18 Pro Review: All About that Chip,11212229,158461,8444
UgyKtlr5Wb13sYXhIsd4AaABAg,ohqxP8EEumo,@umsirwyd,"8:15 fun fact, Nintendo did the exact same on the Switch 2 with its SOC and RAM chips",28,2026-09-16T14:16:29Z,Marques Brownlee,Technology,iPhone 18 Pro Review: All About that Chip,11212229,158461,8444
UgwrBUrPcObrHj2WmMB4AaABAg,ohqxP8EEumo,@dan7805,10/10 sound design from Ellis and Rufus. The aperture noises were just chef's kiss,1,2026-09-17T20:20:18Z,Marques Brownlee,Technology,iPhone 18 Pro Review: All About that Chip,11212229,158461,8444
Ugz9Y_q8i7kJGhZ-O9N4AaABAg,ohqxP8EEumo,@baryonyx_,The Glacier colourway is literally the resurrection of the feature colourway of 13 Pro's Sierra Blue 💙,61,2026-09-16T13:04:46Z,Marques Brownlee,Technology,iPhone 18 Pro Review: All About that Chip,11212229,158461,8444
Ugwty3qvcWqL6qFEYOl4AaABAg,ohqxP8EEumo,@juhstinray,I know it doesn't but I wish the aperture lens made that noise 2:35,12,2026-09-16T16:43:52Z,Marques Brownlee,Technology,iPhone 18 Pro Review: All About that Chip,11212229,158461,8444
Ugyyk9HTf1BiQUEms1R4AaABAg,ohqxP8EEumo,@msu_spartan2532,Upgrading my iPhone 14 Pro to a 18 Pro Max! I’m excited,14,2026-09-16T18:12:48Z,Marques Brownlee,Technology,iPhone 18 Pro Review: All About that Chip,11212229,158461,8444
UgzICTxCQJGAZw-qkKJ4AaABAg,ohqxP8EEumo,@ShawnBandzTV,"Go back to reviewing the niche phones, too. I’m shocked I still haven’t seen a Titan 2 Elite review from you.",6,2026-09-20T19:15:46Z,Marques Brownlee,Technology,iPhone 18 Pro Review: All About that Chip,11212229,158461,8444
UgxkMgCRQG3kb2Qn1al4AaABAg,ohqxP8EEumo,@gutts10,11:13 MKB watching a video of MKB talking to MKB is the most MKB thing,31,2026-09-16T14:21:58Z,Marques Brownlee,Technology,iPhone 18 Pro Review: All About that Chip,11212229,158461,8444
UgybsiXfi7XRlYAkmm14AaABAg,ohqxP8EEumo,@JasonJrake,"2:10 

EVERY camera function explanation should be demonstrated (even if it’s simulated) like this!",155,2026-09-16T13:04:01Z,Marques Brownlee,Technology,iPhone 18 Pro Review: All About that Chip,11212229,158461,8444
UgzNuTY16hxKP4eeMSR4AaABAg,ohqxP8EEumo,@pix_sa,"That intro is such a throwback, Awesome.",5,2026-09-17T03:52:35Z,Marques Brownlee,Technology,iPhone 18 Pro Review: All About that Chip,11212229,158461,8444
UgxE193Od2RSwfvGtYt4AaABAg,ohqxP8EEumo,@bryanperalta3885,my guy doesnt even say MKBHD anymore! the rebrand was crazy!,1,2026-09-22T04:11:40Z,Marques Brownlee,Technology,iPhone 18 Pro Review: All About that Chip,11212229,158461,8444
UgyV4bCPcW6eOEZWOjh4AaABAg,ohqxP8EEumo,@DanielMasaga-k5q,"11:09 ""and it does""😮😮😮😮😮😮😮😮😮",12,2026-09-16T12:40:13Z,Marques Brownlee,Technology,iPhone 18 Pro Review: All About that Chip,11212229,158461,8444
UgxKaz1SiG0lROxhrmZ4AaABAg,ohqxP8EEumo,@WinterGriffins,2:05 he casually gave one of the best simple explanations of aperture that I have seen.,141,2026-09-16T14:28:12Z,Marques Brownlee,Technology,iPhone 18 Pro Review: All About that Chip,11212229,158461,8444
UgyAGHzQwugPjczGRo14AaABAg,ohqxP8EEumo,@picknick21,"Damn, burgundy is the best colour! Love that red wine colour ^^",60,2026-09-16T19:21:23Z,Marques Brownlee,Technology,iPhone 18 Pro Review: All About that Chip,11212229,158461,8444
UgyhDkCd2-7cFtZxUR14AaABAg,ohqxP8EEumo,@Jake_Ritter,That ad was literally perfect. A simple showcase of their products and super natural and unforced. I happily watched through it!,0,2026-09-17T20:36:52Z,Marques Brownlee,Technology,iPhone 18 Pro Review: All About that Chip,11212229,158461,8444
UgyCgcl-1wQJMW_GkZF4AaABAg,ohqxP8EEumo,@KiriCube,“We have one more thing” 3:44,8,2026-09-16T17:08:37Z,Marques Brownlee,Technology,iPhone 18 Pro Review: All About that Chip,11212229,158461,8444
UgymWctzTylBRCv8WZx4AaABAg,ohqxP8EEumo,@joelconolly5574,Matte black intro. Like a businessman in a suit.,234,2026-09-16T12:08:27Z,Marques Brownlee,Technology,iPhone 18 Pro Review: All About that Chip,11212229,158461,8444
UgzqdSvqV59t9eNwO7Z4AaABAg,ohqxP8EEumo,@Libertybek_2007,11:52 it woud be end of world,31,2026-09-16T15:22:34Z,Marques Brownlee,Technology,iPhone 18 Pro Review: All About that Chip,11212229,158461,8444
UgwsHVs-qwbpu6M98-B4AaABAg,ohqxP8EEumo,@CaerEsthar,The Burgundy is honestly pretty incredible looking in person. All four colors are fantastic this time.,1,2026-09-20T19:17:49Z,Marques Brownlee,Technology,iPhone 18 Pro Review: All About that Chip,11212229,158461,8444
Ugz3-Rg6Z93J6Ik0NIt4AaABAg,ohqxP8EEumo,@treepondersleaf,Appreciate the pro-Canada message.,242,2026-09-16T15:47:00Z,Marques Brownlee,Technology,iPhone 18 Pro Review: All About that Chip,11212229,158461,8444
UgyPwRR-OnoDvx2I93F4AaABAg,ohqxP8EEumo,@Dia1Up,"You know what was also an underrated feature in the S9? The pressure sensitive screen for the home ""button"". I really like thst",17,2026-09-16T15:46:52Z,Marques Brownlee,Technology,iPhone 18 Pro Review: All About that Chip,11212229,158461,8444
UgwIK5QWx-Ltgo75ux54AaABAg,ohqxP8EEumo,@AM_9924,The A20 Pro chip has me really excited for the iPhone Duo now. Can’t wait!,33,2026-09-16T19:08:11Z,Marques Brownlee,Technology,iPhone 18 Pro Review: All About that Chip,11212229,158461,8444
UgzBdrh8IhdZ8HhrUPt4AaABAg,ohqxP8EEumo,@obrianmagwizi,thats gotta be the coolest camera i’ve ever seen hands down,1,2026-09-18T19:15:58Z,Marques Brownlee,Technology,iPhone 18 Pro Review: All About that Chip,11212229,158461,8444
UgzHiHalqAKpXn-cNhF4AaABAg,ohqxP8EEumo,@Mikkel111,"11:42 - And iOS 27, as one of their primary objectives was to massively improve performance of iOS due to the subpar experience of Liquid Glass from iOS 26.",60,2026-09-17T09:04:22Z,Marques Brownlee,Technology,iPhone 18 Pro Review: All About that Chip,11212229,158461,8444
UgwOPAH_k_sMa56Hbmt4AaABAg,ohqxP8EEumo,@jobdiaz8844,Im upgrading from a 15 pro max and am excited to go to a 18 pro max burgundy. Thanks Marcus for the info I needed to justify my purchase 👍🏽,5,2026-09-17T03:49:43Z,Marques Brownlee,Technology,iPhone 18 Pro Review: All About that Chip,11212229,158461,8444
UgwpJXafSa6A_Gypg0Z4AaABAg,ohqxP8EEumo,@andrewmarthie5062,5:04 autofocus mentioned!,8,2026-09-16T15:12:51Z,Marques Brownlee,Technology,iPhone 18 Pro Review: All About that Chip,11212229,158461,8444
Ugzo03BV4hVd4Tf0czh4AaABAg,ohqxP8EEumo,@Travel_In_A_What,The intro vibe is omfg.......that beat.....,0,2026-09-17T22:09:35Z,Marques Brownlee,Technology,iPhone 18 Pro Review: All About that Chip,11212229,158461,8444
UgxdHL563OHeLJj-5QN4AaABAg,ohqxP8EEumo,@Timmaysmith,Subtle nod to Canada!,97,2026-09-16T23:55:15Z,Marques Brownlee,Technology,iPhone 18 Pro Review: All About that Chip,11212229,158461,8444
Ugy61rISKRgThI5_8Ox4AaABAg,ohqxP8EEumo,@HeisenbergFam,MKBHD's intros are on a whole new level,11,2026-09-16T12:03:00Z,Marques Brownlee,Technology,iPhone 18 Pro Review: All About that Chip,11212229,158461,8444
Ugx5QGTPT_pLwkMv0nV4AaABAg,ohqxP8EEumo,@SahityaAgarwal,"Don’t you love it when the sponsor is at the end of the video, it’s genuinely so annoying if it’s in the middle of the video",576,2026-09-16T12:28:52Z,Marques Brownlee,Technology,iPhone 18 Pro Review: All About that Chip,11212229,158461,8444
UgyOBeksMMzsquKMoQx4AaABAg,ohqxP8EEumo,@FYZ4K,The Canadian deadmau5 shirt.  Love it 🇨🇦 🍁,3,2026-09-18T02:39:05Z,Marques Brownlee,Technology,iPhone 18 Pro Review: All About that Chip,11212229,158461,8444
Ugw3k4zEQ54q-MnE6Qx4AaABAg,ohqxP8EEumo,@CarbonSickle,6:25 I don't think they'll do 8k recording until they make a desktop display with an 8k resolution.,55,2026-09-16T15:49:59Z,Marques Brownlee,Technology,iPhone 18 Pro Review: All About that Chip,11212229,158461,8444
UgyAA985uA9y_QptA1h4AaABAg,ohqxP8EEumo,@Bilal619ism,"0:31  ""S update"" now that was throwback. But seriously whatever happened to S lineups that were minor upgrades? It'd still be cool to use that naming now and much more appropriate than ever.",19,2026-09-16T13:17:13Z,Marques Brownlee,Technology,iPhone 18 Pro Review: All About that Chip,11212229,158461,8444
UgwwCKA2HKFUCEkjEnB4AaABAg,ohqxP8EEumo,@TronicsHack,2:12 Aperture illustration was great 👍,32,2026-09-16T14:55:13Z,Marques Brownlee,Technology,iPhone 18 Pro Review: All About that Chip,11212229,158461,8444
UgyyB8lcUaQrsj-wWjp4AaABAg,ohqxP8EEumo,@elitealice,"S updates brought back memories because I started with the 5s, 7s, 10s, then 12 pro etc etc. You used to be able to get upgrades thru sprint every other year. What a time",0,2026-09-20T07:28:34Z,Marques Brownlee,Technology,iPhone 18 Pro Review: All About that Chip,11212229,158461,8444
UgyD850Lk8Fz14yze5h4AaABAg,ohqxP8EEumo,@ezggwp2705,12:02 I FLINCHED!,34,2026-09-16T13:14:45Z,Marques Brownlee,Technology,iPhone 18 Pro Review: All About that Chip,11212229,158461,8444
Ugy-LO5jp_N5tqiI0b54AaABAg,ohqxP8EEumo,@listmanguy,"Love the Betablock3r song. Nice choice, whoever picked that.",16,2026-09-16T12:21:51Z,Marques Brownlee,Technology,iPhone 18 Pro Review: All About that Chip,11212229,158461,8444
UgwiHrIWHHNDopFDeTx4AaABAg,ohqxP8EEumo,@Kylesaystuff,"I’m a professional cinematographer, the reason why the variable aperture (as cool as that is for a phone) isn’t that obvious is cuz it is still a very wide lens that has it, the tighter the lens is the more aputure function shines if you want a blurry background, I would love them to have T stops/ F stops for 50mm or 85mm where aperture function will really change things",49,2026-09-17T12:17:22Z,Marques Brownlee,Technology,iPhone 18 Pro Review: All About that Chip,11212229,158461,8444
UgyiwQ6CP8nHw_2YYuB4AaABAg,ohqxP8EEumo,@rysundae,holymoly betablock3r what a throwback,0,2026-09-19T03:00:49Z,Marques Brownlee,Technology,iPhone 18 Pro Review: All About that Chip,11212229,158461,8444
UgxuQV-HfLapZXWamP54AaABAg,ohqxP8EEumo,@mdjunaed6726,8K video recording? Wait till 2029. It will be revolutionary.,22,2026-09-16T14:50:59Z,Marques Brownlee,Technology,iPhone 18 Pro Review: All About that Chip,11212229,158461,8444
UgyIFDoQF0R4MBWybAZ4AaABAg,ohqxP8EEumo,@rilly1489,The C2 modem is only on the regular size pro. The pro max still has Qualcomm chip in the US.,63,2026-09-16T15:06:28Z,Marques Brownlee,Technology,iPhone 18 Pro Review: All About that Chip,11212229,158461,8444
UgxNzQWL2d87hlE11hp4AaABAg,ohqxP8EEumo,@vanish85,"Music is sick, but the iPhone 15 Pro Review still takes the crown for the best intro!",8,2026-09-16T12:08:13Z,Marques Brownlee,Technology,iPhone 18 Pro Review: All About that Chip,11212229,158461,8444
Ugzaxm7TQwJD1I1Tayl4AaABAg,ohqxP8EEumo,@BWW2015,13:43 Steer clear of matte and privacy screen protectors. Dave2D pointed out in a Youtube video that the under display camera struggles with certain screen protectors,1,2026-09-18T04:55:38Z,Marques Brownlee,Technology,iPhone 18 Pro Review: All About that Chip,11212229,158461,8444
UgwgFfQsT_lO00H31eh4AaABAg,ohqxP8EEumo,@vikram_shahi,I will wait until something truly revolutionary shows up,15,2026-09-16T15:01:39Z,Marques Brownlee,Technology,iPhone 18 Pro Review: All About that Chip,11212229,158461,8444
UgwefcQwgC2o-cfH9wx4AaABAg,ohqxP8EEumo,@MotoBlipp,That burgundy reference for the background is just golden,22,2026-09-16T12:07:47Z,Marques Brownlee,Technology,iPhone 18 Pro Review: All About that Chip,11212229,158461,8444
Ugx0XBnF8UstsoqptTB4AaABAg,ohqxP8EEumo,@Dionyzos,This chip is approaching 2x the single core performance of the m1 chip in my macbook thats just insane,54,2026-09-16T13:09:04Z,Marques Brownlee,Technology,iPhone 18 Pro Review: All About that Chip,11212229,158461,8444
UgwROAj2s2yHPOliCYp4AaABAg,ohqxP8EEumo,@DazyEyeBear,"It’s like that only for someone going from a 17 pro to an 18 pro. 
I just upgraded from the 15 pro to the 18 and it’s a huge upgrade",1,2026-09-20T16:09:42Z,Marques Brownlee,Technology,iPhone 18 Pro Review: All About that Chip,11212229,158461,8444
UgxgbuwfbEI2XgEAUxl4AaABAg,ohqxP8EEumo,@rushilrandive3486,The intros recently have been 🔥,9,2026-09-16T12:20:24Z,Marques Brownlee,Technology,iPhone 18 Pro Review: All About that Chip,11212229,158461,8444
UgzpTESfOPKGBF1EREJ4AaABAg,ohqxP8EEumo,@bryceque,"14:51 missed opportunity to say ""this tik is doing a lot of the talking""",22,2026-09-16T19:49:42Z,Marques Brownlee,Technology,iPhone 18 Pro Review: All About that Chip,11212229,158461,8444
Ugyqz8BzD2q8QPkSQc54AaABAg,ohqxP8EEumo,@ra5hid101,"7:37  Mkbhd listens to Madeon , car crash is also one of my favorites.",6,2026-09-16T13:16:05Z,Marques Brownlee,Technology,iPhone 18 Pro Review: All About that Chip,11212229,158461,8444
UgyjLFcH4qbFXt8BMo94AaABAg,XUdic3Mwd2k,@HeisenbergFam,Never thought I'd see MKBHD make a video about NFL tech,40228,2025-09-05T23:29:26Z,Marques Brownlee,Technology,This NFL Tech is Hidden in Plain Sight,11002554,450781,2664
Ugw9UkO6tZbj-97MFVJ4AaABAg,XUdic3Mwd2k,@Nduvho-Phophi,Genuinely was so surprised when I saw this on the livestream😂,12541,2025-09-05T23:25:54Z,Marques Brownlee,Technology,This NFL Tech is Hidden in Plain Sight,11002554,450781,2664
UgxFPQwD8SkFUjWSGb14AaABAg,XUdic3Mwd2k,@Hako_exe,Man that YT and NFL deal going hard lol,6711,2025-09-05T23:33:30Z,Marques Brownlee,Technology,This NFL Tech is Hidden in Plain Sight,11002554,450781,2664
UgxM74TOcQvID669aBV4AaABAg,XUdic3Mwd2k,@2000Reflex,A good heist movie idea is someone who breaks the encryption then relays immediate coach info to a bookie.,212,2025-10-19T16:47:27Z,Marques Brownlee,Technology,This NFL Tech is Hidden in Plain Sight,11002554,450781,2664
UgxK5kyiPMOYW46t8m14AaABAg,XUdic3Mwd2k,@de132,"What's remarkable is, the first headset helmet system was in 1956. Paul Brown of the Cleveland Browns put a radio headset to communicate to QB George Ratterman, Brown was an innovative coach (and is the namesake of the Browns and the founder of the Cincinnati Bengals). Teams around the league could not or would not replicate the system, so it was banned until 1994. A headset helmet wired defensive player wouldn't be added until 2008. On defense, it's usually a linebacker (specifically the middle linebacker, or Mike) or a safety that has the sticker",271,2025-09-18T20:59:01Z,Marques Brownlee,Technology,This NFL Tech is Hidden in Plain Sight,11002554,450781,2664
Ugz29j7GCX2qXoy35sR4AaABAg,XUdic3Mwd2k,@marszxc,Bro it would be awesome to see you dive into these aspects of the tech in motorsports! In F1 and recently MotoGP they’ve been experimenting with more and more ways of communicating with drivers and riders as well as the continuous push to capture POV footage with tiny action cameras.,6397,2025-09-08T09:16:43Z,Marques Brownlee,Technology,This NFL Tech is Hidden in Plain Sight,11002554,450781,2664
UgwLqN5QMjLv550iJJ94AaABAg,XUdic3Mwd2k,@YoungilJun,"On defense it’s usually one of the linebackers, not a lineman.",3305,2025-09-05T23:27:28Z,Marques Brownlee,Technology,This NFL Tech is Hidden in Plain Sight,11002554,450781,2664
UgzMg8rujdmhhfRB4-h4AaABAg,XUdic3Mwd2k,@treynix8376,"Bro please do more NFL tech equipment!! This was super dope, I'm very curious about the camera tech, what the team in the upper boxes do, etc.",6978,2025-09-07T04:34:34Z,Marques Brownlee,Technology,This NFL Tech is Hidden in Plain Sight,11002554,450781,2664
UgzemTE54UV1dZi4QMZ4AaABAg,XUdic3Mwd2k,@汉堡哥,"Love this format for shorts. Longer, chiller, no tik tok boom every five seconds. You have a great presentation style!",3,2025-10-23T10:14:28Z,Marques Brownlee,Technology,This NFL Tech is Hidden in Plain Sight,11002554,450781,2664
UgzM7PbM87SqVJ_mxIV4AaABAg,XUdic3Mwd2k,@rensins08,I'm not into playing or watching sports but my middle sister loved football but hated answering my questions after the very first time i watched her so i appreciate you sharing this small detail that answered a long forgotten casual question.,3,2025-10-14T16:41:17Z,Marques Brownlee,Technology,This NFL Tech is Hidden in Plain Sight,11002554,450781,2664
UgxSrpuLGbqrB_EIUEd4AaABAg,XUdic3Mwd2k,@WordToMomsYo,"I knew NOTHING about this tech prior to watching this video.  I swear, this dude is gifted when it comes to finding interesting tech to investigate, and then conveying that knowledge in a clear and concise manner to the curious public.",1548,2025-09-06T12:43:47Z,Marques Brownlee,Technology,This NFL Tech is Hidden in Plain Sight,11002554,450781,2664
UgztoN3RHgBxf_8zwNF4AaABAg,XUdic3Mwd2k,@MatthewFarney,Linebackers call the defense most likely not the lineman just fyi,363,2025-09-07T21:24:41Z,Marques Brownlee,Technology,This NFL Tech is Hidden in Plain Sight,11002554,450781,2664
UgyKkzJfgFGilU1Na_R4AaABAg,XUdic3Mwd2k,@michaelrobinson3127,"I just watched this on TV and I was like I "" know"" him! 😂",165,2025-09-05T23:27:51Z,Marques Brownlee,Technology,This NFL Tech is Hidden in Plain Sight,11002554,450781,2664
UgwZOTbpCOzbufwUqSx4AaABAg,XUdic3Mwd2k,@loudaccord,Never knew this... that's pretty cool,2,2025-10-08T13:24:03Z,Marques Brownlee,Technology,This NFL Tech is Hidden in Plain Sight,11002554,450781,2664
Ugw8yl3iKkNNlwSHHVd4AaABAg,XUdic3Mwd2k,@ryanchad8384,Tech and electronics are interchangeable. The entire helmet is tech but only the “tech” is electronics,5,2025-09-10T12:57:54Z,Marques Brownlee,Technology,This NFL Tech is Hidden in Plain Sight,11002554,450781,2664
UgySljUZJTIY1VTZMdd4AaABAg,XUdic3Mwd2k,@Zathren,"As someone who's never watched the NFL this was super neat.
I wonder what other tech is being used in the different sports games.",514,2025-09-09T15:00:01Z,Marques Brownlee,Technology,This NFL Tech is Hidden in Plain Sight,11002554,450781,2664
UgxpZyO36f0jgqv7Ohx4AaABAg,XUdic3Mwd2k,@IOSGamerMan,LOVE this. So cool to see tech outside of phones and other tech we usually see on other channels. Please continue to make this an ongoing bit of tech we don’t see.,308,2025-09-08T03:37:15Z,Marques Brownlee,Technology,This NFL Tech is Hidden in Plain Sight,11002554,450781,2664
Ugy6jsYqt2CDRM45y754AaABAg,XUdic3Mwd2k,@PaulPayne837,this is the perfect amount of tech imo. any more and it feels like a video game. should they allow MORE communication between coaches and players or is this the sweet spot,622,2025-09-05T23:42:55Z,Marques Brownlee,Technology,This NFL Tech is Hidden in Plain Sight,11002554,450781,2664
UgwjgG8BhdjRcu4U4j54AaABAg,XUdic3Mwd2k,@emm8485,"Very insightful, Marcus… 👍",2,2026-01-24T03:39:47Z,Marques Brownlee,Technology,This NFL Tech is Hidden in Plain Sight,11002554,450781,2664
UgxhBMp755mcnZn-71t4AaABAg,XUdic3Mwd2k,@blastphame,Man I been rockin with MKBH since forever. Bro came up big time. Happy for you bro ham. Keep up the good work,2,2025-09-11T22:45:32Z,Marques Brownlee,Technology,This NFL Tech is Hidden in Plain Sight,11002554,450781,2664
UgycC9jm-vzlkAjLyIt4AaABAg,XUdic3Mwd2k,@Itsthekahuna,The NFL partnering with YouTubers is next level 🔥,199,2025-09-05T23:26:55Z,Marques Brownlee,Technology,This NFL Tech is Hidden in Plain Sight,11002554,450781,2664
UgyrtIulATbQyZk_dx94AaABAg,XUdic3Mwd2k,@dylanheyl,Should have shown the clip of Jameis Winston's speaker hanging out of his helmet right before scoring a touchdown last season.,33,2025-09-06T00:19:11Z,Marques Brownlee,Technology,This NFL Tech is Hidden in Plain Sight,11002554,450781,2664
UgzeEH_Nn9hSDxR_8h54AaABAg,XUdic3Mwd2k,@merocgaming,"Wow this is so cool, I didn’t know about this. Thanks for sharing MKBHD",11,2025-09-06T05:24:10Z,Marques Brownlee,Technology,This NFL Tech is Hidden in Plain Sight,11002554,450781,2664
UgwJJxi5hP_FZkt79JB4AaABAg,XUdic3Mwd2k,@PanzerGuy,"I've gotten to use one of these belts while operating a camera for a soccer game, although they weren't playing audio to a helmet but instead a director it functioned identically on the belt itself.
It was so cool!",4,2025-09-10T19:16:06Z,Marques Brownlee,Technology,This NFL Tech is Hidden in Plain Sight,11002554,450781,2664
UgzKQrsaTML75EtjSKJ4AaABAg,XUdic3Mwd2k,@Victorrluis,Low key I always thought the coach could yell things he noticed on the field during the play to the QB or defender. Nice to know they are cut off once the play clock gets past 15 sec.,3,2025-09-11T07:36:04Z,Marques Brownlee,Technology,This NFL Tech is Hidden in Plain Sight,11002554,450781,2664
Ugx-waeBQ4TuADuobqd4AaABAg,XUdic3Mwd2k,@faultyclean,"Just a clarification, on Defense, it's never the Lineman but almost always the Middle Linebacker also referred to as the Mike Backer or in this case Mic Linebacker! ;)",206,2025-09-06T01:37:12Z,Marques Brownlee,Technology,This NFL Tech is Hidden in Plain Sight,11002554,450781,2664
UgwbFfDCh9y2iyMDmZ94AaABAg,XUdic3Mwd2k,@YABSGlobal,That receiver sound effect sounds so familiar 🤨🤨🤨,17,2025-09-09T15:54:01Z,Marques Brownlee,Technology,This NFL Tech is Hidden in Plain Sight,11002554,450781,2664
Ugy209gpWj6QFr0eAyx4AaABAg,XUdic3Mwd2k,@df4291,"So next time you watch a three hour NFL game with 8 minutes of action and 172 minutes of commercials, you’ll know exactly what’s going on.",145,2025-09-07T21:57:02Z,Marques Brownlee,Technology,This NFL Tech is Hidden in Plain Sight,11002554,450781,2664
UgydqAs5LLS459pF_Oh4AaABAg,XUdic3Mwd2k,@sirslickrock,"As someone who watched and played football my entire life even into this day; before my self discovery as a nerd into my latter teen years, I had no idea or thought about this.",1,2025-09-13T19:29:38Z,Marques Brownlee,Technology,This NFL Tech is Hidden in Plain Sight,11002554,450781,2664
Ugwm2AxVRoOwUDbtPMt4AaABAg,XUdic3Mwd2k,@flatline68,"When I learn something, I subscribe. Great video.",1,2025-09-12T01:56:25Z,Marques Brownlee,Technology,This NFL Tech is Hidden in Plain Sight,11002554,450781,2664
UgydxSqj3SJxbHajsnl4AaABAg,XUdic3Mwd2k,@TheIrishBullDog,I just saw this on TV. Pretty interesting.,7,2025-09-05T23:26:05Z,Marques Brownlee,Technology,This NFL Tech is Hidden in Plain Sight,11002554,450781,2664
Ugy7Ukt5FubOv-mLcIp4AaABAg,XUdic3Mwd2k,@AbsolutZer0-1C3,"My dad once told me that American football is like a war game: they line up their players and face off, each trying to push the enemy lines a little further. This bit of radio tech reminds me a lot of that. 
Also, we can't forget about the spectacle. Americans love war. Their anthem is an ode to it.",41,2025-09-07T06:31:18Z,Marques Brownlee,Technology,This NFL Tech is Hidden in Plain Sight,11002554,450781,2664
UgzIbAWU7pq23I5pJWR4AaABAg,XUdic3Mwd2k,@b.mcboatface7319,"What's really cool is they have a distributed social media system at the stadium...

Where fans can communicate with players by moving air.",16,2025-09-07T00:57:52Z,Marques Brownlee,Technology,This NFL Tech is Hidden in Plain Sight,11002554,450781,2664
UgxaEypm4onZOHNfI0l4AaABAg,XUdic3Mwd2k,@ryanbaker1207,"My school district (HS) used them as well, but it was standard for the defensive player to be the Mike LB. County rules were also for each school to have two white helmets with mics to provide to teams from outside the county because most surrounding districts didn’t use them.",5,2025-09-12T05:58:37Z,Marques Brownlee,Technology,This NFL Tech is Hidden in Plain Sight,11002554,450781,2664
UgwanCQHkoydiDz339B4AaABAg,XUdic3Mwd2k,@NinerGuy49,"FANTASTIC explanation! Very clear explanation, fantastic pacing, excellent job! Thank you!",1,2025-09-10T14:29:06Z,Marques Brownlee,Technology,This NFL Tech is Hidden in Plain Sight,11002554,450781,2664
UgyVXJXNeXkTBW7mx-t4AaABAg,XUdic3Mwd2k,@PROGAMERG11,Cool NFL Tech!,8,2025-09-05T23:26:27Z,Marques Brownlee,Technology,This NFL Tech is Hidden in Plain Sight,11002554,450781,2664
Ugzb9URDgulOUjdz44R4AaABAg,XUdic3Mwd2k,@robbycatalina226,Mike Linebacker usually has the green coms sticker.,44,2025-09-08T16:35:53Z,Marques Brownlee,Technology,This NFL Tech is Hidden in Plain Sight,11002554,450781,2664
UgwzFTBUkkeMMzHCHm94AaABAg,XUdic3Mwd2k,@nox503,"so interesting, I have been watching NFL games all my life but no one ever talks about the tech on the sidelines the players and coaches use. Thanks for sharing this <3",0,2025-09-10T02:36:42Z,Marques Brownlee,Technology,This NFL Tech is Hidden in Plain Sight,11002554,450781,2664
Ugyb7nEdlJsvgBmyhUN4AaABAg,XUdic3Mwd2k,@rockmyworldmusic,"I'm glad you mentioned the box turn off. For several years, I thought coaches were literally talking during the plays; which always struck me as cheating.  They could easily yell who is open or where the blitz is coming from.",0,2025-09-12T01:55:45Z,Marques Brownlee,Technology,This NFL Tech is Hidden in Plain Sight,11002554,450781,2664
UgyDePtY2woMprXIsRJ4AaABAg,XUdic3Mwd2k,@avisionthroughchrist,This is the best short I have ever watched! Thanks bro 🙏☀️,8,2025-09-05T23:44:01Z,Marques Brownlee,Technology,This NFL Tech is Hidden in Plain Sight,11002554,450781,2664
Ugz4NkCpeEHHOgG8Ahd4AaABAg,XUdic3Mwd2k,@edwardtwilcox,"And another interesting fact: This is the same tech that they use backstage in theatre for stagehands, stage managers, flymen, any person who needs to be linked to the backstage talk channel but needs to be free moving",33,2025-09-06T08:38:37Z,Marques Brownlee,Technology,This NFL Tech is Hidden in Plain Sight,11002554,450781,2664
UgzxpoMEVEPZzdLdMUB4AaABAg,XUdic3Mwd2k,@juansalazar3530,Bro I didn’t know it goes that deep😭,3,2025-09-16T04:31:02Z,Marques Brownlee,Technology,This NFL Tech is Hidden in Plain Sight,11002554,450781,2664
UgwajBrq8Y-l2ZWU-294AaABAg,XUdic3Mwd2k,@j.mikerosner5722,"Really cool video, Dude; awesome. Been a Fan of yours since ~way back, Fr fr Congratulations buddy!!",1,2025-09-11T18:17:10Z,Marques Brownlee,Technology,This NFL Tech is Hidden in Plain Sight,11002554,450781,2664
UgykIEXCeWsbyzMbW4h4AaABAg,XUdic3Mwd2k,@man_on_wheelz,"I am not into any sport, but one thing I've always admired about sports in general is all the niche tech that exists so specifically for the purpose of that sport. It's really cool to learn about it!",0,2025-09-11T19:53:18Z,Marques Brownlee,Technology,This NFL Tech is Hidden in Plain Sight,11002554,450781,2664
UgyG5YvRWPJ9VquL0HB4AaABAg,XUdic3Mwd2k,@Mache.,Prank idea: go to an NFL game with a radio jammer and make the coach go nuts at the players for not listening to his calls.,5,2025-09-13T22:00:34Z,Marques Brownlee,Technology,This NFL Tech is Hidden in Plain Sight,11002554,450781,2664
UgwqEK6GC6__iKYhMg14AaABAg,XUdic3Mwd2k,@Rangerfan05,Bro I just saw this at the live stream 😅😅,8,2025-09-05T23:25:50Z,Marques Brownlee,Technology,This NFL Tech is Hidden in Plain Sight,11002554,450781,2664
UgyqyILACVPxTjdAsfx4AaABAg,XUdic3Mwd2k,@PokeBowl82,Good stuff! Maybe you could do a short on tech in soccer. Especially the offside camera’s and software.,14,2025-09-06T05:10:54Z,Marques Brownlee,Technology,This NFL Tech is Hidden in Plain Sight,11002554,450781,2664
Ugy7kDYoDhnjgMZP-mt4AaABAg,XUdic3Mwd2k,@Ezilahtem,Nice!! You finally killed my curiosity!! I always thought the coaches were talking to the guys up in the box,0,2026-01-24T16:10:36Z,Marques Brownlee,Technology,This NFL Tech is Hidden in Plain Sight,11002554,450781,2664
UgyKScLrGuNOCM6-yhp4AaABAg,XUdic3Mwd2k,@moistmansion6927,These are one of those things we all wonder but don’t really fully know about. This was a great idea and I think it’d be a great idea to continue in this direction in regards to content being made focusing around things that are around us but we just don’t know fully about.,0,2025-09-11T06:23:04Z,Marques Brownlee,Technology,This NFL Tech is Hidden in Plain Sight,11002554,450781,2664
UgwWu5TAIacn5s7xZTZ4AaABAg,XUdic3Mwd2k,@AerisAsano22,Crazy how hard everyone on YouTube is pushing the NFL stuff after that free game announcement,13,2025-09-05T23:41:08Z,Marques Brownlee,Technology,This NFL Tech is Hidden in Plain Sight,11002554,450781,2664
UgxJWeJY6qZN5XTfSNZ4AaABAg,XUdic3Mwd2k,@Nikilittle.mp4,"Personally, this is the most interested I’ve ever been in NFL",23,2025-09-16T03:19:16Z,Marques Brownlee,Technology,This NFL Tech is Hidden in Plain Sight,11002554,450781,2664
UgzuIAHYo3mi8yObZdZ4AaABAg,XUdic3Mwd2k,@MonteLDS,how did you not talk about the change from BOSE to SONY???,19,2025-09-05T23:35:16Z,Marques Brownlee,Technology,This NFL Tech is Hidden in Plain Sight,11002554,450781,2664
Ugy6Cn0m_sOhizbh7ih4AaABAg,XUdic3Mwd2k,@Abs0629,This is one of the best explainers I have watched. I have wondered about this stuff but never realized there's interesting stories behind it. Thank you.,0,2026-04-12T19:59:15Z,Marques Brownlee,Technology,This NFL Tech is Hidden in Plain Sight,11002554,450781,2664
UgyG_YYmcd08XccDShh4AaABAg,XUdic3Mwd2k,@ChanceKearns,Thank you for this. Never knew how much technology went into communicating between a team,0,2025-09-12T13:43:54Z,Marques Brownlee,Technology,This NFL Tech is Hidden in Plain Sight,11002554,450781,2664
UgxJDDGX5hgMXF5YCD94AaABAg,XUdic3Mwd2k,@LadyLucky8,Just saw on NBC REAL,4,2025-09-05T23:25:44Z,Marques Brownlee,Technology,This NFL Tech is Hidden in Plain Sight,11002554,450781,2664
Ugxj9Sjgng0ACMmXVx54AaABAg,XUdic3Mwd2k,@joeyfridays,The best part about the helmet is it makes the public think the players don’t get CTE! That way we can watch without feeling bad :),20,2025-09-06T21:54:48Z,Marques Brownlee,Technology,This NFL Tech is Hidden in Plain Sight,11002554,450781,2664
Ugzu1psb-s-X88PNTwp4AaABAg,XUdic3Mwd2k,@Dan_CI3,I learn more on my phone than I’ve learned in school 🤦🏽‍♂️,8,2025-09-23T18:50:10Z,Marques Brownlee,Technology,This NFL Tech is Hidden in Plain Sight,11002554,450781,2664
UgyB6-x6Fsey9qZ3Oel4AaABAg,XUdic3Mwd2k,@Dan-x4w7w,"Bluetooth is lagging behind immensely

Same way companies develop their own display from OLED , companies should also develop their own Bluetooth configurations. 

Including ability to connect 2 earphones at the same time, ability to package 2 separate devices  create a Bluetooth ""hotspot"",  so 1 left ear and 1 right ear pieces from the same model but different set can work as a new set.",2,2025-09-27T02:52:46Z,Marques Brownlee,Technology,This NFL Tech is Hidden in Plain Sight,11002554,450781,2664
UgxR-UkvTDdQiVXMaux4AaABAg,XUdic3Mwd2k,@vhsqueen,"I like you teaching those new or unaware or just not fans something they didnt know, but as a sports fan i was expecting something i didnt know lol.",0,2025-09-27T19:59:06Z,Marques Brownlee,Technology,This NFL Tech is Hidden in Plain Sight,11002554,450781,2664
UgzdPUX66I-Td8o4rot4AaABAg,XUdic3Mwd2k,@eatmoremusic3650,"Bro WHAT. I don’t watch NFL, I’m a EPL guy, that’s so crazy they can communicate directly with the players 🤷‍♂️",24,2025-09-06T06:06:53Z,Marques Brownlee,Technology,This NFL Tech is Hidden in Plain Sight,11002554,450781,2664
Ugws0AmNdrsJmka8BLF4AaABAg,XUdic3Mwd2k,@rupturedtortoise.1542,Can you do another one of these tech shorts about wireless microphones and in ear monitors that musicians use? Both were wireless systems invented with no delay way before Bluetooth. Pretty sure they use radio.,14,2025-09-06T01:54:47Z,Marques Brownlee,Technology,This NFL Tech is Hidden in Plain Sight,11002554,450781,2664
UgwFA-EMwkT45YMR4mp4AaABAg,XUdic3Mwd2k,@randominternetbro6562,"I appreciate that you took the time to really *slow down* and explain every step of the coach's communication, especially given your history",4,2025-09-08T18:38:17Z,Marques Brownlee,Technology,This NFL Tech is Hidden in Plain Sight,11002554,450781,2664
Ugw9XBHNoe7VVI27H0F4AaABAg,XUdic3Mwd2k,@kingjeffishere,"damn, 52 years old , knew there was some tech at some point, but NEVER  knew how it worked. Great vid, short & sweet.",0,2025-09-15T12:03:06Z,Marques Brownlee,Technology,This NFL Tech is Hidden in Plain Sight,11002554,450781,2664
UgzrBmrvQMYvzyvn7DB4AaABAg,XUdic3Mwd2k,@Beastlakeee,More videos like this please! Always fascinated in the tech behind the scenes for sports,0,2025-09-12T22:25:31Z,Marques Brownlee,Technology,This NFL Tech is Hidden in Plain Sight,11002554,450781,2664
UgyICkqI27O02TyqVJR4AaABAg,XUdic3Mwd2k,@healthymindhealthybody9692,And That's why Rugby League is a man's game,15,2025-09-07T01:06:50Z,Marques Brownlee,Technology,This NFL Tech is Hidden in Plain Sight,11002554,450781,2664
Ugw3glp01f5q2zxkucR4AaABAg,XUdic3Mwd2k,@okletsdothis22,"Personally, I dont like it. Part of what made the NFL great was players having to learn hand signals, or run over to the sideline, and also have playbooks on their arms. It all requires extra skill to manage.

Making things easier just makes it boring. Same problem with the pitcher comms in mlb.",9,2025-09-11T15:35:13Z,Marques Brownlee,Technology,This NFL Tech is Hidden in Plain Sight,11002554,450781,2664
UgzCyf1hkIUGddBKsUZ4AaABAg,XUdic3Mwd2k,@Maliss_ch,"The sponsorship from YT is wild. To anyone who watched the NFL, they know this happens. This is clearly set to the ""tech nerds"". There are tech people who likes sports....",15,2025-09-05T23:54:57Z,Marques Brownlee,Technology,This NFL Tech is Hidden in Plain Sight,11002554,450781,2664
Ugx-LT_9L2dP_BPK8l14AaABAg,XUdic3Mwd2k,@T-adams,"Thank you for making this video, I’ve searched YouTube a few times in the past for this video",0,2025-09-10T05:05:06Z,Marques Brownlee,Technology,This NFL Tech is Hidden in Plain Sight,11002554,450781,2664
UgyElj0Y4hn42kTwGV14AaABAg,XUdic3Mwd2k,@vic3xog,This is  great contect showing us sports tech. You can do this for so many different sports. Hope you do more of this.,0,2025-09-11T11:18:27Z,Marques Brownlee,Technology,This NFL Tech is Hidden in Plain Sight,11002554,450781,2664
UgwAwQY8y4rIc5u7RWx4AaABAg,XUdic3Mwd2k,@oseidwomoh,Wonder if they used it during your world frisbee championships! Iykyk!,5,2025-09-05T23:26:01Z,Marques Brownlee,Technology,This NFL Tech is Hidden in Plain Sight,11002554,450781,2664
UgxZSoTViGyA5rxxA_V4AaABAg,XUdic3Mwd2k,@Otto500206,"And in association football, you can't do this and fully rely on player's ability to read the game.",8,2025-09-06T05:16:16Z,Marques Brownlee,Technology,This NFL Tech is Hidden in Plain Sight,11002554,450781,2664
UgzpBCFpYZtKmynt-_d4AaABAg,XUdic3Mwd2k,@Camnero,"Hands down, one of the best tech influencers around. I always feel like I am going to get a well rounded opinion of anything Marques reviews. If not a review, I’m at least leaving more educated than I was before I watched.",0,2025-09-12T02:35:18Z,Marques Brownlee,Technology,This NFL Tech is Hidden in Plain Sight,11002554,450781,2664
UgzceNqV5FYJ2Hkv0kF4AaABAg,XUdic3Mwd2k,@HazyTrails,Always wondered what the whole waist-touch-while-playcalling thing was all about. Thanks!,0,2025-09-17T06:24:27Z,Marques Brownlee,Technology,This NFL Tech is Hidden in Plain Sight,11002554,450781,2664
Ugy5UFfcn5qb-naJmfV4AaABAg,XUdic3Mwd2k,@MichaelLongoria-s6y,That’s pretty cool!!! I knew this was a thing but wasn’t sure how it was executed. Thanks for the explanation,0,2025-09-12T17:45:47Z,Marques Brownlee,Technology,This NFL Tech is Hidden in Plain Sight,11002554,450781,2664
UgwaQQkKe8bl9cD6BFx4AaABAg,XUdic3Mwd2k,@Monty_TM,I really appreciate all these hidden tech videos!,0,2025-09-10T02:33:57Z,Marques Brownlee,Technology,This NFL Tech is Hidden in Plain Sight,11002554,450781,2664
UgyqEthmtFI7n5JGUqp4AaABAg,7gtc1DW2Tgo,@Ikan3103,"In a few years, we will have ads and sponsored posts right in front of our eyes.",24288,2025-09-19T17:59:12Z,Marques Brownlee,Technology,Wait... Smart Glasses are Suddenly Good?,8456528,192663,8794
UgwwwOPzQJzcsdlmlCl4AaABAg,7gtc1DW2Tgo,@yeoungbraxx,I would've been so excited about this 15 years ago. Now it seems dystopian as hell.,19019,2025-09-20T01:15:50Z,Marques Brownlee,Technology,Wait... Smart Glasses are Suddenly Good?,8456528,192663,8794
UgwUQZzpVk2NqrX49k14AaABAg,7gtc1DW2Tgo,@FuriousLightskin,"Only thing holding these things back is the fact they are tied to Meta.

They are so close.",20385,2025-09-19T17:54:15Z,Marques Brownlee,Technology,Wait... Smart Glasses are Suddenly Good?,8456528,192663,8794
UgzonjOqrmAST9vpubp4AaABAg,7gtc1DW2Tgo,@alexflosho,Now I just need these to be made by anyone but Meta,1630,2025-10-10T01:20:26Z,Marques Brownlee,Technology,Wait... Smart Glasses are Suddenly Good?,8456528,192663,8794
UgxvO1N8u1Np7Aa6pZN4AaABAg,7gtc1DW2Tgo,@Dionduvincimus,"As a member of the deaf community I would've never thought there would be a time where I can have in real life captions for conversations. Spent 28 years reading lips and hitting folks with the ""yeah thats crazy""",8373,2025-09-23T22:19:10Z,Marques Brownlee,Technology,Wait... Smart Glasses are Suddenly Good?,8456528,192663,8794
UgyRw9cEWH0TQ0v5rCJ4AaABAg,7gtc1DW2Tgo,@Wingspan_5,This is incredible! Now Meta can get data on everything in your entire house and then directly serve you ads for paper towels when they see you are out.,19100,2025-09-19T21:20:58Z,Marques Brownlee,Technology,Wait... Smart Glasses are Suddenly Good?,8456528,192663,8794
UgxhB7NcxI2dFMkFPFN4AaABAg,7gtc1DW2Tgo,@Steve_MP5,This will be a hit for the ASL community for the subtitles.,6153,2025-09-19T17:43:42Z,Marques Brownlee,Technology,Wait... Smart Glasses are Suddenly Good?,8456528,192663,8794
UgySgZZ5ZZlKUusPBSB4AaABAg,7gtc1DW2Tgo,@DrawryArts,"This was a childhood dream, now we need an option to display the opponent's strength number.",500,2025-10-13T00:43:12Z,Marques Brownlee,Technology,Wait... Smart Glasses are Suddenly Good?,8456528,192663,8794
UgyswWNVdlmn4isPFIh4AaABAg,7gtc1DW2Tgo,@casadogaspar,"The accessibility it will bring for deaf people is incredible.

And I'm really hyped for a new generation of wearables that will come in the next years.",6243,2025-09-19T18:12:43Z,Marques Brownlee,Technology,Wait... Smart Glasses are Suddenly Good?,8456528,192663,8794
UgyTLHe9Ds4-h1j2CPB4AaABAg,7gtc1DW2Tgo,@ErikOlsgaard,Sometimes I think these tech innovators watched 10 minutes of a Black Mirror episode and never saw how it ended,4328,2025-09-20T05:59:21Z,Marques Brownlee,Technology,Wait... Smart Glasses are Suddenly Good?,8456528,192663,8794
UgygMSQZeYAPsMmIzx54AaABAg,7gtc1DW2Tgo,@JustPaden,I wish Meta wasn’t so stubborn about the camera being vertical only. If you could record landscape so many YouTubers would buy these in a heartbeat.,3441,2025-09-19T17:46:09Z,Marques Brownlee,Technology,Wait... Smart Glasses are Suddenly Good?,8456528,192663,8794
UgzmIa37y6mJqX9Jqbt4AaABAg,7gtc1DW2Tgo,@GustavoGarcia-Romero,Doomscrolling is abt to go crazy,25,2026-04-03T01:35:50Z,Marques Brownlee,Technology,Wait... Smart Glasses are Suddenly Good?,8456528,192663,8794
UgyYPDRt9rUD-lR4zlF4AaABAg,7gtc1DW2Tgo,@norlore5216,5:54 omg mini map from video games irl,3226,2025-09-19T18:08:44Z,Marques Brownlee,Technology,Wait... Smart Glasses are Suddenly Good?,8456528,192663,8794
UgwXw6lq5MQRiNREPFd4AaABAg,7gtc1DW2Tgo,@joeybagobullets,This used to be something to be excited about now I’m just terrified. Eye contact is about to be a life skill,1720,2025-09-20T19:08:00Z,Marques Brownlee,Technology,Wait... Smart Glasses are Suddenly Good?,8456528,192663,8794
UgyOzfPAysa9ToAs1hJ4AaABAg,7gtc1DW2Tgo,@GuyRodgers,Loving the live transcription of Brandon asking Marques to get another robot @6:22 😂,2802,2025-09-19T17:50:54Z,Marques Brownlee,Technology,Wait... Smart Glasses are Suddenly Good?,8456528,192663,8794
Ugy2h3_B5JJbQR_2tzt4AaABAg,7gtc1DW2Tgo,@gabbylikeskicks,"6:22 having a commercially acceptable smart glasses, translating a convo about a robot having separation anxiety, and therefore needs another bot friend is definitely something we'll encounter in the future",19,2025-11-10T12:18:41Z,Marques Brownlee,Technology,Wait... Smart Glasses are Suddenly Good?,8456528,192663,8794
Ugyrje2OPh4BgndI6_J4AaABAg,7gtc1DW2Tgo,@ifusion,The dystopian electronic music for the ending thoughts was *chef’s kiss*,1530,2025-09-19T19:08:59Z,Marques Brownlee,Technology,Wait... Smart Glasses are Suddenly Good?,8456528,192663,8794
UgxLutSoWT1Kf8osBY54AaABAg,7gtc1DW2Tgo,@JohnSmith-c6m1i,"Crazy how fast this tech is moving. A year ago smart glasses felt like a gimmick, and now they’re turning into something we might actually use every day. It reminds me of when I read Erased Money Rules recently the same feeling of realizing the world is shifting in ways most people don’t even notice until it’s right in front of them.",4160,2025-09-20T12:14:37Z,Marques Brownlee,Technology,Wait... Smart Glasses are Suddenly Good?,8456528,192663,8794
UgznPBK45Fh7-61i0wJ4AaABAg,7gtc1DW2Tgo,@TheUnlocked,"The idea of wearing a computer on my face all the time is unappealing, but the software being locked to Facebook stuff is a complete non-starter.",480,2025-09-19T21:44:29Z,Marques Brownlee,Technology,Wait... Smart Glasses are Suddenly Good?,8456528,192663,8794
Ugy1blVZp49jsA6x12N4AaABAg,7gtc1DW2Tgo,@alexanderwindh4830,Dystopian as hell. Creeps recording everything. It's enough with everybody out filming tiktok,8,2026-03-13T14:49:30Z,Marques Brownlee,Technology,Wait... Smart Glasses are Suddenly Good?,8456528,192663,8794
Ugw-mTwUqy3aps66n5N4AaABAg,7gtc1DW2Tgo,@franzrecht6092,"The comments: 1. Great for Maps especially for deaf people in terms of real time subtitles.
2. Charging case hella cool
3. Privacy concerns with meta making this a definite no go. Make it open source",1017,2025-09-20T08:40:39Z,Marques Brownlee,Technology,Wait... Smart Glasses are Suddenly Good?,8456528,192663,8794
UgyKOY_0SPA02tvgwCp4AaABAg,7gtc1DW2Tgo,@austin5019,"Google Glass you could say, was definitely ahead of its time.",1185,2025-09-19T17:39:43Z,Marques Brownlee,Technology,Wait... Smart Glasses are Suddenly Good?,8456528,192663,8794
Ugz3DjSayPsWq-vzFDZ4AaABAg,7gtc1DW2Tgo,@Skelovane,Most surprising thing is it costs less than $1000! 🤯,718,2025-09-19T19:20:18Z,Marques Brownlee,Technology,Wait... Smart Glasses are Suddenly Good?,8456528,192663,8794
UgxgAHPRs5SuIdNB7dJ4AaABAg,7gtc1DW2Tgo,@Lele_Wolfgang,6:11  bro that looks and must feel like those games with the maps at the corner,5,2025-10-19T04:44:20Z,Marques Brownlee,Technology,Wait... Smart Glasses are Suddenly Good?,8456528,192663,8794
Ugz_Rrlt-ZMO-q5a0314AaABAg,7gtc1DW2Tgo,@chrissmthn,Bro that charging case is insane,850,2025-09-19T17:46:09Z,Marques Brownlee,Technology,Wait... Smart Glasses are Suddenly Good?,8456528,192663,8794
Ugzoflw-Jr-SGhtFw494AaABAg,7gtc1DW2Tgo,@Cranky_1422,6:35 oh my god real life subtitles are real now😭🎉,687,2025-09-19T19:03:23Z,Marques Brownlee,Technology,Wait... Smart Glasses are Suddenly Good?,8456528,192663,8794
UgzHF5ht1U6A4zJl7vF4AaABAg,7gtc1DW2Tgo,@TheRealTommyLee,3:21 imagine a room full of people like this,566,2025-09-19T17:57:30Z,Marques Brownlee,Technology,Wait... Smart Glasses are Suddenly Good?,8456528,192663,8794
Ugz5vb4_zZ4K58nCPhJ4AaABAg,7gtc1DW2Tgo,@West996,I love the black mirror finish :),2,2025-11-14T22:46:16Z,Marques Brownlee,Technology,Wait... Smart Glasses are Suddenly Good?,8456528,192663,8794
UgyzjuksgG-fm8aLgsF4AaABAg,7gtc1DW2Tgo,@BenSullinsOfficial,"Dope, now make it open source",788,2025-09-19T22:19:20Z,Marques Brownlee,Technology,Wait... Smart Glasses are Suddenly Good?,8456528,192663,8794
UgznQ9iOLyr8oAEgx094AaABAg,7gtc1DW2Tgo,@bqtor,The biggest drawback of this product is not privacy’s nightmare for the buyers only but also for the people that just happen to be in the same spot as meta glasses users.,793,2025-09-20T14:14:57Z,Marques Brownlee,Technology,Wait... Smart Glasses are Suddenly Good?,8456528,192663,8794
Ugw4JqXY6iexH5ORrRB4AaABAg,7gtc1DW2Tgo,@shawnswineford1683,"As someone who's suffering from cochlear hydrops, my hearing will drop in and out from time to time.  The ability to get speech to text presented right in front of me would be a huge deal. Will keep an eye on these and other glasses",828,2025-09-21T15:32:49Z,Marques Brownlee,Technology,Wait... Smart Glasses are Suddenly Good?,8456528,192663,8794
UgxIPsIqLMEGoTQx7Eh4AaABAg,7gtc1DW2Tgo,@RolandKontson,1:41 - The control with surface electromyography is cool,0,2025-10-20T12:55:58Z,Marques Brownlee,Technology,Wait... Smart Glasses are Suddenly Good?,8456528,192663,8794
Ugxc5U97tTLpC5kpmPh4AaABAg,7gtc1DW2Tgo,@philiparonson8315,11:30 In my experience people can stop paying attention to me without doing a side eye while wearing their smart glasses.,193,2025-09-20T00:30:12Z,Marques Brownlee,Technology,Wait... Smart Glasses are Suddenly Good?,8456528,192663,8794
Ugwg5IPzChdPpKj08G94AaABAg,7gtc1DW2Tgo,@Diamondgio210,9:25 lol the way they blaming the WiFi 💀,264,2025-09-20T19:29:14Z,Marques Brownlee,Technology,Wait... Smart Glasses are Suddenly Good?,8456528,192663,8794
Ugw8svuD7yUxUrpay4B4AaABAg,7gtc1DW2Tgo,@HeisenbergFam,"""new iPhones are iterative""

Love how Marques is brutally honest about it",948,2025-09-19T17:39:30Z,Marques Brownlee,Technology,Wait... Smart Glasses are Suddenly Good?,8456528,192663,8794
UgyjO_GNRizlbjXEArt4AaABAg,7gtc1DW2Tgo,@NoChillAustin,"Well well well, here we are today",2,2026-09-24T02:56:59Z,Marques Brownlee,Technology,Wait... Smart Glasses are Suddenly Good?,8456528,192663,8794
UgwdcgnsgsOjFWY0EMp4AaABAg,7gtc1DW2Tgo,@alexanderschultz9803,9:36 I never realized how painfully awkward it is to watch Zuck do a presentation or a demo,515,2025-09-22T10:23:39Z,Marques Brownlee,Technology,Wait... Smart Glasses are Suddenly Good?,8456528,192663,8794
UgyogFZ6nclbtqx_cyd4AaABAg,7gtc1DW2Tgo,@muhammad_ahsan_007,"09:56 my professor would have canceled my university final year project if my presentation would be like this, that means i am better than meta team ?",61,2025-09-20T21:21:41Z,Marques Brownlee,Technology,Wait... Smart Glasses are Suddenly Good?,8456528,192663,8794
Ugwd9VS_e0IzuAYd8l14AaABAg,7gtc1DW2Tgo,@manueltomas3266,"11:20  it is so nice how Marques take a topic, like ""smart glasses"", and then he turns it into something bigger, about us as human beings and our lives. I think that's why many people off the tech world still watch him.",454,2025-09-20T01:24:54Z,Marques Brownlee,Technology,Wait... Smart Glasses are Suddenly Good?,8456528,192663,8794
Ugw8YhgS-4oQ-xG8VTN4AaABAg,7gtc1DW2Tgo,@chaztiiized,03:22 was a moment I wish he elaborated on. It seemed like a highlight and immense control in that world.,0,2025-12-20T04:58:19Z,Marques Brownlee,Technology,Wait... Smart Glasses are Suddenly Good?,8456528,192663,8794
UgxYOyhBLlgcAeFze214AaABAg,7gtc1DW2Tgo,@AllHandsOnEveryThing,7:20 got you Marcus 😉,70,2025-09-19T18:44:29Z,Marques Brownlee,Technology,Wait... Smart Glasses are Suddenly Good?,8456528,192663,8794
UgyCyWFKMU9TRxxtjRB4AaABAg,7gtc1DW2Tgo,@brotherfranciz,"8:33 - OK, now I really want to watch that disaster of a live demo...",127,2025-09-20T09:40:13Z,Marques Brownlee,Technology,Wait... Smart Glasses are Suddenly Good?,8456528,192663,8794
UgymC-MiowBMc4P0L3d4AaABAg,7gtc1DW2Tgo,@guess-what-lol,"Man ... Marques ability to be excited/complimentary but also critical at the same time is unparalleled. You're the best, man.",343,2025-09-19T19:52:58Z,Marques Brownlee,Technology,Wait... Smart Glasses are Suddenly Good?,8456528,192663,8794
UgwlYvYEBD77i4WZX7p4AaABAg,7gtc1DW2Tgo,@Lumix_Corrupt,I can’t wait for VR hand tracking to level up with those armbands,1,2025-10-21T23:59:01Z,Marques Brownlee,Technology,Wait... Smart Glasses are Suddenly Good?,8456528,192663,8794
Ugx4jxjncHzkQnHgtux4AaABAg,7gtc1DW2Tgo,@zinho223,11:19 imagine being able to constantly watch reels at work,379,2025-09-19T18:01:50Z,Marques Brownlee,Technology,Wait... Smart Glasses are Suddenly Good?,8456528,192663,8794
UgySvkNeIzUlAUUYZmt4AaABAg,7gtc1DW2Tgo,@evietvv,6:11 THEY LITERALLY MADE IT A MINIMAP,30,2025-09-19T18:40:00Z,Marques Brownlee,Technology,Wait... Smart Glasses are Suddenly Good?,8456528,192663,8794
UgxpKgdCDwDV9X6HrAB4AaABAg,7gtc1DW2Tgo,@Steph1,"The neural interface is the craziest part for me, it’s way bigger than the glasses. That thing could become the universal remote for everything. Pc, tv, phone, glasses, consoles, …",217,2025-09-19T21:55:24Z,Marques Brownlee,Technology,Wait... Smart Glasses are Suddenly Good?,8456528,192663,8794
Ugye7Hy24U5RFDYWupF4AaABAg,7gtc1DW2Tgo,@user-uc5yc2ch4g,"Best-selling points are definitely: Video calls, Maps with sensitive to head rotation, live subtitling AND live translation. The opportunity for accessibility? Kind of like Vision Pro's labelling function. This feels so sci-fi man 😮 Worst though, like you said, it's Meta 😬 The data and privacy concerns...",1,2026-09-10T18:29:43Z,Marques Brownlee,Technology,Wait... Smart Glasses are Suddenly Good?,8456528,192663,8794
Ugx4F6QEPB6tUOzz1hN4AaABAg,7gtc1DW2Tgo,@hotcoals2291,"As a blind person, I am very excited to get my hands on these.",518,2025-10-06T06:33:52Z,Marques Brownlee,Technology,Wait... Smart Glasses are Suddenly Good?,8456528,192663,8794
UgzOQP1OPqsG_HoBQrV4AaABAg,7gtc1DW2Tgo,@lamalp8348,7:48 take my money,173,2025-09-19T19:09:40Z,Marques Brownlee,Technology,Wait... Smart Glasses are Suddenly Good?,8456528,192663,8794
Ugx7bN9HNPoeA_2Mn8x4AaABAg,7gtc1DW2Tgo,@debyes,my exams about to be a whole lot easier,908,2025-09-19T17:50:53Z,Marques Brownlee,Technology,Wait... Smart Glasses are Suddenly Good?,8456528,192663,8794
Ugy2GxE5zfqMBiAbk3l4AaABAg,7gtc1DW2Tgo,@gabbyjohnson,the live transcribe would be a game changer for my adhd/auditory processing delay especially at work! there are apps that can it now but having it just where i’m looking would be amazing,0,2025-10-14T08:09:50Z,Marques Brownlee,Technology,Wait... Smart Glasses are Suddenly Good?,8456528,192663,8794
UgxzCjzCmTJb1aIxNGh4AaABAg,7gtc1DW2Tgo,@Alazen.,We need Ublock Origin for these immediately,165,2025-09-19T23:22:54Z,Marques Brownlee,Technology,Wait... Smart Glasses are Suddenly Good?,8456528,192663,8794
UgzbZKxRkmOM3yDc4LZ4AaABAg,7gtc1DW2Tgo,@shan_singh,"Meta doesn't just track what you watch- they track how you engage with every reel or ad to keep you scrolling. 

Now, they'll know exactly what excites you-your heartbeat, your pupil dilation, your dopamine spikes-and use it to serve you more of what hooks you.",166,2025-09-19T20:48:20Z,Marques Brownlee,Technology,Wait... Smart Glasses are Suddenly Good?,8456528,192663,8794
Ugyt22EantMyLQQQawl4AaABAg,7gtc1DW2Tgo,@fredriks91,I'd love these glasses with Live view in Google maps,1,2026-02-15T15:58:17Z,Marques Brownlee,Technology,Wait... Smart Glasses are Suddenly Good?,8456528,192663,8794
UgxpwyKiofxXQd-Qoy14AaABAg,7gtc1DW2Tgo,@jobayerhasanrafi,6:15 the japan subtitle anime meme just got solved.,22,2025-09-19T22:46:38Z,Marques Brownlee,Technology,Wait... Smart Glasses are Suddenly Good?,8456528,192663,8794
Ugw7IyqSWA2hZImDaxd4AaABAg,7gtc1DW2Tgo,@JamesRuga,I love when tech companies compete.,149,2025-09-19T17:46:31Z,Marques Brownlee,Technology,Wait... Smart Glasses are Suddenly Good?,8456528,192663,8794
Ugyzd0o_Wbr2wlqpQkZ4AaABAg,7gtc1DW2Tgo,@GavinRemme,My mom is deaf in one ear and has severe hearing loss in the other. The live captions feature alone would be a HUGE help for her. That is amazing.,31,2025-09-22T07:01:02Z,Marques Brownlee,Technology,Wait... Smart Glasses are Suddenly Good?,8456528,192663,8794
Ugx4BSZyKzABUl51oa14AaABAg,7gtc1DW2Tgo,@zeitlos-y9o,That outro was really amazing 😂😂,1,2025-11-14T16:33:17Z,Marques Brownlee,Technology,Wait... Smart Glasses are Suddenly Good?,8456528,192663,8794
UgzcDRCZX8uHmokg1sp4AaABAg,7gtc1DW2Tgo,@harveylim9785,0:52 i like how theres a google glass on the table to the left and a meta quest 3s on the right. Kinda hinting that marques in the center represents these glasses as kind of a middle ground between the two techs,189,2025-09-19T17:48:32Z,Marques Brownlee,Technology,Wait... Smart Glasses are Suddenly Good?,8456528,192663,8794
Ugyn_dck-s088PWGLj54AaABAg,7gtc1DW2Tgo,@HamzaWasif66,6:20 is one hell of a look,234,2025-09-19T17:39:23Z,Marques Brownlee,Technology,Wait... Smart Glasses are Suddenly Good?,8456528,192663,8794
UgyUZqyz1K3J-5mFD-54AaABAg,7gtc1DW2Tgo,@rtothec1234,"If it was any other company I might get on board. But you could not pay me to get a Meta account, much less, use a product that depends on having one.",29,2025-09-19T22:30:00Z,Marques Brownlee,Technology,Wait... Smart Glasses are Suddenly Good?,8456528,192663,8794
UgxZCFA2GFLvDVdZOzd4AaABAg,7gtc1DW2Tgo,@rad1930,"I've found when talking to most people these days, they usually ""glance down"" to the right when in conversation, so I really don't think the majority of people would even notice.",1,2026-04-20T08:31:47Z,Marques Brownlee,Technology,Wait... Smart Glasses are Suddenly Good?,8456528,192663,8794
Ugy5ssjaS5K2WRQqX8J4AaABAg,7gtc1DW2Tgo,@reihanhanafi23,6:21 I feel like I'm watching IRL Reels,33,2025-09-19T17:46:20Z,Marques Brownlee,Technology,Wait... Smart Glasses are Suddenly Good?,8456528,192663,8794
Ugxvqg5ERHvrkSE9EDR4AaABAg,7gtc1DW2Tgo,@CHEFCUSO,Tried my best in that demo 😂 but yeah the new glasses are absolutely amazing. Unreal.,496,2025-09-20T02:10:56Z,Marques Brownlee,Technology,Wait... Smart Glasses are Suddenly Good?,8456528,192663,8794
Ugzfccx96qLiJChQQt14AaABAg,7gtc1DW2Tgo,@YeOldeBelmont,"1:36 Random question. Did you spell out H-U-D instead of saying ""hud"" for the automatically generated subtitles, or is there some other reason for the script excluding the widely accepted initialism?",12,2025-09-21T21:36:19Z,Marques Brownlee,Technology,Wait... Smart Glasses are Suddenly Good?,8456528,192663,8794
Ugx9APXqAvLKaty64SF4AaABAg,7gtc1DW2Tgo,@Izzy.zx6r,I’m so excited to see how smart glasses develop over the next couple years and if some cyber sec folks will offer some E2E locked down apps for em. Only kind of wearable I’d actually use but dunno if they’re quite there yet.,0,2026-03-29T01:00:02Z,Marques Brownlee,Technology,Wait... Smart Glasses are Suddenly Good?,8456528,192663,8794
Ugzczt71zxWhS6ER-Fp4AaABAg,7gtc1DW2Tgo,@randoRodman,You'll never catch me giving a dollar to Meta,552,2025-09-19T19:04:19Z,Marques Brownlee,Technology,Wait... Smart Glasses are Suddenly Good?,8456528,192663,8794
UgzaNarBjBYeMwDpTC54AaABAg,7gtc1DW2Tgo,@gu4xinim,They look incredible but I refuse to actively give money to Meta for them.,240,2025-09-19T20:36:47Z,Marques Brownlee,Technology,Wait... Smart Glasses are Suddenly Good?,8456528,192663,8794
UgxbiQ7smGSXR9aJxIN4AaABAg,7gtc1DW2Tgo,@michellelin6585,I’m amazed by this product but also terrified,105,2025-09-19T18:42:21Z,Marques Brownlee,Technology,Wait... Smart Glasses are Suddenly Good?,8456528,192663,8794
UgxiPKBYXqVetyrTrv94AaABAg,7gtc1DW2Tgo,@thejoshuadibs,Respect to Zuck's attitude and the fact he chose to make the demo raw and real.,0,2025-11-09T16:38:27Z,Marques Brownlee,Technology,Wait... Smart Glasses are Suddenly Good?,8456528,192663,8794
UgyQQTCWCuCug9AsX414AaABAg,7gtc1DW2Tgo,@Dada228822,"It it wasn’t meta, is buy this in a heartbeat.",254,2025-09-19T23:32:39Z,Marques Brownlee,Technology,Wait... Smart Glasses are Suddenly Good?,8456528,192663,8794
Ugxzwpbs5WFPNXdXp7l4AaABAg,7gtc1DW2Tgo,@JohnLoida,"6:31 as someone with auditory processing disorder, this is absolutely game changing. This is a day one buy, this completely solves the issue of having to ask people to constantly speak up or move to a less noisy room.",128,2025-09-19T19:59:43Z,Marques Brownlee,Technology,Wait... Smart Glasses are Suddenly Good?,8456528,192663,8794
UgzLd6ZEHT5TbP1csS54AaABAg,7gtc1DW2Tgo,@martz0r,I watched this dude's videos over a decade ago then kind of fell out of phones and it's so cool to see how he has grown his following over the years. Awesome job Marques.,28,2025-09-21T04:53:32Z,Marques Brownlee,Technology,Wait... Smart Glasses are Suddenly Good?,8456528,192663,8794
UgyH4amrCVREw7sNWmx4AaABAg,7gtc1DW2Tgo,@defysocialdeity,"im so excited for these, there will just be more and more improvements for future iterations",0,2026-04-20T16:38:12Z,Marques Brownlee,Technology,Wait... Smart Glasses are Suddenly Good?,8456528,192663,8794
Ugz0LeAPvDpjrFm1GOF4AaABAg,_oRgdlJUD18,@mkbhd,NOW AVAILABLE,309,2026-09-14T20:27:24Z,Marques Brownlee,Technology,iOS 27 Hands-On: Top 5 New Features!,8219643,161269,8165
UgzXyIe9HjEQSlu-gVl4AaABAg,_oRgdlJUD18,@jadeushorts,Here before bankruptcy files for OpenAI,16096,2026-07-13T22:33:33Z,Marques Brownlee,Technology,iOS 27 Hands-On: Top 5 New Features!,8219643,161269,8165
UgzhSIYHMejq8KekYm54AaABAg,_oRgdlJUD18,@bajke5591,We will get EVERYTHING before clipboard and numbers row 🥀😭✌,12092,2026-07-13T22:46:40Z,Marques Brownlee,Technology,iOS 27 Hands-On: Top 5 New Features!,8219643,161269,8165
Ugw1sEWVOmGJK40VT7p4AaABAg,_oRgdlJUD18,@ACVnoAI,Siri finally starting to become what people thought Siri was going to be when it first came out,6506,2026-07-14T07:56:59Z,Marques Brownlee,Technology,iOS 27 Hands-On: Top 5 New Features!,8219643,161269,8165
UgxcvgEzx3AkTWVGlCR4AaABAg,_oRgdlJUD18,@HONEYDRUDGER,"You should really be covering data scraping, AI, and the privacy concerns associated with these technologies with more skepticism.",29,2026-09-14T04:42:35Z,Marques Brownlee,Technology,iOS 27 Hands-On: Top 5 New Features!,8219643,161269,8165
UgznP6hCjhCPUpb4AdJ4AaABAg,_oRgdlJUD18,@Talswood,We get it bro you have a porsche 😂😂😭😭,2569,2026-07-15T01:31:59Z,Marques Brownlee,Technology,iOS 27 Hands-On: Top 5 New Features!,8219643,161269,8165
UgxsTKXKAPg56k9AGvt4AaABAg,_oRgdlJUD18,@kwesiafari605,All fun and games until your wife asks Siri where you were😭✌️,3532,2026-07-14T07:32:05Z,Marques Brownlee,Technology,iOS 27 Hands-On: Top 5 New Features!,8219643,161269,8165
UgwZUOL_nfgCR9SVz894AaABAg,_oRgdlJUD18,@TheHollowedArtist,Very glad Siri could look at my burger oozing with grease and cheese and tell me it’s not very healthy. I never woulda guessed!,4444,2026-07-14T01:29:38Z,Marques Brownlee,Technology,iOS 27 Hands-On: Top 5 New Features!,8219643,161269,8165
UgyfSkY40PgDy5BnlgV4AaABAg,_oRgdlJUD18,@stressballer,Generative AI needs to be regulated. This is a dangerous development.,809,2026-07-20T20:10:35Z,Marques Brownlee,Technology,iOS 27 Hands-On: Top 5 New Features!,8219643,161269,8165
Ugw9BLm_MXEYnyclzux4AaABAg,_oRgdlJUD18,@MarshallBroo,"As an Android user, it was FOR SURE a surprise to see not having a separate alarm volume. Like, until this update rolls out, people with iPhones don't have an option to adjust their alarm volume?!",5314,2026-07-13T22:57:24Z,Marques Brownlee,Technology,iOS 27 Hands-On: Top 5 New Features!,8219643,161269,8165
Ugw7mjHabhKwyLJBV9V4AaABAg,_oRgdlJUD18,@RobVice,Insane how there’s a seemingly concentrated effort worldwide to erode privacy and be as invasive as possible. 2030s is gonna be a dystopian hellhole.,1380,2026-07-14T21:42:44Z,Marques Brownlee,Technology,iOS 27 Hands-On: Top 5 New Features!,8219643,161269,8165
Ugzm9oie9CE96-3vQ_V4AaABAg,_oRgdlJUD18,@jelleversteeg4700,Let that AI bubble burst already,1662,2026-07-13T22:41:59Z,Marques Brownlee,Technology,iOS 27 Hands-On: Top 5 New Features!,8219643,161269,8165
UgySdaWUN2qnIPe78XN4AaABAg,_oRgdlJUD18,@ethanwwm,"""you liquid glass sickos"" im dead 😂",2459,2026-07-14T00:07:16Z,Marques Brownlee,Technology,iOS 27 Hands-On: Top 5 New Features!,8219643,161269,8165
UgwzoBVwS4cqdApn3vR4AaABAg,_oRgdlJUD18,@reomemewagon,Very cool that Siri can scrape all my personal data and destroy the environment with requests to data centers.,1659,2026-07-16T07:16:13Z,Marques Brownlee,Technology,iOS 27 Hands-On: Top 5 New Features!,8219643,161269,8165
Ugw4JBeHJLVQzJO3_rh4AaABAg,_oRgdlJUD18,@FYUUUN,9:19 i can just imagine a cop asking a suspect of homicide to ask his phone where he was on the day of the murder,659,2026-07-17T13:32:04Z,Marques Brownlee,Technology,iOS 27 Hands-On: Top 5 New Features!,8219643,161269,8165
Ugxxtn4LkbSqjyRJW2h4AaABAg,_oRgdlJUD18,@KristjanGabrijelcic,We don’t want any of those AI features!,7,2026-07-22T11:00:20Z,Marques Brownlee,Technology,iOS 27 Hands-On: Top 5 New Features!,8219643,161269,8165
UgyDOBs2TWWEEYNFLFh4AaABAg,_oRgdlJUD18,@TRIVEALIVE,No likes no views my unemployment might have peaked today,1621,2026-07-13T22:27:59Z,Marques Brownlee,Technology,iOS 27 Hands-On: Top 5 New Features!,8219643,161269,8165
UgyZegI8iLyb8d5blLZ4AaABAg,_oRgdlJUD18,@Foopy,"Very glad it's tracking my every movement and filing it conveniently for history, needed this. This surely can't be used negatively.",1134,2026-07-14T12:57:00Z,Marques Brownlee,Technology,iOS 27 Hands-On: Top 5 New Features!,8219643,161269,8165
UgyZzW3SEoSOtPQMOdZ4AaABAg,_oRgdlJUD18,@jmotots,i wish apple would make a dedicated app for budgeting money and tracking daily expenses that can make a excel sheet of all the shit i buy,1575,2026-07-14T02:34:54Z,Marques Brownlee,Technology,iOS 27 Hands-On: Top 5 New Features!,8219643,161269,8165
UgyeyDJCGZQXlU24etd4AaABAg,_oRgdlJUD18,@flipm725,yes Siri vs Gemini vid pls!,6,2026-09-15T02:08:03Z,Marques Brownlee,Technology,iOS 27 Hands-On: Top 5 New Features!,8219643,161269,8165
UgyCy353NXEDNy9-sQd4AaABAg,_oRgdlJUD18,@InttoTTheNightt,6:18 I want it to be MORE glass than I’m allowed currently,1017,2026-07-13T22:36:06Z,Marques Brownlee,Technology,iOS 27 Hands-On: Top 5 New Features!,8219643,161269,8165
UgwrB8-1-QOOFPq9loZ4AaABAg,_oRgdlJUD18,@andrei7636,9:35 that is not a feature i would want.I would feel like i have no privacy.Lets be honest this is a even more of a masked spy ware,203,2026-07-17T15:57:05Z,Marques Brownlee,Technology,iOS 27 Hands-On: Top 5 New Features!,8219643,161269,8165
UgxjPf0eMof2TF4YSZh4AaABAg,_oRgdlJUD18,@BillOak.,12:21 yes we need that video Marques,477,2026-07-13T23:37:11Z,Marques Brownlee,Technology,iOS 27 Hands-On: Top 5 New Features!,8219643,161269,8165
UgxXc1qZIqVbJkr9xKh4AaABAg,_oRgdlJUD18,@jeremycarmonaTnT,What the really need to add to iPhones is the ability to clear system data and storage more easily,59,2026-07-22T12:11:18Z,Marques Brownlee,Technology,iOS 27 Hands-On: Top 5 New Features!,8219643,161269,8165
UgyxZ6IWRJqeFQcT9q54AaABAg,_oRgdlJUD18,@kchastain3,Scrubbing in CarPlay is definitely I’ve wanted for years. Now give us an Artists page to click into like the album name does.,381,2026-07-13T23:21:12Z,Marques Brownlee,Technology,iOS 27 Hands-On: Top 5 New Features!,8219643,161269,8165
Ugy13YqgRAM1wbVLD1R4AaABAg,_oRgdlJUD18,@Sen-Hiro,"The CarPlay not being able to scrub through music always annoyed the hell out of me, glad they finally fix that.",29,2026-07-18T01:40:07Z,Marques Brownlee,Technology,iOS 27 Hands-On: Top 5 New Features!,8219643,161269,8165
UgxprurevtNc4EpsVHF4AaABAg,_oRgdlJUD18,@JusticeMarrelli-Tech,12:20 yes bro,183,2026-07-14T12:39:49Z,Marques Brownlee,Technology,iOS 27 Hands-On: Top 5 New Features!,8219643,161269,8165
UgxVgEFK18T8bj66YVZ4AaABAg,_oRgdlJUD18,@Texg1rl_,Yes please. I’d like your review Siri vs Gemini.,12,2026-09-08T02:12:35Z,Marques Brownlee,Technology,iOS 27 Hands-On: Top 5 New Features!,8219643,161269,8165
Ugz-qP2NNpN6Fnx7bUd4AaABAg,_oRgdlJUD18,@pinklemonade6597,9:30 this sounds like an INSANE privacy issue cn you even turn it off?,295,2026-07-17T19:54:16Z,Marques Brownlee,Technology,iOS 27 Hands-On: Top 5 New Features!,8219643,161269,8165
UgyX4Ja9pnBe_SVzvud4AaABAg,_oRgdlJUD18,@kimiesta,The best feature I have in ios 26 is disabling Apple Intelligence. Love everything about that one slider.,619,2026-07-14T02:23:36Z,Marques Brownlee,Technology,iOS 27 Hands-On: Top 5 New Features!,8219643,161269,8165
UgwOuoxsUMIVxQAuM7R4AaABAg,_oRgdlJUD18,@megaclone18,4:50 Ok guess I'm updating.,21,2026-07-14T13:06:33Z,Marques Brownlee,Technology,iOS 27 Hands-On: Top 5 New Features!,8219643,161269,8165
UgzcyJ89-1A7YJIMj4p4AaABAg,_oRgdlJUD18,@greatlyinsane,"Glad it's working for someone. I updated yesterday and Safari is dead on both my iPhone and iPad. Phone: opens, unresponsive to touch, crashes closed at roughly 20 seconds, every single launch. iPad: 7 seconds to load, unresponsive, now crashing as well. Both were fine before the update.

Things that didn't fix it: force quit and relaunch, restart, clear history and website data, disable all extensions, reset network settings, and turning Safari off in iCloud with Delete so there's no local bookmark data left on either device. Still crashes with nothing to load.

Filed it with Apple. Using a third-party browser in the meantime. If anyone else is hitting this, say so, because right now there's no way to tell whether it's widespread or a handful of us.",3,2026-09-15T18:50:41Z,Marques Brownlee,Technology,iOS 27 Hands-On: Top 5 New Features!,8219643,161269,8165
UgxVqKY2fHiHMLQVHvh4AaABAg,_oRgdlJUD18,@Hezy,2:33 kids head is literally backwards,176,2026-07-13T22:46:10Z,Marques Brownlee,Technology,iOS 27 Hands-On: Top 5 New Features!,8219643,161269,8165
UgyB4ZqQ-5UlrSLLwxZ4AaABAg,_oRgdlJUD18,@SirPonyo,The alarm volume is actually pretty crazy not to have for 20 years. I feel like that should've been a moderately easy software update.,155,2026-07-13T22:57:25Z,Marques Brownlee,Technology,iOS 27 Hands-On: Top 5 New Features!,8219643,161269,8165
UgxzztHGMQh_AFiI7oZ4AaABAg,_oRgdlJUD18,@WESTMSODRA,Watching this on my iPhone XR 😭,429,2026-07-14T04:31:12Z,Marques Brownlee,Technology,iOS 27 Hands-On: Top 5 New Features!,8219643,161269,8165
UgzSq9i6QfvnxV_P5ZN4AaABAg,_oRgdlJUD18,@elebobadilla28,"After all these updates, and we STILL can’t close all the apps at once! 😅",3,2026-09-18T00:17:34Z,Marques Brownlee,Technology,iOS 27 Hands-On: Top 5 New Features!,8219643,161269,8165
Ugyx1jzy_dkNH5Drqed4AaABAg,_oRgdlJUD18,@qydax,We see you showing of the cars😂,458,2026-07-13T22:33:41Z,Marques Brownlee,Technology,iOS 27 Hands-On: Top 5 New Features!,8219643,161269,8165
Ugwr8lwNIG4mmriSiDt4AaABAg,_oRgdlJUD18,@flowstate90210,9:08 This is downright terrifying,130,2026-07-17T17:13:34Z,Marques Brownlee,Technology,iOS 27 Hands-On: Top 5 New Features!,8219643,161269,8165
UgxesYjUY43nE1htuFB4AaABAg,_oRgdlJUD18,@kaidoChess,4:25 holy moly so real!!,47,2026-07-14T01:02:37Z,Marques Brownlee,Technology,iOS 27 Hands-On: Top 5 New Features!,8219643,161269,8165
UgyeYqOfFnS4j-SUBZJ4AaABAg,_oRgdlJUD18,@corymayer9187,Absolutely. We need a review of side by side comparison,0,2026-07-23T13:42:55Z,Marques Brownlee,Technology,iOS 27 Hands-On: Top 5 New Features!,8219643,161269,8165
Ugzyhclfv_GrgAS2yPV4AaABAg,_oRgdlJUD18,@pietrobonfy0619,11:59 we will but apple please fix the damn xcode runner. if anyone knows why it always gets stuck in pre planning please let me know.,28,2026-07-14T08:39:13Z,Marques Brownlee,Technology,iOS 27 Hands-On: Top 5 New Features!,8219643,161269,8165
UgwSFn05fbxfTVTdtYt4AaABAg,_oRgdlJUD18,@R0SS0,The fact that this has been one of the most stable developer betas in years is a huge green flag. Super excited for the official release in September.,308,2026-07-14T01:16:38Z,Marques Brownlee,Technology,iOS 27 Hands-On: Top 5 New Features!,8219643,161269,8165
Ugz13O_YfXD8WFwiIkd4AaABAg,_oRgdlJUD18,@wwhisperwolf,9:12 ….. idk about this one bro,111,2026-07-14T04:34:26Z,Marques Brownlee,Technology,iOS 27 Hands-On: Top 5 New Features!,8219643,161269,8165
UgzV_jYNX-Mb06IpRzt4AaABAg,_oRgdlJUD18,@strayparticles,"3:50 Separate alarm volume from system volume?
OH MY GOOOOOOOOOOD
Finally! Freaking finally!
I have been waiting for this for so long!",0,2026-07-23T06:56:29Z,Marques Brownlee,Technology,iOS 27 Hands-On: Top 5 New Features!,8219643,161269,8165
UgzUkPNcEl5aS1qjV8R4AaABAg,_oRgdlJUD18,@ReaperBoi0101,9:13 THIS IS SCARY AND DYSTOPIAN AF,100,2026-07-17T17:30:41Z,Marques Brownlee,Technology,iOS 27 Hands-On: Top 5 New Features!,8219643,161269,8165
UgzZgTWuXXfmsF4_oNB4AaABAg,_oRgdlJUD18,@BauldyBoys,Welcome to the Ternus era.,61,2026-07-14T02:25:47Z,Marques Brownlee,Technology,iOS 27 Hands-On: Top 5 New Features!,8219643,161269,8165
UgyBU5PIugw8dxieh0d4AaABAg,_oRgdlJUD18,@luluknowslp,9:40 is actually just scary,303,2026-07-14T10:34:56Z,Marques Brownlee,Technology,iOS 27 Hands-On: Top 5 New Features!,8219643,161269,8165
UgwvvmcJPpO8xSxzSGZ4AaABAg,_oRgdlJUD18,@Yoffy06,"definetly want that comparison, just switched from Iphone to pixel btw",0,2026-07-21T10:32:40Z,Marques Brownlee,Technology,iOS 27 Hands-On: Top 5 New Features!,8219643,161269,8165
Ugyjg5N3o1DWUfYvkVx4AaABAg,_oRgdlJUD18,@IntrepidInfinity,4:10 this annoys me so much because I walk away from the house and it takes absolutely ages to drop the wifi that is has no connection to but within my own damn house it will drop the perfectly good wifi and go to cellular for no reason at all. man i hate it,13,2026-07-13T23:57:08Z,Marques Brownlee,Technology,iOS 27 Hands-On: Top 5 New Features!,8219643,161269,8165
UgxLycG37t2Zd-lHYJx4AaABAg,_oRgdlJUD18,@EddyGraphic,Something they still need to add that was added to macOS last year is a clipboard manager.,35,2026-07-14T04:41:29Z,Marques Brownlee,Technology,iOS 27 Hands-On: Top 5 New Features!,8219643,161269,8165
UgwLPr9SyaicFKSSTcB4AaABAg,_oRgdlJUD18,@Green_Lantern89,6:40 Siri is finally getting Sirious!,279,2026-07-14T00:32:49Z,Marques Brownlee,Technology,iOS 27 Hands-On: Top 5 New Features!,8219643,161269,8165
UgzmcsCh8QIQf95e-2Z4AaABAg,_oRgdlJUD18,@benconnolly9883,"13:23 feel like you breezed past this one, that sounds actually useful",0,2026-08-04T19:20:49Z,Marques Brownlee,Technology,iOS 27 Hands-On: Top 5 New Features!,8219643,161269,8165
UgxVw6458sOl7b5Go4d4AaABAg,_oRgdlJUD18,@Reidzky,12:33 I’ve honestly been waiting for you to make a video like this since the beta came out,5,2026-07-13T23:10:13Z,Marques Brownlee,Technology,iOS 27 Hands-On: Top 5 New Features!,8219643,161269,8165
UgzSkG_PgDCChoI2mmx4AaABAg,_oRgdlJUD18,@zubayrtoyer8270,Letting siri ai scan my entire local device for context is something I will 100% NOT be doing 😂,208,2026-07-14T07:06:55Z,Marques Brownlee,Technology,iOS 27 Hands-On: Top 5 New Features!,8219643,161269,8165
UgyAmv_Hgu5B3nB86oV4AaABAg,_oRgdlJUD18,@heyspookyboogie644,"“Siri, was Marques actually sick when he called out of work 2 weeks ago?”",48,2026-07-14T09:21:23Z,Marques Brownlee,Technology,iOS 27 Hands-On: Top 5 New Features!,8219643,161269,8165
Ugx9DZGLmOwhv6ZDd554AaABAg,_oRgdlJUD18,@izzydoneyetnow,The subtle porsche flex is so fire,0,2026-07-23T14:51:55Z,Marques Brownlee,Technology,iOS 27 Hands-On: Top 5 New Features!,8219643,161269,8165
UgwICtBuiqW1sojUval4AaABAg,_oRgdlJUD18,@jamestembo35,12:41 yes,7,2026-07-14T00:28:47Z,Marques Brownlee,Technology,iOS 27 Hands-On: Top 5 New Features!,8219643,161269,8165
UgwHRhVIGtuql1mCb4R4AaABAg,_oRgdlJUD18,@saksham2idk342,CLIPBOARD NEEDED 😭🥀,20,2026-07-14T07:57:09Z,Marques Brownlee,Technology,iOS 27 Hands-On: Top 5 New Features!,8219643,161269,8165
UgybIlyxu9O35b2nRKR4AaABAg,_oRgdlJUD18,@zellzoi,"Glad this wasn’t just another Siri AI video

(Should add that I think this CAN be very useful, but in its current implementation, it’s slower and the models hallucinate very often)",276,2026-07-13T22:33:59Z,Marques Brownlee,Technology,iOS 27 Hands-On: Top 5 New Features!,8219643,161269,8165
UgxdA6pNXxY2BkAFc8h4AaABAg,_oRgdlJUD18,@RychKOba,"World Cup over, back to MKBHD",0,2026-07-21T06:57:09Z,Marques Brownlee,Technology,iOS 27 Hands-On: Top 5 New Features!,8219643,161269,8165
UgxPGdap71weis9SD0N4AaABAg,_oRgdlJUD18,@slick-fello868,11:00 Why would you want that? That just exposes a gap for privacy exploits.,193,2026-07-15T09:31:17Z,Marques Brownlee,Technology,iOS 27 Hands-On: Top 5 New Features!,8219643,161269,8165
UgySr_FRfylLtjr15Pl4AaABAg,_oRgdlJUD18,@NanoMine,"Every time a new iOS version releases, I learn about things that I thought were universal on Android and iOS because it's such a basic thing but Apple always surprise me.",120,2026-07-14T08:34:39Z,Marques Brownlee,Technology,iOS 27 Hands-On: Top 5 New Features!,8219643,161269,8165
UgytbCfZf5L1FLzfulB4AaABAg,_oRgdlJUD18,@olliehill512,"as an android user, every time i watch a new apple update video, it just surprises me how many features that iphone havent had for so long",127,2026-07-14T10:43:21Z,Marques Brownlee,Technology,iOS 27 Hands-On: Top 5 New Features!,8219643,161269,8165
UgyZcp5KWf3_mbf01S14AaABAg,_oRgdlJUD18,@AjayPesala,Yes pls make a video comparing Gemini and Siri,0,2026-07-20T12:45:32Z,Marques Brownlee,Technology,iOS 27 Hands-On: Top 5 New Features!,8219643,161269,8165
UgyZU1l1w8e4StdLCst4AaABAg,_oRgdlJUD18,@GadgetHiveproofficial,We will get EVERYTHING before clipboard and numbers row,93,2026-07-14T05:17:14Z,Marques Brownlee,Technology,iOS 27 Hands-On: Top 5 New Features!,8219643,161269,8165
UgysAYe8SmNA_h7VFxp4AaABAg,_oRgdlJUD18,@Shad0wD3v,8:58 can this be turned off?,6,2026-07-14T14:30:59Z,Marques Brownlee,Technology,iOS 27 Hands-On: Top 5 New Features!,8219643,161269,8165
UgwzrTSXlseGW0bSVbp4AaABAg,_oRgdlJUD18,@ianm1182,Threaded replies on RCS was actually so needed,64,2026-07-13T22:56:58Z,Marques Brownlee,Technology,iOS 27 Hands-On: Top 5 New Features!,8219643,161269,8165
UgzKdA8XoAjhSR2DrHp4AaABAg,_oRgdlJUD18,@AndrésLopezdeFaria,😮 I audibly gasped on the part of being able to scrub timeline on CarPlay. Finally!!!,0,2026-07-22T07:53:35Z,Marques Brownlee,Technology,iOS 27 Hands-On: Top 5 New Features!,8219643,161269,8165
Ugw1LGJ2yrftY8sHyNt4AaABAg,_oRgdlJUD18,@revanwintersoldier2789,12:16 100000000x YES!,171,2026-07-13T22:44:29Z,Marques Brownlee,Technology,iOS 27 Hands-On: Top 5 New Features!,8219643,161269,8165
UgxPbHM71GDE7YziY5p4AaABAg,_oRgdlJUD18,@samchen9951,"12:28 YES we need a video comparing Siri with Gemini features. Show us what other phones can do that Apple can't, yet. I need to know what I'm missing out on!",18,2026-07-14T11:16:33Z,Marques Brownlee,Technology,iOS 27 Hands-On: Top 5 New Features!,8219643,161269,8165
UgypJRf6Kzlk-HiKgpl4AaABAg,_oRgdlJUD18,@ChristianBarry-hm5my,Would love that comparative ai vid 12:49,6,2026-07-14T03:49:26Z,Marques Brownlee,Technology,iOS 27 Hands-On: Top 5 New Features!,8219643,161269,8165
UgwiSvU9jJyg2bw_D214AaABAg,_oRgdlJUD18,@AlexWork1611,Aura level 💯 at the end!,0,2026-07-22T12:15:52Z,Marques Brownlee,Technology,iOS 27 Hands-On: Top 5 New Features!,8219643,161269,8165
Ugzvc-_M8BPHKHG1eBF4AaABAg,_oRgdlJUD18,@ShadE97,9:33 this is the scariest thing ever.,99,2026-07-14T12:48:09Z,Marques Brownlee,Technology,iOS 27 Hands-On: Top 5 New Features!,8219643,161269,8165
Ugx2_4TYowKJkNVjbTd4AaABAg,_oRgdlJUD18,@sagargangadkar9035,Even though i have watched so many other videos on iOS 27 I’m still gonna watch this because its MKBHD 🤓,116,2026-07-13T22:28:51Z,Marques Brownlee,Technology,iOS 27 Hands-On: Top 5 New Features!,8219643,161269,8165
UgwU-L9Ixz3NBQNiVIh4AaABAg,_oRgdlJUD18,@Green_Lantern89,4:30 can’t count how many times I’ve sent a text message telling someone I’m omw only for the WiFi to disconnect and the message hangs or fails.,9,2026-07-14T00:29:56Z,Marques Brownlee,Technology,iOS 27 Hands-On: Top 5 New Features!,8219643,161269,8165
Ugy_CyJNQToQPH8SFPx4AaABAg,s0EbxhQYeCA,@Evgeeny,"Step 1: Make the thinnest iPhone ever.
Step 2: Sell the battery separately.
Result: Thickest iPhone ever. 😂",12404,2025-09-17T15:41:27Z,Marques Brownlee,Technology,iPhone 17/Pro/Air Unboxing: 1 Hot Take!,7881572,186654,8556
Ugx4vTp5T5tSRT78nhV4AaABAg,s0EbxhQYeCA,@TheGoodOldBen2,"3:43 Bend it... Do it, you know you want to, do it... Let the voices win...",8060,2025-09-17T12:38:13Z,Marques Brownlee,Technology,iPhone 17/Pro/Air Unboxing: 1 Hot Take!,7881572,186654,8556
UgwMBFk14n2J6YfJCxl4AaABAg,s0EbxhQYeCA,@no_e738,NEED THAT BATTERY TESTING REVIEW!!!!!!!,15593,2025-09-17T12:02:13Z,Marques Brownlee,Technology,iPhone 17/Pro/Air Unboxing: 1 Hot Take!,7881572,186654,8556
UgzFTPQmt9VhTT5xmy94AaABAg,s0EbxhQYeCA,@XxTUOMExX,How thoughtful of them — they took the battery out and decided to sell it separately. Truly Fascinating !,2128,2025-09-18T00:51:06Z,Marques Brownlee,Technology,iPhone 17/Pro/Air Unboxing: 1 Hot Take!,7881572,186654,8556
UgxE-l6r0MF0KOVgILN4AaABAg,s0EbxhQYeCA,@EzioAuditore-b5c,"I miss the days when they’d include pamphlets, a charging brick, cables, earphones, stickers and their mum in a box",2304,2025-09-17T16:50:30Z,Marques Brownlee,Technology,iPhone 17/Pro/Air Unboxing: 1 Hot Take!,7881572,186654,8556
Ugy26I590hCPyle3AUp4AaABAg,s0EbxhQYeCA,@Decroiss,This year base model 17 is so much appealing,4925,2025-09-17T12:13:08Z,Marques Brownlee,Technology,iPhone 17/Pro/Air Unboxing: 1 Hot Take!,7881572,186654,8556
UgxarL3H1L36fuk3Lz14AaABAg,s0EbxhQYeCA,@ujjwalbiswas3327,Someone predicted it 5 years ago they are going to sell the batteries separately and here we are...,393,2025-09-18T16:00:46Z,Marques Brownlee,Technology,iPhone 17/Pro/Air Unboxing: 1 Hot Take!,7881572,186654,8556
Ugxlg1fecqAVseO5M_F4AaABAg,s0EbxhQYeCA,@Mahdi.Ouhdach,"“Apple engineers crack me up — they make the world’s thinnest phone, then slap on an external battery and boom, it’s the thickest phone around.”",3297,2025-09-17T13:52:54Z,Marques Brownlee,Technology,iPhone 17/Pro/Air Unboxing: 1 Hot Take!,7881572,186654,8556
UgyfZFZCge_w03EeLvd4AaABAg,s0EbxhQYeCA,@1Ricky,"Everyone : iPhone17 unboxing 

Mkbhd : I have been using it for the past several days .",1690,2025-09-17T12:09:07Z,Marques Brownlee,Technology,iPhone 17/Pro/Air Unboxing: 1 Hot Take!,7881572,186654,8556
UgxFudI-P5m58b0FXSl4AaABAg,s0EbxhQYeCA,@kaiperdaens7670,"8:38 they even took the colour from the phone to make it thinner, that's REAL INNOVATION",1757,2025-09-17T12:18:45Z,Marques Brownlee,Technology,iPhone 17/Pro/Air Unboxing: 1 Hot Take!,7881572,186654,8556
UgztoAMrMn8zN1NGDJN4AaABAg,s0EbxhQYeCA,@courtneypenhallegon4214,5:06 sounds like placing a Minecraft block,32,2025-09-21T22:22:38Z,Marques Brownlee,Technology,iPhone 17/Pro/Air Unboxing: 1 Hot Take!,7881572,186654,8556
UgzRZ3xj5-9aT79DVxN4AaABAg,s0EbxhQYeCA,@geezlouise420,The Air holding on for dear life with that battery review,1460,2025-09-17T15:12:49Z,Marques Brownlee,Technology,iPhone 17/Pro/Air Unboxing: 1 Hot Take!,7881572,186654,8556
UgwOOJ-9oR3AbElLyPR4AaABAg,s0EbxhQYeCA,@BavanA-i5g,"Apple innovates like no other. They don’t find solutions to problems, they create a problem and sell you the problem and the solutions.",116,2025-09-18T00:55:36Z,Marques Brownlee,Technology,iPhone 17/Pro/Air Unboxing: 1 Hot Take!,7881572,186654,8556
Ugww8MKHteJkjRlNE2h4AaABAg,s0EbxhQYeCA,@SmOgER10,"That ""tank case"" from the ad is the most horrendous case I have ever seen.",299,2025-09-17T16:47:50Z,Marques Brownlee,Technology,iPhone 17/Pro/Air Unboxing: 1 Hot Take!,7881572,186654,8556
Ugz12x71-ZBt3-yPQcd4AaABAg,s0EbxhQYeCA,@Kylrts94,Kudos to apple for doing something real different from what we're used to. Though it's so thin I went and got a suitable case for it,260,2025-11-20T19:43:46Z,Marques Brownlee,Technology,iPhone 17/Pro/Air Unboxing: 1 Hot Take!,7881572,186654,8556
UgzmfloC9C8kjz-EQ1J4AaABAg,s0EbxhQYeCA,@flakooo,2:27 thats exactly why i went with the 17 pro max deep blue i LOVED the orange but like you say also i feel like it would not go well everytime the deep blue is the closest to a dark/black 17 and man when light shines on it it looks amazing,4,2025-09-18T17:22:56Z,Marques Brownlee,Technology,iPhone 17/Pro/Air Unboxing: 1 Hot Take!,7881572,186654,8556
UgyN5vjpzpq6iLQbo0Z4AaABAg,s0EbxhQYeCA,@NatesFilmTutorials,"There’s something about this “raw” video that I really appreciate. It’s very calming. I hope you bring this back for fitting content. 

I’m surprised the iPhone Air didn’t go port less on this model.",1022,2025-09-17T12:17:54Z,Marques Brownlee,Technology,iPhone 17/Pro/Air Unboxing: 1 Hot Take!,7881572,186654,8556
UgyszXGivV1wkumMMEh4AaABAg,s0EbxhQYeCA,@andrischinyanga,0:10 appreciate being shown the bare bones unboxing set up first before we get into the video... Makes me feel like I am in the studio too,53,2025-09-17T14:53:02Z,Marques Brownlee,Technology,iPhone 17/Pro/Air Unboxing: 1 Hot Take!,7881572,186654,8556
UgzmsLe7S9QeVUhYzyF4AaABAg,s0EbxhQYeCA,@techydaya3601,4:45 hehe they even sold the battery separately from the phone now 🤣,500,2025-09-17T13:09:02Z,Marques Brownlee,Technology,iPhone 17/Pro/Air Unboxing: 1 Hot Take!,7881572,186654,8556
Ugw7ZAwpFCNN9FL3T1J4AaABAg,s0EbxhQYeCA,@sanojnytsor,"We’re now used to ridiculous things like selling a phone without a charger, but imagine back in 2010 — selling a phone with a ridiculously small battery and then charging extra for the proper one",61,2025-09-18T22:13:00Z,Marques Brownlee,Technology,iPhone 17/Pro/Air Unboxing: 1 Hot Take!,7881572,186654,8556
UgzSq44DZ2gHBWrrOi14AaABAg,s0EbxhQYeCA,@PresCEO,12:14 that transition to black was amazingly subtle perfection,292,2025-09-17T12:54:38Z,Marques Brownlee,Technology,iPhone 17/Pro/Air Unboxing: 1 Hot Take!,7881572,186654,8556
UgzAiZ1_rgpY5J7fE754AaABAg,s0EbxhQYeCA,@spainy202,That air battery looked like it would fit the pro max! 5:22,14,2025-09-17T16:35:12Z,Marques Brownlee,Technology,iPhone 17/Pro/Air Unboxing: 1 Hot Take!,7881572,186654,8556
UgwOUh7P7aTOYz67JHx4AaABAg,s0EbxhQYeCA,@Anand_Joshua,Done with MKBHD now waiting for JerryRigEverything 😂,402,2025-09-17T12:13:07Z,Marques Brownlee,Technology,iPhone 17/Pro/Air Unboxing: 1 Hot Take!,7881572,186654,8556
UgwMJHDnh3Mr_xaRp2F4AaABAg,s0EbxhQYeCA,@aluisio.sobreira,"I went in to see the iPhone's but I was stunned by the dubbing of the audio in Brazilian Portuguese. I watch several videos in English with dubbing in Portuguese, but they use a generic voice, that's when they don't change the voice in the middle of the video, now in this video it looks like MKB himself speaking in my language... Incredible...",0,2025-09-18T23:13:16Z,Marques Brownlee,Technology,iPhone 17/Pro/Air Unboxing: 1 Hot Take!,7881572,186654,8556
UgzhXJ8f3RBebZ0tzZV4AaABAg,s0EbxhQYeCA,@lighthousephoto7143,"11:26 ""Let me know what you wanna see in the full reviews"" .. For me it's low light performance of the ultra wide cameras, compared with each other, and with older iPhones.",22,2025-09-17T13:13:23Z,Marques Brownlee,Technology,iPhone 17/Pro/Air Unboxing: 1 Hot Take!,7881572,186654,8556
UgzJJlJuS_jRxpPTxCt4AaABAg,s0EbxhQYeCA,@Millsy689,Welcome back moto mods! 5:28,11,2025-09-17T13:53:18Z,Marques Brownlee,Technology,iPhone 17/Pro/Air Unboxing: 1 Hot Take!,7881572,186654,8556
UgzjbW-PpcuzPk-bmUV4AaABAg,s0EbxhQYeCA,@mariannesuesli5680,"My take on slim phones: innovating at all costs to disguise that there's nothing
 Really new",88,2025-09-17T12:37:41Z,Marques Brownlee,Technology,iPhone 17/Pro/Air Unboxing: 1 Hot Take!,7881572,186654,8556
UgzBxigTi-mbSng77aZ4AaABAg,s0EbxhQYeCA,@Montesjr1994,"I like the orange and air iPhone, they are both unique and is something that catches people attention believe it or not. I miss how opening the box used to be exciting because of the wired headphones, box cube and even the stickers.😅",2,2025-09-19T13:13:59Z,Marques Brownlee,Technology,iPhone 17/Pro/Air Unboxing: 1 Hot Take!,7881572,186654,8556
UgywXWMGZohya9mGaPt4AaABAg,s0EbxhQYeCA,@HeisenbergFam,"6:45 ""nearly 20% larger battery""

We definitely need MKBHD to do battery test",224,2025-09-17T12:10:33Z,Marques Brownlee,Technology,iPhone 17/Pro/Air Unboxing: 1 Hot Take!,7881572,186654,8556
UgzmE-wP9j-xJgHlT_54AaABAg,s0EbxhQYeCA,@uberion1,7:01 ahh so close couldve been pi,54,2025-09-17T13:33:15Z,Marques Brownlee,Technology,iPhone 17/Pro/Air Unboxing: 1 Hot Take!,7881572,186654,8556
Ugy4FCSpbqyFFtqQFsB4AaABAg,s0EbxhQYeCA,@pchat112,"Battery:
They make the problem, they sell the solution.",305,2025-09-17T12:36:42Z,Marques Brownlee,Technology,iPhone 17/Pro/Air Unboxing: 1 Hot Take!,7881572,186654,8556
UgzwycNTqoFm5J3L6Nl4AaABAg,s0EbxhQYeCA,@Andy-kk4xc,For your review can you check if the vapour cooling chamber is of any use if we use an iphone cover. This is important because logically the cover will not allow heat to dissipate from the metal surface and that would mean buying a pro atleast for better heat dissipation is a useless deal!,4,2025-09-19T10:52:20Z,Marques Brownlee,Technology,iPhone 17/Pro/Air Unboxing: 1 Hot Take!,7881572,186654,8556
Ugx3bIy-FTNzgZTA8-l4AaABAg,s0EbxhQYeCA,@The_Winter_Owl,Navy blue iPhone 17 Pro is incredible!,11,2025-09-17T19:37:24Z,Marques Brownlee,Technology,iPhone 17/Pro/Air Unboxing: 1 Hot Take!,7881572,186654,8556
Ugzj--pkN51AbojtjR94AaABAg,s0EbxhQYeCA,@prodigy227,Cannot agree more - the default 17 is the way to go. Price/performance/looks ratio is just stunning for an iPhone.,9,2025-09-18T12:08:28Z,Marques Brownlee,Technology,iPhone 17/Pro/Air Unboxing: 1 Hot Take!,7881572,186654,8556
UgwTEMyIKHEIqkVN06h4AaABAg,s0EbxhQYeCA,@Shujat-st,2:10 😳 I also have a straight line on my left hand,26,2025-09-17T13:59:22Z,Marques Brownlee,Technology,iPhone 17/Pro/Air Unboxing: 1 Hot Take!,7881572,186654,8556
UgwmvK0hOAiJVVFLPXZ4AaABAg,s0EbxhQYeCA,@sickysore,"This channel is so freaking professional, I love it",3,2025-09-19T13:08:50Z,Marques Brownlee,Technology,iPhone 17/Pro/Air Unboxing: 1 Hot Take!,7881572,186654,8556
UgwRq12hRFSbIfQpU5p4AaABAg,s0EbxhQYeCA,@crazeonroad4305,"1:14 not typically, exactly same unboxing experience",72,2025-09-17T13:41:41Z,Marques Brownlee,Technology,iPhone 17/Pro/Air Unboxing: 1 Hot Take!,7881572,186654,8556
UgzuVC5FIRhgWFsO8Jl4AaABAg,s0EbxhQYeCA,@Jan_Skácelík,"Finally some noticable updates since my 14pro. I am getting 17pro..  3000 nits compared to 2000, better cooling... nice",14,2025-09-17T12:46:23Z,Marques Brownlee,Technology,iPhone 17/Pro/Air Unboxing: 1 Hot Take!,7881572,186654,8556
UgyLoEjot-huL8ghgrJ4AaABAg,s0EbxhQYeCA,@Leanzazzy,"There's no point in unboxing anymore as there's nothing special in the box.

I remember watching an unboxing of my old phone(Samsung Galaxy Note 9) and I remember just how luxurious the experience us, how excited you feel and how many goodies you get in the box.

Compare that to today 😢",10,2025-09-17T14:11:30Z,Marques Brownlee,Technology,iPhone 17/Pro/Air Unboxing: 1 Hot Take!,7881572,186654,8556
UgzXR5DDUP5Bjjl77l54AaABAg,s0EbxhQYeCA,@notthatkindofsam,Just got my 17 pro (went with orange because I’ve always had black/white/silver devices so decided to have fun). I’m coming from a 12 pro so it’s a BIG upgrade. I actually didn’t think the difference in screen/photo quality would be this noticeable.,1,2025-09-19T01:03:38Z,Marques Brownlee,Technology,iPhone 17/Pro/Air Unboxing: 1 Hot Take!,7881572,186654,8556
UgymTDgri3nzB4WY83p4AaABAg,s0EbxhQYeCA,@clemente111,9:40 the s25 edge actually has a vapor chamber,63,2025-09-17T15:15:52Z,Marques Brownlee,Technology,iPhone 17/Pro/Air Unboxing: 1 Hot Take!,7881572,186654,8556
Ugz4z7ZgJYB9y17ukeF4AaABAg,s0EbxhQYeCA,@tez67742,Cant wait for the battery testing review,15,2025-09-17T12:13:36Z,Marques Brownlee,Technology,iPhone 17/Pro/Air Unboxing: 1 Hot Take!,7881572,186654,8556
Ugyk20k0En3VlJwNBsV4AaABAg,s0EbxhQYeCA,@LeonWulfo,"Was exited to buy the iphone 17 pro, after checking my financial situation I decided to not go into debt for 3 years. 😢",480,2025-09-17T12:37:13Z,Marques Brownlee,Technology,iPhone 17/Pro/Air Unboxing: 1 Hot Take!,7881572,186654,8556
Ugzt60P3htNOSvotMgZ4AaABAg,s0EbxhQYeCA,@AyoKhy,Copped the Air in gold. Phone is too 🔥,2,2025-09-20T23:19:57Z,Marques Brownlee,Technology,iPhone 17/Pro/Air Unboxing: 1 Hot Take!,7881572,186654,8556
UgwOfcJWwzf3G0o14dh4AaABAg,s0EbxhQYeCA,@Kimmiraiko,5:06 such a satisfying sound🙂‍↔️🙂‍↔️🙂‍↔️,47,2025-09-17T13:13:34Z,Marques Brownlee,Technology,iPhone 17/Pro/Air Unboxing: 1 Hot Take!,7881572,186654,8556
Ugzr1fc0eTAq8yZHzrV4AaABAg,s0EbxhQYeCA,@christopherbonis,The biggest thing I wish Apple would improve that nobody ever talks about is the torch/flash. Has it gotten any brighter at all in the last five years‽,26,2025-09-18T05:52:17Z,Marques Brownlee,Technology,iPhone 17/Pro/Air Unboxing: 1 Hot Take!,7881572,186654,8556
UgxDrPrZOuo4WZ4JIlJ4AaABAg,s0EbxhQYeCA,@user-N0tAppl3,Lets get a comparison between the air and the edge🔥,5,2025-09-17T13:56:36Z,Marques Brownlee,Technology,iPhone 17/Pro/Air Unboxing: 1 Hot Take!,7881572,186654,8556
UgycEUrQ8DD7N4XjXkV4AaABAg,s0EbxhQYeCA,@Viviko,Put the phones on a table and show how much tilt there is. I want to get a good idea of how large that Mt. Everest plateau is. It looks way too big and like it would put a lot of pressure on the lenses from the inside. But idk for sure.,3,2025-09-22T03:02:06Z,Marques Brownlee,Technology,iPhone 17/Pro/Air Unboxing: 1 Hot Take!,7881572,186654,8556
UgxvVYR_0J99QNBbRpZ4AaABAg,s0EbxhQYeCA,@nilesh16a,Can't afford any of this but still watching for marques.,73,2025-09-17T12:05:24Z,Marques Brownlee,Technology,iPhone 17/Pro/Air Unboxing: 1 Hot Take!,7881572,186654,8556
UgxFaCoBD4OsXNu9q114AaABAg,s0EbxhQYeCA,@trabladorr,"9:28 S25 Edge actually has a vapor chamber, unlike the Air",178,2025-09-17T12:18:10Z,Marques Brownlee,Technology,iPhone 17/Pro/Air Unboxing: 1 Hot Take!,7881572,186654,8556
Ugxbk_cpXyv2lQDjk2d4AaABAg,s0EbxhQYeCA,@JohnDeLeon28,Review the single speaker as well,103,2025-09-17T12:12:40Z,Marques Brownlee,Technology,iPhone 17/Pro/Air Unboxing: 1 Hot Take!,7881572,186654,8556
UgyhgR5_xEJ45WMy4I94AaABAg,s0EbxhQYeCA,@hsasmgable,"You know what's interesting, looking at the new lineup it's almost as if they're setting the stage for them to change the camera setup to a horizontal pixel style model eventually down the line. Just from paying attention to the Air and new pro phones it's almost as if they're trying to get into that direction.",0,2025-09-20T03:14:51Z,Marques Brownlee,Technology,iPhone 17/Pro/Air Unboxing: 1 Hot Take!,7881572,186654,8556
UgyYvSzI_XEy1iWXhd54AaABAg,s0EbxhQYeCA,@BoneYardLawnService,I need that base model but that pro orange 🍊 is sick 😤,20,2025-09-17T20:06:17Z,Marques Brownlee,Technology,iPhone 17/Pro/Air Unboxing: 1 Hot Take!,7881572,186654,8556
Ugx6Hy0r2axZUue-BGt4AaABAg,s0EbxhQYeCA,@reziee5897,"Base Iphone 17 is the most appealing the rest idk, it's just there.",5,2025-09-17T14:12:38Z,Marques Brownlee,Technology,iPhone 17/Pro/Air Unboxing: 1 Hot Take!,7881572,186654,8556
Ugz3xn2ONZI0yzBzy8F4AaABAg,s0EbxhQYeCA,@Everything2A,"To me the biggest problem with the is Air USB 2.0. For me, that’s a dealbreaker; I can’t downgrade, I really do need the fast port. Although it is kind of odd why Apple didn’t decide to go full-on portless for the Air so they could add a stereo speaker, extra battery or something else. The 2.0 port just feels like such a waste of precious space.",7,2025-09-17T12:53:28Z,Marques Brownlee,Technology,iPhone 17/Pro/Air Unboxing: 1 Hot Take!,7881572,186654,8556
UgySHDlSH06U0nTy6st4AaABAg,s0EbxhQYeCA,@McKings11,"Having checked out the phones this morning, I was probably most impressed with the 17. I Still have my 13 pro, but if there was ever a year where i've been most tempted to upgrade, it's probably been this year.",36,2025-09-19T12:00:23Z,Marques Brownlee,Technology,iPhone 17/Pro/Air Unboxing: 1 Hot Take!,7881572,186654,8556
UgyXx_X8WS_RRHKu8L94AaABAg,s0EbxhQYeCA,@advait05,5:34 I really wanted him to put that battery pack on pro max phone to see how it fits,39,2025-09-17T13:11:31Z,Marques Brownlee,Technology,iPhone 17/Pro/Air Unboxing: 1 Hot Take!,7881572,186654,8556
UgzXCxn-wxgQf3LDp594AaABAg,s0EbxhQYeCA,@MJGVibes,"Ya boi pick up the iPhone 17 mist blue, it reminds me of the 13 pro max colour💙",5,2025-09-17T12:32:31Z,Marques Brownlee,Technology,iPhone 17/Pro/Air Unboxing: 1 Hot Take!,7881572,186654,8556
UgwtlhzSANXQn6DIyxl4AaABAg,s0EbxhQYeCA,@kasurtipis2439,"12:19 pretty good how the way you change the Blue to the Black,",9,2025-09-17T12:38:00Z,Marques Brownlee,Technology,iPhone 17/Pro/Air Unboxing: 1 Hot Take!,7881572,186654,8556
UgyNu7QFJXiBevrxknd4AaABAg,s0EbxhQYeCA,@Passels,The orange is even nicer in person. I went orange with a tech woven blue case. It looks insane!,0,2025-09-19T23:22:35Z,Marques Brownlee,Technology,iPhone 17/Pro/Air Unboxing: 1 Hot Take!,7881572,186654,8556
Ugyxh1LfjZ943MQplE54AaABAg,s0EbxhQYeCA,@Bayyle,5:50 So the Air with A19 Pro is worse performance wise than the 17 with A19. Probably cause of thermal throttling. But that's some pretty misleading advertisement.,4,2025-09-17T12:38:48Z,Marques Brownlee,Technology,iPhone 17/Pro/Air Unboxing: 1 Hot Take!,7881572,186654,8556
UgyjeXKDtwM0IWXDJOl4AaABAg,s0EbxhQYeCA,@laker249,6:33 the McLaren the next car purchase Marques?👀,8,2025-09-17T14:38:52Z,Marques Brownlee,Technology,iPhone 17/Pro/Air Unboxing: 1 Hot Take!,7881572,186654,8556
UgxPOB718kuFO63_V8F4AaABAg,s0EbxhQYeCA,@Honïe4,0:10 iphonnn seventeennnn seriessss testinnng,121,2025-09-17T13:46:16Z,Marques Brownlee,Technology,iPhone 17/Pro/Air Unboxing: 1 Hot Take!,7881572,186654,8556
UgwXDPi0RuK_qL1rUVx4AaABAg,s0EbxhQYeCA,@RamirezHD,Ad at the end is absolutely boss move. I really appreciate it.,0,2025-09-20T02:24:41Z,Marques Brownlee,Technology,iPhone 17/Pro/Air Unboxing: 1 Hot Take!,7881572,186654,8556
UgxVo7YiyvIpOnfCcFN4AaABAg,s0EbxhQYeCA,@aniii2495,FINALLY A VIDEO.,6,2025-09-17T12:30:30Z,Marques Brownlee,Technology,iPhone 17/Pro/Air Unboxing: 1 Hot Take!,7881572,186654,8556
UgyM0z_n4GwiweTsV2x4AaABAg,s0EbxhQYeCA,@MTH1,9:35 the S25 edge does have a vapour chamber tho,44,2025-09-17T15:53:34Z,Marques Brownlee,Technology,iPhone 17/Pro/Air Unboxing: 1 Hot Take!,7881572,186654,8556
UgymVusa1SR9V9Y3BN14AaABAg,s0EbxhQYeCA,@cbcastillo5681,I went with the base 17 512gb model I get it Friday. After trade in it only cost me 300$ you can’t beat that deal. The pro didn’t fully impress me enough. So to me the 17 was the best bang for my buck this year.,48,2025-09-17T17:58:54Z,Marques Brownlee,Technology,iPhone 17/Pro/Air Unboxing: 1 Hot Take!,7881572,186654,8556
UgwblsrZVekcSVdDUcd4AaABAg,s0EbxhQYeCA,@saahilh.3141,"Actually, the pros this year are also great value because they are much more heavy duty with the bigger batteries, yet a lighter aluminum frame. I have mixed feelings about the aluminum + glass back, but I totally dig the iPhone Air back design... it's quite minimal and looks way more premium.",0,2025-09-19T05:41:16Z,Marques Brownlee,Technology,iPhone 17/Pro/Air Unboxing: 1 Hot Take!,7881572,186654,8556
UgzUwID-5ykcjdKNbEl4AaABAg,s0EbxhQYeCA,@AB-e80,"they’re not going to refresh the Air every year. The air is just a proof of concept for their eventual fold release, which will be two Air’s conjoined with their new expanded display.",76,2025-09-17T23:21:18Z,Marques Brownlee,Technology,iPhone 17/Pro/Air Unboxing: 1 Hot Take!,7881572,186654,8556
Ugx2TQqENwsI9sMSVxh4AaABAg,s0EbxhQYeCA,@brianclear363,the air...the old futurama joke where the phones gets smaller and smaller but the charger got huge..... now everyone will have giant external battery :),18,2025-09-17T12:13:58Z,Marques Brownlee,Technology,iPhone 17/Pro/Air Unboxing: 1 Hot Take!,7881572,186654,8556
UgzWBq4N3e9NcY8Kp7t4AaABAg,s0EbxhQYeCA,@CargoShorts7,"The orange is one of those colors where I'm like ""oh look, they did something new and unique for once"".... but... I'd never actually buy it for myself lol. I'll probably go with the dark blue or the grey.",283,2025-09-17T13:30:36Z,Marques Brownlee,Technology,iPhone 17/Pro/Air Unboxing: 1 Hot Take!,7881572,186654,8556
UgzaUIBLKbSYSUHmK-h4AaABAg,s0EbxhQYeCA,@MrBTRDAYZ,"iPhone Air Test Questions

- How does it sound when on speakerphone under various surrounding noise (or lack of) conditions?
- How does the photo quality compare to the other models and compared to my iPhone 13 Pro Max?
- Does the phone operate all day with ""normal"" use without needing a late afternoon recharge before the evening commute home?
- How hot does the phone get during FaceTime sessions? While using GPS? While doing either as the battery also recharges?
- Does the frame and screen seem highly scratch resistant? Is this the iPhone safe enough to forgo a protective case?",0,2025-09-18T22:41:52Z,Marques Brownlee,Technology,iPhone 17/Pro/Air Unboxing: 1 Hot Take!,7881572,186654,8556
Ugxxj42Q3Jfu3LcnqJR4AaABAg,s0EbxhQYeCA,@moizhaider816,12:45 the illuminati Case,38,2025-09-17T12:54:36Z,Marques Brownlee,Technology,iPhone 17/Pro/Air Unboxing: 1 Hot Take!,7881572,186654,8556
UgxlHPLX_Kgm3C8m7tx4AaABAg,s0EbxhQYeCA,@gluesticc_9988,is it just me who feels like the iPhone air is the modern day iPod touch?,25,2025-09-17T13:23:02Z,Marques Brownlee,Technology,iPhone 17/Pro/Air Unboxing: 1 Hot Take!,7881572,186654,8556
UgyiKbOqjBRL34uPVcN4AaABAg,s0EbxhQYeCA,@damnitsmatt,"iPhone C
iPhone mini
iPhone Plus
iPhone SE
yeah... we know the iPhone Air isn't sticking around.",8,2025-09-17T14:33:21Z,Marques Brownlee,Technology,iPhone 17/Pro/Air Unboxing: 1 Hot Take!,7881572,186654,8556
UgxIIOBEJEdUnIw2NnB4AaABAg,oeHtfMFdzIY,@venom._.6236,For a moment I thought it was the fake moon controversy all over again,37032,2025-09-04T19:27:50Z,Marques Brownlee,Technology,Phone Camera PSA,7806093,311391,4163
UgwXqAuXLL9hngQwmTF4AaABAg,oeHtfMFdzIY,@4bst1n3nz,This video should be shared to all smartphone and car manufacturers. I once destroyed my camera with laser too and i saw a lot people sharing similar problems.,16388,2025-09-05T07:45:52Z,Marques Brownlee,Technology,Phone Camera PSA,7806093,311391,4163
UgwBH4jfEMsGBPT6qYZ4AaABAg,oeHtfMFdzIY,@micahpearson1275,How is nobody talking about his Backyard Baseball shirt!!! That’s incredible!,450,2025-09-08T23:12:11Z,Marques Brownlee,Technology,Phone Camera PSA,7806093,311391,4163
UgzCeXWEdZERujfVLAF4AaABAg,oeHtfMFdzIY,@sandalphoncpu,"“Hi, I’m Lidar and you’re watching Disney Channel.”",2149,2025-09-05T01:29:39Z,Marques Brownlee,Technology,Phone Camera PSA,7806093,311391,4163
UgxZ2DWgpkl2BRo52Ux4AaABAg,oeHtfMFdzIY,@RammsteinAM,This can be a good opportunity for someone like JerryRigEverything to start testing all the phone cameras with lidar and see which one survives and which gets a permanent damage.,9131,2025-09-04T22:16:53Z,Marques Brownlee,Technology,Phone Camera PSA,7806093,311391,4163
UgwOkkNCMc3plPofIiJ4AaABAg,oeHtfMFdzIY,@TheVivi13,Wow this is actually a really good PSA,19190,2025-09-04T19:33:31Z,Marques Brownlee,Technology,Phone Camera PSA,7806093,311391,4163
Ugxcu2Vqso_vb-q59cd4AaABAg,oeHtfMFdzIY,@VVTheVictorious,I remember vsauce damaged his camera due to a laser,2311,2025-09-04T19:28:37Z,Marques Brownlee,Technology,Phone Camera PSA,7806093,311391,4163
UgwrOPlcStQ-W6ZbEWl4AaABAg,oeHtfMFdzIY,@lostmemories6450,"funnily enough, i work for a company that makes lidar for mainly BMW and those bigger sensors for export. During testing phases, this issue came up alot more often than you‘d think. Everything and every test is documented by video and burned through o fair share of optics. Additionally, If you use a big sensor we put warning labels on them like you see on high energy lasers, yet the endmanufacturer doesn‘t need to warn the customers.",75,2025-09-10T23:45:47Z,Marques Brownlee,Technology,Phone Camera PSA,7806093,311391,4163
UgxByyPgtwMaa-i2vlp4AaABAg,oeHtfMFdzIY,@CrAstrum,Some YouTubers would make a 10:01 minute long video out of this while you explained it in a short video. Thanks man.,1096,2025-09-06T14:18:39Z,Marques Brownlee,Technology,Phone Camera PSA,7806093,311391,4163
UgwsUk3p4Bjxu-MDzi14AaABAg,oeHtfMFdzIY,@j.a.r.family2576,An actual useful and real PSA! This should be made aware to everyone with a cellphone.  Camera features are a major part of buying a new phone.,3207,2025-09-07T18:53:40Z,Marques Brownlee,Technology,Phone Camera PSA,7806093,311391,4163
Ugzh8KLEgIMvMZQNsdR4AaABAg,oeHtfMFdzIY,@HeisenbergFam,Marques casually wearing Pablo Sanchez shirt is golden,1469,2025-09-04T19:29:51Z,Marques Brownlee,Technology,Phone Camera PSA,7806093,311391,4163
UgzxTx6G158kQHYVePl4AaABAg,oeHtfMFdzIY,@yseson_,The Backyard Sports shirt goes crazy,1,2025-10-18T09:34:56Z,Marques Brownlee,Technology,Phone Camera PSA,7806093,311391,4163
UgzcoJBkWO3LteTib_B4AaABAg,oeHtfMFdzIY,@dylanmiller9604,"“It’s gonna be the Volvo isn’t it…”

“It’s the Volvo”",639,2025-09-05T03:27:07Z,Marques Brownlee,Technology,Phone Camera PSA,7806093,311391,4163
UgyV-_e9gMweK3nM-5l4AaABAg,oeHtfMFdzIY,@andydowne,"Imagine just talking on your phone, held up to your ear, and the Volvo you pass by is unknowingly destroying your camera.",2117,2025-09-06T05:53:11Z,Marques Brownlee,Technology,Phone Camera PSA,7806093,311391,4163
UgwTMrJ4CL-9phsP-f14AaABAg,oeHtfMFdzIY,@merlavery5057,"Bro, you found and broke down something amazing, and very important to understand.  This is why I've been watching you for over ten years.  Great job. Awesomeness!",1435,2025-09-04T21:21:37Z,Marques Brownlee,Technology,Phone Camera PSA,7806093,311391,4163
UgyvEHhWGMAhiELVBmZ4AaABAg,oeHtfMFdzIY,@marki7901,I thought these are the stars shining around a charming guy all this time .,1,2025-09-14T12:10:49Z,Marques Brownlee,Technology,Phone Camera PSA,7806093,311391,4163
Ugw2r7HV-SV4pfhpU8R4AaABAg,oeHtfMFdzIY,@diegoclark7697,"""Yeah I can see it too"" - Me watching this short on 144p resolution",538,2025-09-04T19:35:48Z,Marques Brownlee,Technology,Phone Camera PSA,7806093,311391,4163
UgyXuwqtumRKcbhUMXp4AaABAg,oeHtfMFdzIY,@AnthroTech-h4i,That's the most informative and interesting thing I have heard all year. By far.,926,2025-09-05T13:39:44Z,Marques Brownlee,Technology,Phone Camera PSA,7806093,311391,4163
UgyerhWeaGl6_ryYQMF4AaABAg,oeHtfMFdzIY,@sunny_1515,New fear unlocked.,57,2025-09-05T00:09:54Z,Marques Brownlee,Technology,Phone Camera PSA,7806093,311391,4163
UgwCHgPj47i3yH5JALt4AaABAg,oeHtfMFdzIY,@pukcip83,"if you believe this does nothing to your eyes, meet me here again in 20 years",194,2025-09-08T21:43:33Z,Marques Brownlee,Technology,Phone Camera PSA,7806093,311391,4163
Ugz-qEgxZYsMeFmqI-B4AaABAg,oeHtfMFdzIY,@JoelJr1995YYZ,Backyard baseball was peak childhood,628,2025-09-05T09:27:50Z,Marques Brownlee,Technology,Phone Camera PSA,7806093,311391,4163
Ugxp6mbqdHMUflNph6p4AaABAg,oeHtfMFdzIY,@masterofai-901,He had the perfect opportunity to transition to a night sky…,286,2025-09-04T19:39:10Z,Marques Brownlee,Technology,Phone Camera PSA,7806093,311391,4163
Ugze_AQ54HkrqYokcqJ4AaABAg,oeHtfMFdzIY,@ArcticGentoo,Thanks for this genuine PSA. Unlike others who are just throwing the word around.,100,2025-09-04T20:19:57Z,Marques Brownlee,Technology,Phone Camera PSA,7806093,311391,4163
UgyISrx5oUqKLg05fqJ4AaABAg,oeHtfMFdzIY,@tj4003,You can purchase a laser protective film that’s almost like window tint for 50 cents a square foot that is easy to remove and apply and doesn’t affect your camera’s operating capabilities. Philips sells this on their website. Military vehicles sometimes employ the same film on various vehicles as window tint to protect sensitive equipment from laser weapons as well as but not limited to our own military equipment and weapons systems that utilize IR and laser technology.,2,2025-09-10T05:43:36Z,Marques Brownlee,Technology,Phone Camera PSA,7806093,311391,4163
Ugyo5fTgeVnizj96jNJ4AaABAg,oeHtfMFdzIY,@waffles05,Dude this is a massive PSA,18,2025-09-04T19:46:45Z,Marques Brownlee,Technology,Phone Camera PSA,7806093,311391,4163
UgxWSVBMxeC_pqgq4xJ4AaABAg,oeHtfMFdzIY,@KacperLaska,"You should do a deep dive into this. Especially with the concern for public health. Manufacturers say this should pose no danger to your eyes but, as someone with compromised optic nerves more than once my eyes got worse instantly seemingly for no reason, just to realize I just walked by a mopping robot at BJ”s with a lidar on it. I really hope cameras based odometry wins this race. Shooting lasers that no one can see is not a good idea, especially when not all eyes and camera are built equal.",493,2025-09-07T19:59:07Z,Marques Brownlee,Technology,Phone Camera PSA,7806093,311391,4163
UgyUuhCCz_DWvXRyN714AaABAg,oeHtfMFdzIY,@Darnelj1,"5 star short man. Informative, helpful, and kinda ground breaking. Haven't heard anyone else talk about this ever. Trail blazer!",327,2025-09-05T07:34:27Z,Marques Brownlee,Technology,Phone Camera PSA,7806093,311391,4163
UgyiS047Pzq1GdyCqxV4AaABAg,oeHtfMFdzIY,@MohsinNabeel,this is the most informative video on youtube. thanks I will avoid pointing my phonew camera to lidar,2,2025-09-30T16:26:14Z,Marques Brownlee,Technology,Phone Camera PSA,7806093,311391,4163
UgwJXJaWDz13Ss_Gll94AaABAg,oeHtfMFdzIY,@mishrashubham96,The backyard baseball Pablo Sanchez T shirt is pure nostalgia,62,2025-09-05T12:17:01Z,Marques Brownlee,Technology,Phone Camera PSA,7806093,311391,4163
UgyVaoAytNP82oCo5Yl4AaABAg,oeHtfMFdzIY,@SovettaParmetta,"Thank you bro, I usually work in the sun all day until dark, but when I have a chance to relax from that, I spend that time shooting videos of lidar instruments. You saved me the heartache of having speckles on my busted ass iPhone, and for that I thank you.",250,2025-09-05T02:45:14Z,Marques Brownlee,Technology,Phone Camera PSA,7806093,311391,4163
Ugz-6Y5RRU2LAExPZaB4AaABAg,oeHtfMFdzIY,@scooterD3,One of the few PSAs that immediately and directly effects every single person,24,2025-09-06T15:55:00Z,Marques Brownlee,Technology,Phone Camera PSA,7806093,311391,4163
UgzhGxuqVmQXalennRh4AaABAg,oeHtfMFdzIY,@JaoOzaki,"I played that game on your shirt from a cereal box cd when i was little, thanks for the rush of memories",1,2025-09-09T05:54:40Z,Marques Brownlee,Technology,Phone Camera PSA,7806093,311391,4163
UgxhTolcrahhK79sDyR4AaABAg,oeHtfMFdzIY,@Mylotheflowerchild,Side note. Sick shirt my guy 😅,17,2025-09-05T17:22:58Z,Marques Brownlee,Technology,Phone Camera PSA,7806093,311391,4163
UgwPIXZQEd6IZV-pu3l4AaABAg,oeHtfMFdzIY,@KevinEF,"The second I heard camera damage and constellation, I just assumed laser damage",14,2025-09-04T19:32:50Z,Marques Brownlee,Technology,Phone Camera PSA,7806093,311391,4163
Ugxdym7ZLXgf-0bdnwB4AaABAg,oeHtfMFdzIY,@LipockRahman,Some actual good PSA. Going to save a lots of phone cameras.,16,2025-09-04T23:07:31Z,Marques Brownlee,Technology,Phone Camera PSA,7806093,311391,4163
Ugyy8l8-yWaz7813D2t4AaABAg,oeHtfMFdzIY,@indignantchicken,Most useful content i've ever seen from him,0,2026-09-29T02:30:35Z,Marques Brownlee,Technology,Phone Camera PSA,7806093,311391,4163
UgxPfYlYXH7ehq3eK5Z4AaABAg,oeHtfMFdzIY,@BillyBobBrockali69,"If companies are putting out tech that ends up damaging people’s property, there should be a way to hold them accountable like being able to sue or something if not already.",46,2025-09-07T14:47:22Z,Marques Brownlee,Technology,Phone Camera PSA,7806093,311391,4163
Ugwt5BNr1heKNPa8yel4AaABAg,oeHtfMFdzIY,@huntcapps,Love the shirt - takes me back!,29,2025-09-05T00:23:10Z,Marques Brownlee,Technology,Phone Camera PSA,7806093,311391,4163
Ugwr0tKw6cuuVdNL5bh4AaABAg,oeHtfMFdzIY,@zemresende,I haven’t noticed until you talked about it but once you did I can’t stop noticing it.,40,2025-09-05T23:45:29Z,Marques Brownlee,Technology,Phone Camera PSA,7806093,311391,4163
UgwcRAtHzI_3Vh_PP4N4AaABAg,oeHtfMFdzIY,@FloweryMK7,"In astrophotography we call these hot pixels they pop up on DSLRs too often for no apparent reason. Pretty annoying but there are ways to remove them, at least from still images",2,2025-09-09T15:46:06Z,Marques Brownlee,Technology,Phone Camera PSA,7806093,311391,4163
UgwcWAZUUo0aeV5c91B4AaABAg,oeHtfMFdzIY,@balarammusa,"Even happens to DSLR cameras sometimes, not just a phone issue",31,2025-09-05T19:04:27Z,Marques Brownlee,Technology,Phone Camera PSA,7806093,311391,4163
UgwO6-ZqTVvyi4Goo-Z4AaABAg,oeHtfMFdzIY,@_why_24,We truly value and appreciate you sir. Thanks!,57,2025-09-04T19:29:36Z,Marques Brownlee,Technology,Phone Camera PSA,7806093,311391,4163
Ugy7giGxe9p_IBjs-B14AaABAg,oeHtfMFdzIY,@skitterson,The Pablo Sanchez from BYB shirt is an insane pull,5,2025-09-06T06:12:48Z,Marques Brownlee,Technology,Phone Camera PSA,7806093,311391,4163
UgyDn3DZ00SLGXGa_Kd4AaABAg,oeHtfMFdzIY,@skudrinskis,The moment I saw it I couldn't unsee it,1,2025-09-20T21:02:59Z,Marques Brownlee,Technology,Phone Camera PSA,7806093,311391,4163
UgzRoO1onlQ1WLocz8N4AaABAg,oeHtfMFdzIY,@dd-di3mz,"Can happen with regular ol' lasers you find at concerts, they can cause even more damage.",77,2025-09-04T19:34:32Z,Marques Brownlee,Technology,Phone Camera PSA,7806093,311391,4163
Ugxfx7kDAPuXFz1lPn54AaABAg,oeHtfMFdzIY,@OwusuSamG,It’s great how you talk about the iPhone and damaged camera but as soon as you reference a “smartphone” boom pixel lol I know it was all innocently done but I love pixel 😅,4,2025-09-04T20:51:55Z,Marques Brownlee,Technology,Phone Camera PSA,7806093,311391,4163
UgweCMk__tdfY61wQuZ4AaABAg,oeHtfMFdzIY,@braindecay9477,"If it is strong enough to fry the camera sensor, couldn't it also permanently damage our eyes?  Eye damage through IR lasers is common because it's nearly completely invisible to us - so even the reflexes that'd normally protect our eyes don't get triggered",107,2025-09-07T18:15:59Z,Marques Brownlee,Technology,Phone Camera PSA,7806093,311391,4163
UgzS3CBnaUn_fVApJcl4AaABAg,oeHtfMFdzIY,@wooster001,That’s pretty good that you were able to pinpoint where the damage came from.  I never would have thought that,0,2025-09-12T11:36:54Z,Marques Brownlee,Technology,Phone Camera PSA,7806093,311391,4163
UgxtNBj9RSckd6C6ncV4AaABAg,oeHtfMFdzIY,@Gus11445,I have a Volvo C40 Recharge with Lidar. I've seen quite a few warnings on this recently. That real time shot of the damage happening is pretty cool.,8,2025-09-06T15:33:23Z,Marques Brownlee,Technology,Phone Camera PSA,7806093,311391,4163
UgxFUtOoETnNFyDz7UV4AaABAg,oeHtfMFdzIY,@Merabbit,"Ultimate privacy hack, walk around with lidar hat, shooting 360 degrees, destroying cameras everywhere.",34,2025-09-04T20:53:22Z,Marques Brownlee,Technology,Phone Camera PSA,7806093,311391,4163
Ugz72lYfQZtlKaB5ynh4AaABAg,oeHtfMFdzIY,@Jona,Ah thats the reason elon wants vision only 🌚 (besides all the other reasons),5,2025-09-07T09:18:17Z,Marques Brownlee,Technology,Phone Camera PSA,7806093,311391,4163
Ugz3RVxvIS2EGtsHfcl4AaABAg,oeHtfMFdzIY,@JoeSc.,Sick shirt!,2,2025-09-11T18:35:02Z,Marques Brownlee,Technology,Phone Camera PSA,7806093,311391,4163
Ugw-qidZ3xXxc5mRSrN4AaABAg,oeHtfMFdzIY,@N.G.B.N,"Marques, I think that if you check a bit more online you’ll be shocked on how many phones are getting damaged by concert lasers as well",59,2025-09-04T19:33:37Z,Marques Brownlee,Technology,Phone Camera PSA,7806093,311391,4163
UgxGDHMk0E643BKmY7F4AaABAg,oeHtfMFdzIY,@coolmr3,"Dude, Pablo Sanchez shirt is goated",10,2025-09-04T23:07:48Z,Marques Brownlee,Technology,Phone Camera PSA,7806093,311391,4163
UgwrqDVgNa8Vll_15GR4AaABAg,oeHtfMFdzIY,@brickson98m,"Yeah, I saw the original video you clipped in. This, currently, seems to be just a specific issue with that Volvo. They chose to use a more powerful LIDAR system than most others do. 

I have a feeling they’re going to run into some trouble in doing so, due to it damaging cameras. Considering many other self driving cars out there rely on cameras. Also, dashcams… yeah, I just don’t think it’s going to end well for Volvo here, and there’s seemingly no reason they should’ve went with such a strong laser system.",5,2025-09-05T12:58:06Z,Marques Brownlee,Technology,Phone Camera PSA,7806093,311391,4163
UgzU25DvEWarOG0-IGV4AaABAg,oeHtfMFdzIY,@douglasdollars,"Lasers have been wrecking camera sensors for ages, glad you found this out",0,2025-10-15T04:33:58Z,Marques Brownlee,Technology,Phone Camera PSA,7806093,311391,4163
UgzRkpiJGis1nhwtNit4AaABAg,oeHtfMFdzIY,@carstereo2493,"Marques I had my tablets on full brightness, saw these spots on the screen, thought it was dust and was trying to clean the screen with my finger the whole time u were speaking thinking something was wrong with my screen until u said permanent baked in damage to the sensor. U got me good 😂",6,2025-09-04T20:55:43Z,Marques Brownlee,Technology,Phone Camera PSA,7806093,311391,4163
Ugzybe8ouBjXSuR-W9Z4AaABAg,oeHtfMFdzIY,@chris-fernandez-928,Ayeeee backyard baseball shirt is fire 🔥🔥🔥,16,2025-09-04T19:29:41Z,Marques Brownlee,Technology,Phone Camera PSA,7806093,311391,4163
Ugw5OTHDGpxKgsN4KY54AaABAg,oeHtfMFdzIY,@JesseFox-bb7fi,Dude. That shirt!!!!  My son and I played that all the time years ago,5,2025-09-06T00:49:07Z,Marques Brownlee,Technology,Phone Camera PSA,7806093,311391,4163
UgxQtJ9FNBa1xwWfsTJ4AaABAg,oeHtfMFdzIY,@anon-yt,Liked video solely for the shirt ⚾️,1,2025-09-18T10:31:15Z,Marques Brownlee,Technology,Phone Camera PSA,7806093,311391,4163
Ugx0yBfrpvGNtH0kDc14AaABAg,oeHtfMFdzIY,@techsingular,You observed that minute details...thats cool👍👌,9,2025-09-04T19:28:42Z,Marques Brownlee,Technology,Phone Camera PSA,7806093,311391,4163
Ugxp9Wu6LsDQEVApe3R4AaABAg,oeHtfMFdzIY,@LeonardtheCat29,"Even if it’s eye “safe” the fact that this can damage cameras, which means personal dash cams, cctvs, phones, traffic cameras, etc is a huge liability and potential safety risk.",105,2025-09-05T14:19:05Z,Marques Brownlee,Technology,Phone Camera PSA,7806093,311391,4163
Ugwz_iTgRJWf2prvj5J4AaABAg,oeHtfMFdzIY,@Sweet-Vermouth,"For those wondering how this works, this is an oversimplified version - 
Each pixel has 3 photo-diodes each sensitive to different colors of light (RGB). When you open your camera, a voltage is applied across every diode. In the dark very little current is allowed to pass through the diode. The more light falls on the photo-diode, the more current it allows to pass through it. If a very bright light falls on the diode, a lot of current passes through the diode causing it to burn out and permanently allow current to pass through. 
If the camera is not on, there is no voltage across the diode so no current will flow through it when bright light shines on it. The sensor will not be affected if the camera is not on.",100,2025-09-10T06:45:10Z,Marques Brownlee,Technology,Phone Camera PSA,7806093,311391,4163
UgxlG7n8roXd26TgW-p4AaABAg,oeHtfMFdzIY,@CRUXIFER,Dude seriously we need this video to be your top video. Biggest PSA,0,2025-09-11T03:29:09Z,Marques Brownlee,Technology,Phone Camera PSA,7806093,311391,4163
Ugy54VRZhkDNN9HLGKZ4AaABAg,oeHtfMFdzIY,@ForCandor,"""You're seeing things,"" Apple™",63,2025-09-05T21:51:22Z,Marques Brownlee,Technology,Phone Camera PSA,7806093,311391,4163
UgwlGdvqW972e9QAjrd4AaABAg,oeHtfMFdzIY,@DrBadHabits,I smell a Lawsuit coming!!!,52,2025-09-04T20:41:44Z,Marques Brownlee,Technology,Phone Camera PSA,7806093,311391,4163
Ugza9PU0rhM3oFE2qPl4AaABAg,oeHtfMFdzIY,@Nezar_911,I thought you been near some uranium thank God .,7,2025-09-04T19:39:09Z,Marques Brownlee,Technology,Phone Camera PSA,7806093,311391,4163
Ugx1BGrr5jYr7lX8SYJ4AaABAg,oeHtfMFdzIY,@The_Gooning_Engineer,from what i remember lidar uses some kind of laser to visulize things and most high powered lasers blast right through phone cameras,1,2025-09-11T18:57:01Z,Marques Brownlee,Technology,Phone Camera PSA,7806093,311391,4163
UgxOMBkaRjrorKivuVN4AaABAg,oeHtfMFdzIY,@thoreberlin,If it hurts a camera sensor you can be pretty sure it damages your retina too. Your brain is just automatically blending over the retina damage up to a very high damage percentage until 70 percent of your vision is gone.,50,2025-09-07T14:56:34Z,Marques Brownlee,Technology,Phone Camera PSA,7806093,311391,4163
UgzrekFp8Nwf8hjgUl54AaABAg,oeHtfMFdzIY,@noelechevarria9460,Man! Marques with another technology find. This is a great PSA. Good to know and I am glad you found it and shared it.,5,2025-09-07T10:50:35Z,Marques Brownlee,Technology,Phone Camera PSA,7806093,311391,4163
UgxcQhm739qJi38gO1t4AaABAg,oeHtfMFdzIY,@brandnaqua,"wow! it's good to bring awareness to this. Also, can those lasers on cars affect our eyes??",2,2025-09-24T03:42:15Z,Marques Brownlee,Technology,Phone Camera PSA,7806093,311391,4163
Ugw2XT7pUy3bOy7prHl4AaABAg,oeHtfMFdzIY,@WhatsTheT,"OMG this was a good PSA. This would be the type of calls we would get after a phone release and it would only be specific to certain people/situations. And it would take phone call after phone call, email after email BEGGING the customer to give us every intricate detail they could think of with how they were using their phone. 

The amount of time we would get asked by engineering for more detail on a ticket and to have a customer who didn’t understand why we needed every single intricate detail they could possibly give to help narrow down and figure out what certain issues were being related to.",0,2025-10-06T08:18:12Z,Marques Brownlee,Technology,Phone Camera PSA,7806093,311391,4163
Ugy5msTlhOej9M4nU6l4AaABAg,oeHtfMFdzIY,@jaredwilson7549,And that’s what happens to your eyes when the person at checkout scans your eyeballs,11,2025-09-05T17:54:13Z,Marques Brownlee,Technology,Phone Camera PSA,7806093,311391,4163
Ugx4mQFOKtj0T5tU25x4AaABAg,oeHtfMFdzIY,@blackberry8924,"So these lidar systems might affect our eyes health, like birds eyes or insects eyes.  
You've noticed something really important about this self driving technology. It doesn't blow up like lithium batteries. But continuous exposition to traffic in an upcoming future, may cause a sharp increase of occular damage cases in dense urban areas. 
Good job Marquis...",108,2025-09-05T02:22:29Z,Marques Brownlee,Technology,Phone Camera PSA,7806093,311391,4163
UgygH0mjWSNL4dJZrjh4AaABAg,oeHtfMFdzIY,@HarjotSingh-ew5ks,"I am assuming this will also damage the sensor even if I am not recording, because sensor is still exposed regardless of whether I am recording or not",6,2025-09-04T19:45:08Z,Marques Brownlee,Technology,Phone Camera PSA,7806093,311391,4163
UgzhI8l81B7nQBBMell4AaABAg,rZMMySvsKAA,@S.p.e.c.t.r.e_01,It looks like how people in the 70's imagined 2025 cars would look like,51912,2025-10-17T21:51:47Z,Marques Brownlee,Technology,The Solar Powered Aptera EV 👀,7702913,317103,7061
UgyPwJ2DlA19W3DnO0l4AaABAg,rZMMySvsKAA,@stupidshiba,"Unlike the cyber truck, the wacky design actually serves a purpose",11038,2025-10-22T23:12:16Z,Marques Brownlee,Technology,The Solar Powered Aptera EV 👀,7702913,317103,7061
Ugy-R3tTvB3UGCdXcHN4AaABAg,rZMMySvsKAA,@vedha_shogun,Not the kidnapped guy to show the space 😂😂,14930,2025-10-17T21:41:56Z,Marques Brownlee,Technology,The Solar Powered Aptera EV 👀,7702913,317103,7061
Ugx3Lan9FVAHcsPQHTx4AaABAg,rZMMySvsKAA,@BlankMan123,"""Ultra Pro Max E-rickshaw"" that's what came to my mind as soon as I heard 3 wheeler.",130,2025-12-12T01:55:13Z,Marques Brownlee,Technology,The Solar Powered Aptera EV 👀,7702913,317103,7061
Ugw2Hl0jCfQ0vn2yfDF4AaABAg,rZMMySvsKAA,@RodPrimata,i was so scared that the car was gonna disapear when you said it was not real... thought it would be ai or something,27399,2025-10-17T23:08:32Z,Marques Brownlee,Technology,The Solar Powered Aptera EV 👀,7702913,317103,7061
Ugz42v3Lm7pZjgd5hyR4AaABAg,rZMMySvsKAA,@Pepsiidded,I genuinely like the design. Especially the fact that it doesn't even classify as a car. It makes my brain accept the eccentricity more.,4603,2025-10-19T08:57:48Z,Marques Brownlee,Technology,The Solar Powered Aptera EV 👀,7702913,317103,7061
Ugyj7xiQtF7hGnDX0yJ4AaABAg,rZMMySvsKAA,@jonathanyaloussa,"""Miles per trunk"" is a valid unit of measurement as far as I'm concerned.",4303,2025-10-17T22:13:19Z,Marques Brownlee,Technology,The Solar Powered Aptera EV 👀,7702913,317103,7061
Ugz5Pte6HZtmzFckxrt4AaABAg,rZMMySvsKAA,@BrilliantDragons,"I would buy it honestly, and then have it wrapped in chrome to be the most eccentric guy ever",7,2026-03-21T07:23:50Z,Marques Brownlee,Technology,The Solar Powered Aptera EV 👀,7702913,317103,7061
Ugx2_H3omCdZxZlDq5Z4AaABAg,rZMMySvsKAA,@CaptainAlex69,“Let me know by subscribing” is kind of wild lmao,3157,2025-10-18T01:53:06Z,Marques Brownlee,Technology,The Solar Powered Aptera EV 👀,7702913,317103,7061
Ugy8A8TxjG2g4mYsA3l4AaABAg,rZMMySvsKAA,@theaxolotlmusic,This is straight out of the Despicable Me/Minions universe. 😂,484,2025-10-23T10:07:10Z,Marques Brownlee,Technology,The Solar Powered Aptera EV 👀,7702913,317103,7061
Ugw-OqbKgImgacikKZV4AaABAg,rZMMySvsKAA,@M1szS,"I'm really glad to see someone finally use aerodynamics for efficiency, and not just top speed",1587,2025-10-20T13:29:46Z,Marques Brownlee,Technology,The Solar Powered Aptera EV 👀,7702913,317103,7061
UgxTuMom3JLnMNWEN_F4AaABAg,rZMMySvsKAA,@wnderbug,The head nod once the rear opened 🤣🤣,28,2025-11-18T20:19:21Z,Marques Brownlee,Technology,The Solar Powered Aptera EV 👀,7702913,317103,7061
UgzONpmyDSqZ7xR1BV94AaABAg,rZMMySvsKAA,@barathram1777,Petition to have Miles in every car's trunk during the review. Would be hilarious if in every video when the trunk opens its just Miles chilling,2223,2025-10-17T21:48:02Z,Marques Brownlee,Technology,The Solar Powered Aptera EV 👀,7702913,317103,7061
UgwByhiMdbKz5w8-b8l4AaABAg,rZMMySvsKAA,@marcusreading3783,"I do feel like you could probably get away with some recessed door handles because that way of opening the door seems like its asking for getting locked out, but that is a really cool design.",1807,2025-10-22T23:21:42Z,Marques Brownlee,Technology,The Solar Powered Aptera EV 👀,7702913,317103,7061
UgxKQYJ4bgbl6hBuTUZ4AaABAg,rZMMySvsKAA,@heelturnn,My man just chillin in the boot 😂,657,2025-11-08T09:02:54Z,Marques Brownlee,Technology,The Solar Powered Aptera EV 👀,7702913,317103,7061
UgxfI6LvqJEklm3lbNZ4AaABAg,rZMMySvsKAA,@DanaHighfill,I’ve been following this car for years and really hope it gets into production,4,2026-02-28T05:01:10Z,Marques Brownlee,Technology,The Solar Powered Aptera EV 👀,7702913,317103,7061
UgxakHWgxY9nlGPpPol4AaABAg,rZMMySvsKAA,@MythicSuns,1:00 When you're being kidnapped but your kidnapper is making some pretty valid points.,1220,2025-10-18T08:14:19Z,Marques Brownlee,Technology,The Solar Powered Aptera EV 👀,7702913,317103,7061
Ugyg9_V_6yPuhy_B4jB4AaABAg,rZMMySvsKAA,@saulwalker7058,"As an Australian, I would love this for a daily driver.",451,2025-10-19T07:22:59Z,Marques Brownlee,Technology,The Solar Powered Aptera EV 👀,7702913,317103,7061
Ugw_ZYJK25VJQs1KdJx4AaABAg,rZMMySvsKAA,@bengrayson6628,You can say thank you for the rally that happens across the Australian desert. This event challenges Universities and private companies to create a solar driven vehicle and reach the finish line first. It has been running for years and this vehicle is a result of that challenge. Give it some love.,317,2025-10-21T03:57:21Z,Marques Brownlee,Technology,The Solar Powered Aptera EV 👀,7702913,317103,7061
Ugwyd5mRCJ_M9iMT0854AaABAg,rZMMySvsKAA,@EZBOOMBOXirl,Blud was just chillin.,4,2026-02-07T05:03:07Z,Marques Brownlee,Technology,The Solar Powered Aptera EV 👀,7702913,317103,7061
UgxO-SS9junzKbCzuWB4AaABAg,rZMMySvsKAA,@OtavioH-k2s1l,Pleeeeeeease make a long form about this.,580,2025-10-17T21:57:42Z,Marques Brownlee,Technology,The Solar Powered Aptera EV 👀,7702913,317103,7061
UgyzpPE0xXzBw8rJIpB4AaABAg,rZMMySvsKAA,@Lord_Mangoat,Fingers crossed they make it to production. It is my dream vehicle. Already have a reservation down for it.,704,2025-10-19T16:11:27Z,Marques Brownlee,Technology,The Solar Powered Aptera EV 👀,7702913,317103,7061
UgzfvgwEWhfPdu1RrTl4AaABAg,rZMMySvsKAA,@user-pl9fp7xt4j,"Not only would I buy one, I am buying one! That is, once they start production (I'm an Aptera Accelerator).  This is the coolest transportation idea I've ever seen - by far. Almost no impact to the planet if you don't drive more than 40 miles a day. Too cool.",1547,2025-10-20T20:57:38Z,Marques Brownlee,Technology,The Solar Powered Aptera EV 👀,7702913,317103,7061
UgynmxSw7rKVRwl_Zch4AaABAg,rZMMySvsKAA,@thefluffchucker,"I’d love a turbo diesel version of this, the fuel economy would be insane!!!",0,2026-09-30T11:41:42Z,Marques Brownlee,Technology,The Solar Powered Aptera EV 👀,7702913,317103,7061
Ugz7TyS-pM_akFiqhIx4AaABAg,rZMMySvsKAA,@AZ_EZ_24,"I mean, design is whatever, I'd rather see these on the street than a blind spot prone cinderblock bullet known as a truck",777,2025-10-18T00:51:33Z,Marques Brownlee,Technology,The Solar Powered Aptera EV 👀,7702913,317103,7061
UgwqECN0VhzNUH5XQkF4AaABAg,rZMMySvsKAA,@danielbeadle4384,Miles in the trunk was hilarious,370,2025-10-17T21:42:16Z,Marques Brownlee,Technology,The Solar Powered Aptera EV 👀,7702913,317103,7061
UgxvOG3kP2ooxAp6Tit4AaABAg,rZMMySvsKAA,@ahmedyasser8416,I'm in Egypt so I'll use it so well,26,2025-10-17T23:27:05Z,Marques Brownlee,Technology,The Solar Powered Aptera EV 👀,7702913,317103,7061
UgwhJhHhbeEJ8u_USDZ4AaABAg,rZMMySvsKAA,@Winningfield0,I'm in Chicago watching this right now and i feel called out. I was thinking exactly that before he said it.,1,2026-01-31T05:45:03Z,Marques Brownlee,Technology,The Solar Powered Aptera EV 👀,7702913,317103,7061
Ugxmcq5ENIxY7Q8_til4AaABAg,rZMMySvsKAA,@susanyoung6579,I would seriously consider buying one of these and I'm picky.,24,2025-10-17T22:10:33Z,Marques Brownlee,Technology,The Solar Powered Aptera EV 👀,7702913,317103,7061
Ugw8nf0k7VOmODAoIf14AaABAg,rZMMySvsKAA,@TheMacdoug,"Reserved one three years ago, I just loved the vision and the tech. Hoping they cross the finish line.",130,2025-10-17T22:40:05Z,Marques Brownlee,Technology,The Solar Powered Aptera EV 👀,7702913,317103,7061
UgwLDrhwtEVMzR0Po-94AaABAg,rZMMySvsKAA,@spifflord308,It’s my childhood idea of a concept car in real life,41,2025-10-17T21:42:09Z,Marques Brownlee,Technology,The Solar Powered Aptera EV 👀,7702913,317103,7061
UgzO0mmDqdZTTeKbhql4AaABAg,rZMMySvsKAA,@HousesInABox,The guy nodding like hmm hmm 😂😂😂,0,2026-06-03T09:37:28Z,Marques Brownlee,Technology,The Solar Powered Aptera EV 👀,7702913,317103,7061
Ugxs8hNj_ZcmH6ILIXF4AaABAg,rZMMySvsKAA,@LaurenTaylor-p7r,I have a reservation! I'm ready for my Aptera! I bought a small scale figure! I'm excited to see the tent and pet add-ons in person. Love the right to repair aspect too.,184,2025-10-20T20:49:13Z,Marques Brownlee,Technology,The Solar Powered Aptera EV 👀,7702913,317103,7061
UgwIHc8I8uC6lYEsRWh4AaABAg,rZMMySvsKAA,@astronomerperson,Company and idea have been around for a long time. I remember talking about it circa 2009 in undergrad. They went under and had tried various funding for a while. Glad to see it resurrected! One of my favorite ideas for electric cars. Even if it doesn’t take off in the US (SUV and Truck centric mentalities).,59,2025-10-20T22:38:11Z,Marques Brownlee,Technology,The Solar Powered Aptera EV 👀,7702913,317103,7061
UgyhvIS-pePA0fHkC_N4AaABAg,rZMMySvsKAA,@D0dZi3,I think I‘d buy it. It looks like a cool concept.,21,2025-10-17T21:56:44Z,Marques Brownlee,Technology,The Solar Powered Aptera EV 👀,7702913,317103,7061
Ugx4tQJi9l5MGWHUzMd4AaABAg,rZMMySvsKAA,@GoogleChrome.Everywhere,Bro just roasted Chicago and called it a day,1,2026-03-18T17:00:07Z,Marques Brownlee,Technology,The Solar Powered Aptera EV 👀,7702913,317103,7061
UgxN9Wb7X7NwB9wul614AaABAg,rZMMySvsKAA,@marianzk,"I really really really hope they succeed! If not, then nobody will even attempt to build something like this for another 20 years 😢",365,2025-10-18T11:51:52Z,Marques Brownlee,Technology,The Solar Powered Aptera EV 👀,7702913,317103,7061
Ugwv69o3WKfLhhC84p54AaABAg,rZMMySvsKAA,@chipnskip6,"That would be a great car for me, I only drive like 15 miles a day, some days I don't even drive. I'd never spend on gas or electricity 😃",16,2025-10-17T23:33:50Z,Marques Brownlee,Technology,The Solar Powered Aptera EV 👀,7702913,317103,7061
UgwCCMNspNz30jIxj-p4AaABAg,rZMMySvsKAA,@aryamanstechhaven,The car looks so cool,21,2025-10-17T21:40:54Z,Marques Brownlee,Technology,The Solar Powered Aptera EV 👀,7702913,317103,7061
UgwoYT1vMbrQZufDkBB4AaABAg,rZMMySvsKAA,@PappMartinCsaba,I would love a car like this,0,2026-09-30T05:57:07Z,Marques Brownlee,Technology,The Solar Powered Aptera EV 👀,7702913,317103,7061
Ugykm0-VEzhuuoAaMdt4AaABAg,rZMMySvsKAA,@raphaelbruegger,I live in Switzerland and I would instantly buy this car! What a great concept!,138,2025-10-18T05:30:15Z,Marques Brownlee,Technology,The Solar Powered Aptera EV 👀,7702913,317103,7061
UgyeJkiZmtm_CG3EeDh4AaABAg,rZMMySvsKAA,@TBISYTC,"I would absolutely buy it!! 
A daily around the city; on a mountain road, a good old road trip, yep!!",20,2025-10-19T21:10:40Z,Marques Brownlee,Technology,The Solar Powered Aptera EV 👀,7702913,317103,7061
UgxXdFzivLMX5DcI54V4AaABAg,rZMMySvsKAA,@mineman2002,"I'd definitely buy this, it's got a very unique design and the value proposition is effective for a 2 person home.",50,2025-10-19T16:12:59Z,Marques Brownlee,Technology,The Solar Powered Aptera EV 👀,7702913,317103,7061
UgyhgfuYwJxw46lL4c94AaABAg,rZMMySvsKAA,@tswrench,It really has been a slow train trying to get the Aptera to market.  Hoping they'll be able to start production soon.,1,2026-01-26T20:47:59Z,Marques Brownlee,Technology,The Solar Powered Aptera EV 👀,7702913,317103,7061
UgxtZ0eIFl4QemkcCtJ4AaABAg,rZMMySvsKAA,@ChrisLeiter,I met the team back when the aptera was still in original early dev as a 200mpg ICE 15 years ago. Glad to see it actually on the road❤,87,2025-10-18T12:56:16Z,Marques Brownlee,Technology,The Solar Powered Aptera EV 👀,7702913,317103,7061
UgwW-ilaj4n-4-b7A254AaABAg,rZMMySvsKAA,@andrewfalenski6583,"I am on the buyers list so yes, I would buy this vehicle.",32,2025-10-17T23:21:01Z,Marques Brownlee,Technology,The Solar Powered Aptera EV 👀,7702913,317103,7061
Ugw_OF8CEVHzWOB8xg14AaABAg,rZMMySvsKAA,@happycake1000,Yes PLEASE. I need this car. I am a reservation holder.,17,2025-10-18T00:48:44Z,Marques Brownlee,Technology,The Solar Powered Aptera EV 👀,7702913,317103,7061
Ugwv0urbkw0MG4svQkR4AaABAg,rZMMySvsKAA,@ZLVSJ8,Omg thank you for finally giving us the gift of you reviewing this cars. As you said it’s been years of us pushing you to review this car. We are forever thankful and you are spoiling us. Wow this guy is finally reviewing this car. I can’t believe Xmas came a little early this year.,0,2025-12-21T16:45:10Z,Marques Brownlee,Technology,The Solar Powered Aptera EV 👀,7702913,317103,7061
Ugxc8yUxUQCcJ6Waqvx4AaABAg,rZMMySvsKAA,@SEANALPURVIS,"I live in Chandler, and I could roll with this.",12,2025-10-17T21:58:07Z,Marques Brownlee,Technology,The Solar Powered Aptera EV 👀,7702913,317103,7061
UgwGqggnKzyYUWiEfUR4AaABAg,rZMMySvsKAA,@alexdylan04,"And the trunk, perfect for kidnapping Miles 😂",15,2025-10-17T21:55:15Z,Marques Brownlee,Technology,The Solar Powered Aptera EV 👀,7702913,317103,7061
UgxBCX7LVxbg3nTfdkt4AaABAg,rZMMySvsKAA,@Something_Ronald,Would be great for Arizona with it being so sunny,21,2025-10-17T21:57:57Z,Marques Brownlee,Technology,The Solar Powered Aptera EV 👀,7702913,317103,7061
UgxBfBC_CWC_rBwNdjx4AaABAg,rZMMySvsKAA,@SpiesWT,"It looks like a cessna cabin, without the wings, literally",1,2026-02-21T13:41:28Z,Marques Brownlee,Technology,The Solar Powered Aptera EV 👀,7702913,317103,7061
UgwHzh2MFke9b-tvo7t4AaABAg,rZMMySvsKAA,@Aa792,"Yup, I would buy one, and ASAP. It is not fitting for everybody, but as an empty nester, this would work great for me. Also for commuters, apartment dwellers without charging infrastructure, road trippers, etc...",57,2025-10-17T22:14:56Z,Marques Brownlee,Technology,The Solar Powered Aptera EV 👀,7702913,317103,7061
UgxrRSaKuTKeIZk0rRt4AaABAg,rZMMySvsKAA,@too_hushaar,I always thought of this concept should exist and excel,7,2025-10-18T03:40:21Z,Marques Brownlee,Technology,The Solar Powered Aptera EV 👀,7702913,317103,7061
UgzP3HkueFZPmMiIbyd4AaABAg,rZMMySvsKAA,@ATM648,"Would have been insane if as Marques said it isn't real, that it flickered into a green screen",9,2025-10-17T21:54:50Z,Marques Brownlee,Technology,The Solar Powered Aptera EV 👀,7702913,317103,7061
UgxS4ZpogGbGvpraYNh4AaABAg,rZMMySvsKAA,@suzannel7168,"I adore this car, especially the wheel covers, which is why those early Honda Insights give me SUCH a thrill!",0,2026-02-28T03:56:27Z,Marques Brownlee,Technology,The Solar Powered Aptera EV 👀,7702913,317103,7061
Ugw4yGzSSsth2DuHDqp4AaABAg,rZMMySvsKAA,@OctogonManny,"As a Chicagoan, the snow and ice were the first thing I thought of before he mentioned it",105,2025-10-18T17:58:18Z,Marques Brownlee,Technology,The Solar Powered Aptera EV 👀,7702913,317103,7061
UgyLimIEoH53PJ4Vtod4AaABAg,rZMMySvsKAA,@MinhPhạm-y1d,man if i have money i would fund them,33,2025-10-17T23:14:05Z,Marques Brownlee,Technology,The Solar Powered Aptera EV 👀,7702913,317103,7061
Ugz3vSgiMNrZA4Djbxd4AaABAg,rZMMySvsKAA,@Ookernookeris_me,Bro’s going to speed in it 🪑,42,2025-10-20T21:35:41Z,Marques Brownlee,Technology,The Solar Powered Aptera EV 👀,7702913,317103,7061
UgyDekKzDn9pcJZ6RFh4AaABAg,rZMMySvsKAA,@Shield200,My father might really buy this as a company car if he could,1,2026-01-24T12:28:19Z,Marques Brownlee,Technology,The Solar Powered Aptera EV 👀,7702913,317103,7061
UgwSKdAUKIiHfGOf0Bx4AaABAg,rZMMySvsKAA,@nyrubin,40 miles of driving per day is all I need,79,2025-10-17T21:51:35Z,Marques Brownlee,Technology,The Solar Powered Aptera EV 👀,7702913,317103,7061
UgzK8OVRRF2ADKjoU7R4AaABAg,rZMMySvsKAA,@indrabora13,That Kidnap example was unexpected😂,15,2025-10-26T11:31:20Z,Marques Brownlee,Technology,The Solar Powered Aptera EV 👀,7702913,317103,7061
UgzavA2eN3Gbp1_HDVl4AaABAg,rZMMySvsKAA,@thamimajozi9827,I would get one. Looks epic,7,2025-10-18T02:51:52Z,Marques Brownlee,Technology,The Solar Powered Aptera EV 👀,7702913,317103,7061
UgzVaa9tyyAmM1497Ih4AaABAg,rZMMySvsKAA,@MisterFourSix,I've heard of the Aptera for years! I think they go way back to the early 2000s.,0,2026-05-17T20:53:43Z,Marques Brownlee,Technology,The Solar Powered Aptera EV 👀,7702913,317103,7061
Ugz3ENORoPa9WmsCruN4AaABAg,rZMMySvsKAA,@Matsosian,"""you have to do this:"" followed by an awesome gesture",4,2025-10-19T14:13:04Z,Marques Brownlee,Technology,The Solar Powered Aptera EV 👀,7702913,317103,7061
UgyS7FvGs_2OPEHOmpB4AaABAg,rZMMySvsKAA,@JeremyB562,I seen this bad boys driving in the mountains of Palomar San Diego California up at the observatory last year,15,2025-10-18T01:26:33Z,Marques Brownlee,Technology,The Solar Powered Aptera EV 👀,7702913,317103,7061
Ugx8JMg4of_2V7rjHjJ4AaABAg,rZMMySvsKAA,@nickinastick,This is exactly the type of car I designed in the game Spore,6,2025-10-18T01:55:44Z,Marques Brownlee,Technology,The Solar Powered Aptera EV 👀,7702913,317103,7061
UgxIhJx0i8oEAml1ak94AaABAg,rZMMySvsKAA,@alirezaershadi7035,"It's been years I have been imagining this. I mean, literally this.",0,2026-02-24T00:20:31Z,Marques Brownlee,Technology,The Solar Powered Aptera EV 👀,7702913,317103,7061
UgwC4l69yKBAdXpsap94AaABAg,rZMMySvsKAA,@gary_guy,I’d buy it. I’m all for maximum efficiency,8,2025-10-17T23:53:43Z,Marques Brownlee,Technology,The Solar Powered Aptera EV 👀,7702913,317103,7061
Ugw2WdZ_BZTduBMG61d4AaABAg,rZMMySvsKAA,@donovan1989,I love the port being behind the license place. Imagine everyone’s car had a port on the back and your car docks itself and you pay/charge all through the screen without ever leaving your car.,97,2025-10-17T21:43:16Z,Marques Brownlee,Technology,The Solar Powered Aptera EV 👀,7702913,317103,7061
Ugziwxt-CukI-niNNfR4AaABAg,rZMMySvsKAA,@galiojusticejustice3191,"A cross country road trip in one of these would be sick, tons of storage, great range, I imagine it zips",23,2025-10-18T04:43:11Z,Marques Brownlee,Technology,The Solar Powered Aptera EV 👀,7702913,317103,7061
UgyXBnx19JZmuSHOq8Z4AaABAg,rZMMySvsKAA,@iBrA1MAN,It kinda reminds me of those flying fish vehicles in Atlantis: the Lost Empire.,0,2026-02-04T05:21:37Z,Marques Brownlee,Technology,The Solar Powered Aptera EV 👀,7702913,317103,7061
Ugx0P7ZlxwdQy-X3WHF4AaABAg,rZMMySvsKAA,@geoffreydowdle5751,"Yes, yes I would buy a car like that.",8,2025-10-17T21:43:37Z,Marques Brownlee,Technology,The Solar Powered Aptera EV 👀,7702913,317103,7061
UgzXcrB5GU2tFV3zwjN4AaABAg,rZMMySvsKAA,@Not000Mika,“Like a fish” makes me want to see one with goldfish colored paint with some cartoonish scale details,23,2025-11-06T00:09:30Z,Marques Brownlee,Technology,The Solar Powered Aptera EV 👀,7702913,317103,7061
UgzF4VY0rxqHijqfQdx4AaABAg,rZMMySvsKAA,@krinkedsurface,I’d have one if I had the money.,6,2025-10-18T03:01:39Z,Marques Brownlee,Technology,The Solar Powered Aptera EV 👀,7702913,317103,7061
UgwM-SPF7XWcGywfjuJ4AaABAg,UaZUx3FWu64,@TheTraderGuy,"Its not ""absorbing"", its stealing.",108,2026-09-17T15:39:05Z,Neil Patel,Other,Google Is Killing the Internet Entrepreneur's Dream,119192,1696,197
UgwYqG20C0Fzzekx4C54AaABAg,UaZUx3FWu64,@nifluencer,"It stole our content then took away our traffic. I still have my #1 keyword, and our traffic dipped 75%.",57,2026-09-17T21:17:12Z,Neil Patel,Other,Google Is Killing the Internet Entrepreneur's Dream,119192,1696,197
UgxHRTV6xGzg2Xe9b3l4AaABAg,UaZUx3FWu64,@HennoKruger,I've been a blogger since 2008 - I am starting to wonder if it's still worth running my site in this day and age? They stole our content and took away our traffic - My traffic has dipped with more than 75%,13,2026-09-22T11:54:38Z,Neil Patel,Other,Google Is Killing the Internet Entrepreneur's Dream,119192,1696,197
UgxJyfRBtoQ-uE1Zg9x4AaABAg,UaZUx3FWu64,@ProTexTV,Who gave Google the right to monopolize the freaking internet,62,2026-09-17T12:24:41Z,Neil Patel,Other,Google Is Killing the Internet Entrepreneur's Dream,119192,1696,197
UgwlpJ87nYOKOPunomV4AaABAg,UaZUx3FWu64,@salafiTawheed,Now i know why google is killing NP digital channel reach,24,2026-09-17T13:28:56Z,Neil Patel,Other,Google Is Killing the Internet Entrepreneur's Dream,119192,1696,197
UgzBTq_g_wleafbqazt4AaABAg,UaZUx3FWu64,@gyanendrasingh5177,"google should pay out the websites,,which it crrawled for the information.",42,2026-09-17T15:39:51Z,Neil Patel,Other,Google Is Killing the Internet Entrepreneur's Dream,119192,1696,197
UgxUP5C3kfLpWNtlJi14AaABAg,UaZUx3FWu64,@contentdistributionguy,That's why content is the new era of SEO,3,2026-09-22T08:47:39Z,Neil Patel,Other,Google Is Killing the Internet Entrepreneur's Dream,119192,1696,197
UgwgCiZiOkFfrfrqup54AaABAg,UaZUx3FWu64,@americanfleetsailor,Sounds like a good time for anti-trust laws,35,2026-09-17T21:10:41Z,Neil Patel,Other,Google Is Killing the Internet Entrepreneur's Dream,119192,1696,197
Ugww8vjWyCdThVEWu6p4AaABAg,UaZUx3FWu64,@curt-g8g,This deserves more views. Short but packed with useful detail. Much appreciated.,0,2026-09-18T20:19:58Z,Neil Patel,Other,Google Is Killing the Internet Entrepreneur's Dream,119192,1696,197
Ugzw5ixwdtNGoeAUE_54AaABAg,UaZUx3FWu64,@UnknownVector-m8d,"My keywords are ranking on the 1st page, but the client is still not getting organic leads. And then I checked GSC and noticed that impressions and clicks in August were significantly lower than previous months. That’s where the real SEO challenge begins. A page can rank on page 1, but if the search demand is low, impressions are low, and people aren’t clicking, rankings alone won’t generate business. The difficult part is explaining this to non-technical clients who have been told: “If your website is on Google, you’ll get more traffic and more business.” SEO isn’t simply about getting a website to rank. Visibility, search demand, clicks, user intent, conversions and ultimately leads all matter.",1,2026-09-19T10:32:44Z,Neil Patel,Other,Google Is Killing the Internet Entrepreneur's Dream,119192,1696,197
Ugw3cN101_c7epm552l4AaABAg,UaZUx3FWu64,@mikewebbjr.9914,"Yep, all the conversations I have with Gemini, that LLM knows me personally... Factor in my shopping habits and future holiday gift searches, plus all the money going into their Gemini ads, this video makes perfect sense... Gemini knows me.... When AI starts searching for something I want to purchase, it knows exactly where to parse....",2,2026-09-17T18:41:34Z,Neil Patel,Other,Google Is Killing the Internet Entrepreneur's Dream,119192,1696,197
UgzCLUq6YUGwrBdcGX14AaABAg,UaZUx3FWu64,@etorawa9367,Excellent breakdown! Subscribed!,0,2026-09-18T18:54:18Z,Neil Patel,Other,Google Is Killing the Internet Entrepreneur's Dream,119192,1696,197
UgwINrVI7angRML4CCR4AaABAg,UaZUx3FWu64,@relentless-io,Google now serves huge companies and small local ones. They have abandoned the middle.,4,2026-09-17T16:51:31Z,Neil Patel,Other,Google Is Killing the Internet Entrepreneur's Dream,119192,1696,197
Ugw02uQ3fvJkdqmIqD54AaABAg,UaZUx3FWu64,@SusheelChandradhas,"I recognise Opus 5 speak… It’s very apparent which lines are written by AI, and which lines were written by a human in this script.",4,2026-09-18T11:40:20Z,Neil Patel,Other,Google Is Killing the Internet Entrepreneur's Dream,119192,1696,197
UgxDC_2gp0YqCO0pe-d4AaABAg,UaZUx3FWu64,@michellexj11,"Feeling the info but hate the AI written script. For branding, I've found my Google search queries for a specific brand hidden below numerous sponsored ads that aren't the brand I was looking for. Some of the sponsored ads are clever enough to have you thinking it was what you were looking for. AI chat will soon take over the Google search",7,2026-09-17T15:10:18Z,Neil Patel,Other,Google Is Killing the Internet Entrepreneur's Dream,119192,1696,197
Ugy0OcP32IlV9kxfoo14AaABAg,UaZUx3FWu64,@MdRipon-g8v4w,"04:18 — The point about matching content intent with the right audience segment stood out. We tested a similar approach at Grow More Gaze by separating informational and commercial keywords into different content paths, and the commercial pages showed stronger engagement without increasing publishing volume. That experiment reinforced how intent alignment can matter more than simply targeting higher-volume terms.",1,2026-09-21T05:01:05Z,Neil Patel,Other,Google Is Killing the Internet Entrepreneur's Dream,119192,1696,197
UgyksBYwZXi0mf5XJil4AaABAg,UaZUx3FWu64,@curt-g8g,Clear and to the point. The examples really helped it land. Cheers for this.,1,2026-09-18T20:22:55Z,Neil Patel,Other,Google Is Killing the Internet Entrepreneur's Dream,119192,1696,197
UgxilHaY68ET56B_Ych4AaABAg,UaZUx3FWu64,@RustySEO,A new paradigm is coming.,1,2026-09-18T11:28:15Z,Neil Patel,Other,Google Is Killing the Internet Entrepreneur's Dream,119192,1696,197
UgwyCtgjOK9VHU8l44l4AaABAg,UaZUx3FWu64,@moneytalkscapital,That 91% Google visibility vs. 45% first-touch stat is crazy. The dashboards might be lying to us.,0,2026-09-19T04:30:06Z,Neil Patel,Other,Google Is Killing the Internet Entrepreneur's Dream,119192,1696,197
Ugw6Q6DhQYVdwpVXsSx4AaABAg,UaZUx3FWu64,@miguelbanareslopez-mellado4543,I think the title couldnot be more accurate,1,2026-09-17T16:45:15Z,Neil Patel,Other,Google Is Killing the Internet Entrepreneur's Dream,119192,1696,197
UgzPKA6j-N7JV-zlzcJ4AaABAg,UaZUx3FWu64,@HullioGQ,Does this really apply to the plumber down the street? Because I still build their website and SEO and they still get the clicks when properly marketed. In fact content marketing is helping them rank in local searches more now than ever before - but that's just my experience.,15,2026-09-17T15:05:59Z,Neil Patel,Other,Google Is Killing the Internet Entrepreneur's Dream,119192,1696,197
Ugw1-Nw34EufrfF-Ptl4AaABAg,UaZUx3FWu64,@Chadi-q6k,"Sry for not watching this video also, because of summarize button 😅",2,2026-09-20T15:57:54Z,Neil Patel,Other,Google Is Killing the Internet Entrepreneur's Dream,119192,1696,197
UgwXtp6BsU9Umxn8bPR4AaABAg,UaZUx3FWu64,@bananaman17,"While I understand the concerns about Google's changing algorithms, isn't there a risk that focusing too much on diversifying traffic sources might dilute brand identity? How can entrepreneurs balance the need for visibility with maintaining a strong, recognizable brand?",1,2026-09-17T16:17:33Z,Neil Patel,Other,Google Is Killing the Internet Entrepreneur's Dream,119192,1696,197
Ugyrr4VgxS9mGhWcN094AaABAg,UaZUx3FWu64,@nataliewilkinson8347,But they shouldn't be allowed to do that. Aren't they being sued? They take your information and feed it to their AI. There is no trade anymore. Who will publish content if they get nothing?,16,2026-09-17T16:02:46Z,Neil Patel,Other,Google Is Killing the Internet Entrepreneur's Dream,119192,1696,197
UgyAhu9h61JUjcdpkpZ4AaABAg,UaZUx3FWu64,@benchong6399,"Google is actually late in using AI to summarize user questions. Think about: web search was useful when web technology was new. But at the end of the day, what you are looking for is NOT a long list of websites, but information and answers to your questions. So traditional web search (and Google/Bing search) is living past their expiration dates. And creating an app to take your questions and provide a straight up answer (with some reference web links) is not difficult at all with AI.",1,2026-09-20T02:49:49Z,Neil Patel,Other,Google Is Killing the Internet Entrepreneur's Dream,119192,1696,197
UgyCOMoka4_7uK_dcHZ4AaABAg,UaZUx3FWu64,@4theLowthoTV,"The old SEO playbook is changing fast—AI, search updates, and shifting user behavior mean entrepreneurs have to build audiences and distribution they actually control.",0,2026-09-23T13:12:27Z,Neil Patel,Other,Google Is Killing the Internet Entrepreneur's Dream,119192,1696,197
UgytDxNumxUrwjecNtB4AaABAg,UaZUx3FWu64,@alexedgar6539,Yes. I must cache my websites and close them,0,2026-09-22T09:23:33Z,Neil Patel,Other,Google Is Killing the Internet Entrepreneur's Dream,119192,1696,197
Ugx0mnBs6xIS8SYVPVl4AaABAg,UaZUx3FWu64,@LearnGermanAliceEmma,moreover some site owners might spam the web with AI articles filled with information making the competition for information harder & harder the you are correct the site must provide more value then just info that can be answered by AI,1,2026-09-19T16:34:09Z,Neil Patel,Other,Google Is Killing the Internet Entrepreneur's Dream,119192,1696,197
UgxuhUXsfocZx25wCYB4AaABAg,UaZUx3FWu64,@Zawwar2006,"Neil Patel, let's cancel the Google.",1,2026-09-20T17:54:50Z,Neil Patel,Other,Google Is Killing the Internet Entrepreneur's Dream,119192,1696,197
UgzDJj9SXgMRcl9NpLl4AaABAg,UaZUx3FWu64,@strauss7151,The description has no links,1,2026-09-17T14:56:17Z,Neil Patel,Other,Google Is Killing the Internet Entrepreneur's Dream,119192,1696,197
Ugz1OtF5Vuvn9mKhsjx4AaABAg,UaZUx3FWu64,@sushthenics,It's same like Spotify vs artist story of AI vs Website Publishers,0,2026-09-19T15:33:30Z,Neil Patel,Other,Google Is Killing the Internet Entrepreneur's Dream,119192,1696,197
UgwEpCmozIzvWDQzYwJ4AaABAg,UaZUx3FWu64,@abhijith_mb,What should independent publishers do?,12,2026-09-17T13:36:07Z,Neil Patel,Other,Google Is Killing the Internet Entrepreneur's Dream,119192,1696,197
UgxWQrSsde_3r27LWGR4AaABAg,UaZUx3FWu64,@VisionGheist,"Google has been working on the zero click search for along time. It's close. And yet, we all continue to use Google. We continue to use Gemini. We continue to use YouTube.",1,2026-09-22T10:01:20Z,Neil Patel,Other,Google Is Killing the Internet Entrepreneur's Dream,119192,1696,197
UgwI1UjLCCZumHqZY0N4AaABAg,UaZUx3FWu64,@kaisolano,This is crazy to know... its so hard to create a good brand nowadays for entreprenrurs and small business,0,2026-09-21T16:51:47Z,Neil Patel,Other,Google Is Killing the Internet Entrepreneur's Dream,119192,1696,197
UgxasYYrVINvwVtdTrF4AaABAg,UaZUx3FWu64,@TheSnugglery,"I still can't figure out why Google would rather show someone a kinda-wrong-franken-answer for free, instead of sending them to my site which has Google ads on it. Whats in it for them?",0,2026-09-20T19:11:09Z,Neil Patel,Other,Google Is Killing the Internet Entrepreneur's Dream,119192,1696,197
Ugz3PDlbchZEnDnyLhN4AaABAg,UaZUx3FWu64,@fedesupi,I don't see the link to NP Digital,1,2026-09-17T16:59:25Z,Neil Patel,Other,Google Is Killing the Internet Entrepreneur's Dream,119192,1696,197
UgwDYfHSDGrX9HgpXAR4AaABAg,UaZUx3FWu64,@M.Henrik,Google tagline: do no evil....i guess years ago they already knew the masterplan.,0,2026-09-19T02:36:45Z,Neil Patel,Other,Google Is Killing the Internet Entrepreneur's Dream,119192,1696,197
UgwUrqBPFD9VgvcOP5Z4AaABAg,UaZUx3FWu64,@Rick-z9p,Does this get us closer to UBI?,0,2026-09-21T15:05:12Z,Neil Patel,Other,Google Is Killing the Internet Entrepreneur's Dream,119192,1696,197
Ugx1rXB58AdSGArpwQR4AaABAg,UaZUx3FWu64,@np2819,"To be fair to Google, they resisted till perplexity started providing RAG answers. At that point if Google had not done AI overviews - everyone would have seen upto 100% drop.",1,2026-09-19T16:26:55Z,Neil Patel,Other,Google Is Killing the Internet Entrepreneur's Dream,119192,1696,197
UgyT34Dn6MfW40n74_h4AaABAg,UaZUx3FWu64,@unclemoggle,The AI summary... Was killing things,0,2026-09-18T17:22:30Z,Neil Patel,Other,Google Is Killing the Internet Entrepreneur's Dream,119192,1696,197
Ugy8fCoQ1QWuffpcxs14AaABAg,UaZUx3FWu64,@NastasaIonut,"I’ve just watched the full video, and I think I finally understand Google.

Nobody knows how Google works. Google doesn’t know how Google works. Nobody knows what any of it means.

But it’s provocative. It gets the people going.

And apparently, that’s as close as we’re getting to Google Search documentation. 😂",0,2026-09-18T19:07:48Z,Neil Patel,Other,Google Is Killing the Internet Entrepreneur's Dream,119192,1696,197
Ugz2E3shDaYvG94cklV4AaABAg,UaZUx3FWu64,@passeiosemjoaopessoa,Google just broke the internet.,1,2026-09-17T21:55:59Z,Neil Patel,Other,Google Is Killing the Internet Entrepreneur's Dream,119192,1696,197
UgxA-ceco_NWq1rZkq94AaABAg,UaZUx3FWu64,@skyhigh8386,but isnt gemini also started showing ads so wont it be another platform like web where u have both organic & inorganic results,0,2026-09-21T05:48:46Z,Neil Patel,Other,Google Is Killing the Internet Entrepreneur's Dream,119192,1696,197
UgxnrSaCGtNNeazcS_h4AaABAg,UaZUx3FWu64,@Technoanima,The problem is simple malicious websites. But the answer by Google is equally dystopian. 😢,0,2026-09-19T13:32:32Z,Neil Patel,Other,Google Is Killing the Internet Entrepreneur's Dream,119192,1696,197
UgwWE7SlJh36nS5TSPl4AaABAg,UaZUx3FWu64,@exe.nomead,Insightful,0,2026-09-23T14:33:19Z,Neil Patel,Other,Google Is Killing the Internet Entrepreneur's Dream,119192,1696,197
UgxNe_KP6ZrttENimgV4AaABAg,UaZUx3FWu64,@both_works,"Google never said that. Google said this: ""To support a healthy ecosystem of fresh and useful content in all the world's languages, we help people, publishers, and businesses of all sizes succeed and be found by others."" There was no word that translated to ""useful"" - think about that.",0,2026-09-17T19:08:02Z,Neil Patel,Other,Google Is Killing the Internet Entrepreneur's Dream,119192,1696,197
UgwRvfzO7ur7euBaftZ4AaABAg,UaZUx3FWu64,@staraffirmations,Omg wtf I was like thinking is it slow season in my industry (tourism) where the fk are my organic leads,1,2026-09-17T17:37:44Z,Neil Patel,Other,Google Is Killing the Internet Entrepreneur's Dream,119192,1696,197
Ugwv584zqEjPKtz4lzt4AaABAg,UaZUx3FWu64,@rajadon2071,Nice information of internet Business ❤❤,0,2026-09-24T03:57:03Z,Neil Patel,Other,Google Is Killing the Internet Entrepreneur's Dream,119192,1696,197
UgyL1jyCp2d-woKe2zN4AaABAg,UaZUx3FWu64,@sa34w,Never depend on internet middleman for business.,0,2026-09-21T02:59:26Z,Neil Patel,Other,Google Is Killing the Internet Entrepreneur's Dream,119192,1696,197
UgxlRe5mKUqDQQXtLnd4AaABAg,UaZUx3FWu64,@fabiobianchi3104,"I think we all have to just block ai, at least on our main content, on a way to educate the people (the users/visitors) to access the websites for the information they want. I'm finishing building a online directory on a very specific niche with 45-65% of original data; data that I sourced from the business themselves and that are not on google my business. I will block ai for the directory and just let ai read the blog of the directory. What do you think of that approach?",0,2026-09-24T22:06:19Z,Neil Patel,Other,Google Is Killing the Internet Entrepreneur's Dream,119192,1696,197
UgwFJHsJT6xSV_CGlj94AaABAg,UaZUx3FWu64,@jimboyuk1,"Seriously though, who uses Google for search anymore?",3,2026-09-17T17:41:19Z,Neil Patel,Other,Google Is Killing the Internet Entrepreneur's Dream,119192,1696,197
Ugxj256LOKE2Dm3yg2J4AaABAg,UaZUx3FWu64,@gj1234567899999,"I actually have grok, chat gpt, and Claude. I actually barely use google nowadays and ask AI for stuff. Like before I would google a recipe. Now I just ask grok what ingredients I have on hand and the best meal I can make with those ingredients. For work i would use google to research  a piece of land. Now I just ask chat got to research it for me. Many examples of this. Google is using AI, but other ai is hurting Google.",1,2026-09-26T02:23:50Z,Neil Patel,Other,Google Is Killing the Internet Entrepreneur's Dream,119192,1696,197
Ugxo5ghqOocLL5-VCOd4AaABAg,UaZUx3FWu64,@pradbourne2446,Uber gets to regulate the cab business without owning anything,0,2026-09-19T18:09:55Z,Neil Patel,Other,Google Is Killing the Internet Entrepreneur's Dream,119192,1696,197
Ugz53v5w0vfk1IYrBQR4AaABAg,UaZUx3FWu64,@FrankBrankerSR,"Google is not giving me organic traffic; it is just stealing parts of my content. I will do whatever it takes to improve my brand loyalty and name recognition. Stop being afraid of Google and start testing new things. Call it Gray hat, Black Hat, white hat who cares? Test, test, test new things to promote yourself elsewhere. I am not waiting on Google to tell me what to do. I've seen how that played out in he past.",2,2026-09-17T14:26:40Z,Neil Patel,Other,Google Is Killing the Internet Entrepreneur's Dream,119192,1696,197
UgyW9rCgflKJauFx1Kh4AaABAg,UaZUx3FWu64,@enklebrudekjolerkbh,All our customers comming from google,0,2026-09-20T06:04:44Z,Neil Patel,Other,Google Is Killing the Internet Entrepreneur's Dream,119192,1696,197
UgwhX1j-xduZbp5sidp4AaABAg,UaZUx3FWu64,@mikemorris2998,Neil. You had hair when you were young?,3,2026-09-17T13:26:10Z,Neil Patel,Other,Google Is Killing the Internet Entrepreneur's Dream,119192,1696,197
UgxCCPPcQJrWIyBgB-l4AaABAg,UaZUx3FWu64,@biglead_agency,Google is definitely changing the game for online businesses.,0,2026-09-24T11:35:09Z,Neil Patel,Other,Google Is Killing the Internet Entrepreneur's Dream,119192,1696,197
UgxnFQvxxtUg6Q64Z4F4AaABAg,UaZUx3FWu64,@Freed0703,Thanks bro,3,2026-09-17T12:56:53Z,Neil Patel,Other,Google Is Killing the Internet Entrepreneur's Dream,119192,1696,197
UgyRiOimEVw-ncWMPuJ4AaABAg,UaZUx3FWu64,@Nature-Fury420,"Your channel video's was not showing ad's.
 now it's do.",0,2026-09-19T06:14:10Z,Neil Patel,Other,Google Is Killing the Internet Entrepreneur's Dream,119192,1696,197
Ugz9irMqfh4ZV3UkSil4AaABAg,UaZUx3FWu64,@larryczerwonka5125,"shows why you should never build a business that relies on something  you cannot control to bring you customers. 
especially when that firm breaks every copyright law in the books, makes money doing it, and unlike if you stole content from millions of website, gets a few fines now and them but stays in business.",0,2026-09-19T19:22:34Z,Neil Patel,Other,Google Is Killing the Internet Entrepreneur's Dream,119192,1696,197
UgyxADQ7LxWrYb3MERx4AaABAg,UaZUx3FWu64,@hoxtonfilmworks,You need to get over this idea of page visits mattering. The information matters and the route to a valuable action matters. Web traffic doesn't matter.,1,2026-09-18T10:58:12Z,Neil Patel,Other,Google Is Killing the Internet Entrepreneur's Dream,119192,1696,197
Ugwf2BJh9NHbiMnZkjV4AaABAg,UaZUx3FWu64,@DodeSescri,Let's Band together and build an Open Source Search Engine. I am pretty sure this can be done in just a few weeks.,4,2026-09-17T14:55:59Z,Neil Patel,Other,Google Is Killing the Internet Entrepreneur's Dream,119192,1696,197
Ugy-q9uBic7SFMJs9n94AaABAg,UaZUx3FWu64,@OverTheSevenSeas,Neil Patel! I always tell everyone to check your content if they want to understand the internet better as business owners as well as as customers. I’m going to have to make some time to watch the last few months of your videos and refresh my understanding.,4,2026-09-18T19:55:40Z,Neil Patel,Other,Google Is Killing the Internet Entrepreneur's Dream,119192,1696,197
Ugxd3r2eEBxFPZtZSj94AaABAg,UaZUx3FWu64,@qwertyzxaszc6323,Paid SEO promoters are on tear trying to save the one great/terrible  thing that hopefully disappeared. No one wants it back. Don't fall for it people. Make it go away!,0,2026-09-20T14:14:08Z,Neil Patel,Other,Google Is Killing the Internet Entrepreneur's Dream,119192,1696,197
UgxGiT86PQrugaDPWtN4AaABAg,UaZUx3FWu64,@WebSprocket,"Hasn't Google said that the web will basically be ""dead"" by 2027? 
It almost doesn't matter anymore whether you have a website or not.",0,2026-09-22T15:08:54Z,Neil Patel,Other,Google Is Killing the Internet Entrepreneur's Dream,119192,1696,197
UgzSfGLzc7ZPowey0nB4AaABAg,UaZUx3FWu64,@manojmaitydm,Google will pay publishers soon,1,2026-09-17T14:09:01Z,Neil Patel,Other,Google Is Killing the Internet Entrepreneur's Dream,119192,1696,197
UgyCBErdhFSsICr4mI54AaABAg,UaZUx3FWu64,@JohnFulleronline,Sounds like a class action lawsuit is about to happen...,0,2026-09-24T02:52:59Z,Neil Patel,Other,Google Is Killing the Internet Entrepreneur's Dream,119192,1696,197
Ugx6kwKdgTa018fy46p4AaABAg,UaZUx3FWu64,@NastasaIonut,"If you work hard enough, you should never really have a “zero-click” problem. But there is an extraordinary amount of weirdness happening online nowadays.

Beyond AI — and, more specifically, the increasingly questionable ways in which it is being used — there also seems to be a growing population of what I will politely call the “A’s and D’s” across most major technology companies. Combine that with the relentless pursuit of cheaper labour, and you have an interesting formula: apparently ensuring that competence, responsibility and common sense never become too concentrated in one place. Perhaps this is simply their contribution to respecting the natural law of entropy.

Does that mean these companies no longer create great things? Of course not. Do they still employ some fantastic and exceptionally talented people? Certainly. But doing two things brilliantly while getting another ten badly wrong does not somehow make the ten disappear — nor does it make the overall direction right.",0,2026-09-18T18:40:43Z,Neil Patel,Other,Google Is Killing the Internet Entrepreneur's Dream,119192,1696,197
UgzF9tcLaqiXX5ZKOcR4AaABAg,UaZUx3FWu64,@Mortacxo,We dont need Google anymore,1,2026-09-23T14:47:50Z,Neil Patel,Other,Google Is Killing the Internet Entrepreneur's Dream,119192,1696,197
UgysPToGdepa9Pq57-p4AaABAg,UaZUx3FWu64,@martez_da_real,"So in other words, Google is no use for you now",2,2026-09-18T14:45:40Z,Neil Patel,Other,Google Is Killing the Internet Entrepreneur's Dream,119192,1696,197
UgztGMFMXcKIyLf1Bdp4AaABAg,UaZUx3FWu64,@Monas99,"I hired Neil's agency  for 8 months spent a decent amount of money just for SEO traffic,  and the quality of their work was absolute garbage. Unless you're a big company that can spend a lot money , Neil is going to hand you the least qualified people in his team who will do experiments with your money fot their marketing reasearch. Spend your money somewhere else.",1,2026-09-27T05:15:52Z,Neil Patel,Other,Google Is Killing the Internet Entrepreneur's Dream,119192,1696,197
UgxpBdloqCFJ4SKpvhl4AaABAg,UaZUx3FWu64,@SmittySahn,"Still doesn't make sense how ""google is keeping the customer"" sure you search, get an AI answer but what does Google get from that? They don't get revenue.",0,2026-09-23T16:29:41Z,Neil Patel,Other,Google Is Killing the Internet Entrepreneur's Dream,119192,1696,197
UgwPlZ0GRnNczqiEeZt4AaABAg,UaZUx3FWu64,@saradresller,"I'm Link Builder 🔗.
How can I grow up?",0,2026-09-18T13:05:46Z,Neil Patel,Other,Google Is Killing the Internet Entrepreneur's Dream,119192,1696,197
UgwRRB2ADnUFVQTx8714AaABAg,UaZUx3FWu64,@రాజేష్G,Thank you,1,2026-09-17T14:35:44Z,Neil Patel,Other,Google Is Killing the Internet Entrepreneur's Dream,119192,1696,197
UgwaQ8MiJQvWthtk5g14AaABAg,UaZUx3FWu64,@modernmystic1111,Ain't google killing it's Google Ads business by not remember it's ad serves on other websites also! I find the ai chat problem solving sometimes useful sometimes annoying... I am a publisher myself and i believe democratic Internet is dying,1,2026-09-17T16:51:03Z,Neil Patel,Other,Google Is Killing the Internet Entrepreneur's Dream,119192,1696,197
UgygJE9TJMSSBohFk514AaABAg,YIGs1aRruQU,@mrboomsk8ing,Neil's joined the GHL buzz to get those affiliate dollars.,48,2026-09-12T08:44:08Z,Neil Patel,Other,"Build This Once, Sell It to Every Local Business ($1,000/Mo Clients)",111464,1542,134
UgwmOBCAlt1Abdz2fNR4AaABAg,YIGs1aRruQU,@toukirahmed2558,Looks like i am watching video from 2012,17,2026-09-13T20:36:10Z,Neil Patel,Other,"Build This Once, Sell It to Every Local Business ($1,000/Mo Clients)",111464,1542,134
Ugzy3ya6db8JHQvu2Zd4AaABAg,YIGs1aRruQU,@TheSmartMind01,Nothing screams credibility like disguising a GHL affiliate promotion as genuine advice. Very classy.,25,2026-09-13T13:08:58Z,Neil Patel,Other,"Build This Once, Sell It to Every Local Business ($1,000/Mo Clients)",111464,1542,134
UgxuAZWANOnSCHV_qdJ4AaABAg,YIGs1aRruQU,@autopulse11,"Great breakdown, Neil! As someone with experience in GHL myself, I completely agree the real value is in the 'outcome' and lead response time, not just the software. Selling the snapshot scalability is definitely the way to build a sustainable agency.",0,2026-09-24T10:09:52Z,Neil Patel,Other,"Build This Once, Sell It to Every Local Business ($1,000/Mo Clients)",111464,1542,134
UgyXOgm6D8KJmE95CJh4AaABAg,YIGs1aRruQU,@rokonranaa,Much Appreciated,0,2026-09-10T19:50:21Z,Neil Patel,Other,"Build This Once, Sell It to Every Local Business ($1,000/Mo Clients)",111464,1542,134
Ugy22Z4pJxA2bf-L_Hl4AaABAg,YIGs1aRruQU,@FinanceUniverseHub,"Very informative, thanks for sharing!",1,2026-09-09T01:47:25Z,Neil Patel,Other,"Build This Once, Sell It to Every Local Business ($1,000/Mo Clients)",111464,1542,134
Ugw44OEciickDu8LQT14AaABAg,YIGs1aRruQU,@4theLowthoTV,"One system, unlimited client potential—this is the kind of leverage that turns a service into a scalable business.",0,2026-09-23T13:18:30Z,Neil Patel,Other,"Build This Once, Sell It to Every Local Business ($1,000/Mo Clients)",111464,1542,134
UgzRnGHfHxb-ILR0jbV4AaABAg,YIGs1aRruQU,@MANOJKUMAR-hy7tz,This is best for Company only if you are small contractor Use your website with lots of free tool,1,2026-09-10T08:28:13Z,Neil Patel,Other,"Build This Once, Sell It to Every Local Business ($1,000/Mo Clients)",111464,1542,134
Ugyx4ALqRhSXiKVVz5J4AaABAg,YIGs1aRruQU,@firsthelix6726,"After everybody and their dog has been offering and doing this exact same business model now for years, Neil Patel comes along like the last carnival, doing this exact same thing. Dude forgot his reputation as a thought leader, now resorting to an affiliate marketing copycat. Sad story...",8,2026-09-15T01:38:13Z,Neil Patel,Other,"Build This Once, Sell It to Every Local Business ($1,000/Mo Clients)",111464,1542,134
UgwjUHOEG3synYmTSe14AaABAg,YIGs1aRruQU,@A1_lonzo,All these gurus are the same they make it seem like the “side hustle” can work but their true intent is to get people to sign up to their affiliate links 😂,9,2026-09-12T20:33:19Z,Neil Patel,Other,"Build This Once, Sell It to Every Local Business ($1,000/Mo Clients)",111464,1542,134
UgyAw6g2B55EtaVOe4Z4AaABAg,YIGs1aRruQU,@bradad82,Do over. Buy Agency GHL. White label it and customize for business. $49 a month. Audience much happier.,1,2026-09-14T19:17:55Z,Neil Patel,Other,"Build This Once, Sell It to Every Local Business ($1,000/Mo Clients)",111464,1542,134
UgyThTWLBLy4B-WvP1d4AaABAg,YIGs1aRruQU,@IheanachoPrecious-w3y,intresting,1,2026-09-12T21:25:40Z,Neil Patel,Other,"Build This Once, Sell It to Every Local Business ($1,000/Mo Clients)",111464,1542,134
UgyIemm7mcIYVxAZYOd4AaABAg,YIGs1aRruQU,@themetrek_Official,but how to find clients for ourself? what is the best way for doing this? Can you a dedicated playlist for client hunting?,2,2026-09-10T10:39:30Z,Neil Patel,Other,"Build This Once, Sell It to Every Local Business ($1,000/Mo Clients)",111464,1542,134
UgxNkTMdFQLiz_eJPbt4AaABAg,YIGs1aRruQU,@mohamedaddou1940,"“I made a PDF this afternoon and woke up a millionaire.”

Perhaps.

But behind that sentence there is usually a much less glamorous one:

“I found real demand, built a real solution, created distribution, earned attention, and sold repeatedly for years.”

The first version sells possibility.

The second explains the business.

And the distance between those two sentences is where a large part of modern marketing hype lives.

**INDUSTRY OF HYPE: How Legal Business Models Drain Time, Money, and Lives Without Ever Technically Lying.**

It's just a simple opinion",6,2026-09-10T23:15:48Z,Neil Patel,Other,"Build This Once, Sell It to Every Local Business ($1,000/Mo Clients)",111464,1542,134
UgzxLOK6rS6ejGPQAsl4AaABAg,YIGs1aRruQU,@TexasWatchman,"Neil... GHL sites... little to no SEO ranking, or AI/LLM mentions. No one ever talks about that.",6,2026-09-13T04:02:26Z,Neil Patel,Other,"Build This Once, Sell It to Every Local Business ($1,000/Mo Clients)",111464,1542,134
Ugzl1MaFVGHtpM2IIqJ4AaABAg,YIGs1aRruQU,@pauljones7798,"Build This Once, Sell It to Every Local Business ($1,000/Mo Clients). Thanks",1,2026-09-11T11:22:15Z,Neil Patel,Other,"Build This Once, Sell It to Every Local Business ($1,000/Mo Clients)",111464,1542,134
UgyI4OdGFQ8LZ79UXZ94AaABAg,YIGs1aRruQU,@bladecris,"In all the videos that I saw, everyone is saying: go for boring jobs, hvac, plumbers, electricians etc. So, if you want to do this maybe focus on another market or make your offer better.",0,2026-09-16T07:30:00Z,Neil Patel,Other,"Build This Once, Sell It to Every Local Business ($1,000/Mo Clients)",111464,1542,134
UgxsxNall9kGj007siJ4AaABAg,YIGs1aRruQU,@Djjdjayd,GHL has come so far,3,2026-09-08T22:22:32Z,Neil Patel,Other,"Build This Once, Sell It to Every Local Business ($1,000/Mo Clients)",111464,1542,134
UgzRKlJKu7SQIQfuDNZ4AaABAg,YIGs1aRruQU,@Henricousineau,I can you make sure that the plumber or other service will pay me. I don’t want to negotiate with each plumber the commission.,0,2026-09-20T10:06:36Z,Neil Patel,Other,"Build This Once, Sell It to Every Local Business ($1,000/Mo Clients)",111464,1542,134
UgzX_iQKZa8X1VY-byF4AaABAg,YIGs1aRruQU,@abdulqadeerkhan8133,I want to do local seo in newyork,0,2026-09-10T10:54:14Z,Neil Patel,Other,"Build This Once, Sell It to Every Local Business ($1,000/Mo Clients)",111464,1542,134
UgyKI_CMJu1z8sNFd-F4AaABAg,YIGs1aRruQU,@krishapatel-y8e,Is really we learn digital marketing course we earn more,0,2026-09-14T11:16:21Z,Neil Patel,Other,"Build This Once, Sell It to Every Local Business ($1,000/Mo Clients)",111464,1542,134
Ugxd05vvGW3gvhZNOGF4AaABAg,YIGs1aRruQU,@NovoTsuki,1.59m subs.  10k views.  17 comments.  Something seems off here.,3,2026-09-09T18:18:25Z,Neil Patel,Other,"Build This Once, Sell It to Every Local Business ($1,000/Mo Clients)",111464,1542,134
UgzRRghj62ONHFx0bct4AaABAg,YIGs1aRruQU,@Rooshaan,How they are going to find us or our website? we are brand new do we have to run ads?,1,2026-09-09T00:43:11Z,Neil Patel,Other,"Build This Once, Sell It to Every Local Business ($1,000/Mo Clients)",111464,1542,134
UgwpOybbyoMT0Vh0bfh4AaABAg,YIGs1aRruQU,@BrianFrenchinternet-marketing,"Great, maybe in 5 years someone will book an appointment.",0,2026-09-19T16:56:28Z,Neil Patel,Other,"Build This Once, Sell It to Every Local Business ($1,000/Mo Clients)",111464,1542,134
Ugw72ChdShZyLc4Vb4R4AaABAg,YIGs1aRruQU,@wonderboy855,Neil is this applicable globally or only us,2,2026-09-08T18:55:18Z,Neil Patel,Other,"Build This Once, Sell It to Every Local Business ($1,000/Mo Clients)",111464,1542,134
Ugw-NAeVzR4TCKgVdmN4AaABAg,YIGs1aRruQU,@ML-ql5kj,bro is shilling for GHL now.  bro you are a grifter. gtfo.,17,2026-09-09T00:55:49Z,Neil Patel,Other,"Build This Once, Sell It to Every Local Business ($1,000/Mo Clients)",111464,1542,134
UgzRGH-OnNBIWMBuY2p4AaABAg,YIGs1aRruQU,@seangrey5847,Wow!!  Not wealthy enough NP you're hawking GHL ? Guys it's not as easy as he is making it seem,3,2026-09-14T19:48:39Z,Neil Patel,Other,"Build This Once, Sell It to Every Local Business ($1,000/Mo Clients)",111464,1542,134
Ugxjsm4CxBKNqOY25up4AaABAg,YIGs1aRruQU,@khaledhasen,next vdo,0,2026-09-15T01:40:07Z,Neil Patel,Other,"Build This Once, Sell It to Every Local Business ($1,000/Mo Clients)",111464,1542,134
Ugzfctw9UzRw1KrWZiF4AaABAg,YIGs1aRruQU,@dennisdunleavy5690,you make itt look like ai creates the calendar butt dont you need access to the plumbers calendar to set it up?  like if they are using jobber or calendy or even google calendar.  how do you set this part up?,3,2026-09-12T17:19:14Z,Neil Patel,Other,"Build This Once, Sell It to Every Local Business ($1,000/Mo Clients)",111464,1542,134
UgyctHmbg6JTK0lwJyh4AaABAg,YIGs1aRruQU,@emilianomarsili5195,"May be is possible to do for free, I will try",0,2026-09-20T04:05:48Z,Neil Patel,Other,"Build This Once, Sell It to Every Local Business ($1,000/Mo Clients)",111464,1542,134
UgzzXL1vENwiYcLx3Ep4AaABAg,YIGs1aRruQU,@ZaneLuper,"Hey Neil, I just signed up for the 30 days free but have not gotten anything related to the free course or snapshot. maybe I'm missing something haha",0,2026-09-27T04:01:50Z,Neil Patel,Other,"Build This Once, Sell It to Every Local Business ($1,000/Mo Clients)",111464,1542,134
Ugz7mh-ftyfbuw1r4zZ4AaABAg,YIGs1aRruQU,@sportslive_99,But how to get clients? I saw lot of youtuve videos about AI systems that is easy to build by following video but not they tell about How to get client what to send them in DM how much clients should I approach per day? if we do not have client system is a Trash,2,2026-09-13T09:37:22Z,Neil Patel,Other,"Build This Once, Sell It to Every Local Business ($1,000/Mo Clients)",111464,1542,134
UgzDBqmqony-rxHo8j54AaABAg,YIGs1aRruQU,@codery01,Does this work with a $97 Susbcriptions? Like 10 Different Clients with a $97 Account Sub?,0,2026-09-12T08:51:23Z,Neil Patel,Other,"Build This Once, Sell It to Every Local Business ($1,000/Mo Clients)",111464,1542,134
UgwvJVS1C1ANIXiBjLZ4AaABAg,YIGs1aRruQU,@kartikcreates7uo,"Hey man, loved your content! As a thumbnail designer, I noticed that improving the text positioning, contrast, and face retouching could make your thumbnails stand out more and boost CTR— that,s what i can improve in your thumbnails../",0,2026-09-09T11:57:41Z,Neil Patel,Other,"Build This Once, Sell It to Every Local Business ($1,000/Mo Clients)",111464,1542,134
UgyfdrjCkLK3oXw3mWN4AaABAg,YIGs1aRruQU,@silviamugo6794,can it work on my SEO business,1,2026-09-09T03:46:47Z,Neil Patel,Other,"Build This Once, Sell It to Every Local Business ($1,000/Mo Clients)",111464,1542,134
Ugw0Iif0NRjq1BlJTOd4AaABAg,YIGs1aRruQU,@AnthonyBouchard,And google makes sure their lead-competition's phone doesn't ring. Total BS. Don't fall for it.,0,2026-09-14T07:35:06Z,Neil Patel,Other,"Build This Once, Sell It to Every Local Business ($1,000/Mo Clients)",111464,1542,134
UgwnmDWJF-rMgJelcEB4AaABAg,YIGs1aRruQU,@Juba902,No integrity.,5,2026-09-13T12:53:31Z,Neil Patel,Other,"Build This Once, Sell It to Every Local Business ($1,000/Mo Clients)",111464,1542,134
Ugzt3mC0hIeA97xLp9N4AaABAg,YIGs1aRruQU,@auro1986,it's no use because your technocrat bosses will tell artificial intelligence to change all these settings once you and your believers apply,0,2026-09-09T03:56:00Z,Neil Patel,Other,"Build This Once, Sell It to Every Local Business ($1,000/Mo Clients)",111464,1542,134
UgxEL4GjilsliJcc5ax4AaABAg,YIGs1aRruQU,@poloaky,ya está vendiendo gohighlevel porque le ve que el seo se fue al carajo o no?,0,2026-09-18T21:11:16Z,Neil Patel,Other,"Build This Once, Sell It to Every Local Business ($1,000/Mo Clients)",111464,1542,134
UgySf0EGePGWkGvK1QZ4AaABAg,YIGs1aRruQU,@PM-st6vu,seems like a last leg to make $,1,2026-09-14T05:32:09Z,Neil Patel,Other,"Build This Once, Sell It to Every Local Business ($1,000/Mo Clients)",111464,1542,134
UgxxyXVHW3BNTcy0ygt4AaABAg,YIGs1aRruQU,@william_leonard,Trash video. NP lost a subscriber.,4,2026-09-09T05:38:22Z,Neil Patel,Other,"Build This Once, Sell It to Every Local Business ($1,000/Mo Clients)",111464,1542,134
UgxbtMeQUeCJBKQiGq94AaABAg,YIGs1aRruQU,@thecham3le0n,GHL is absolute ass. It’s so slow and clunky and there’s so many other platforms that run laps around it.,3,2026-09-13T23:10:30Z,Neil Patel,Other,"Build This Once, Sell It to Every Local Business ($1,000/Mo Clients)",111464,1542,134
UgxE4tVBLx09BSmihaB4AaABAg,YIGs1aRruQU,@abrahambenomar4508,From seo to high-level. What a joke,3,2026-09-15T22:38:28Z,Neil Patel,Other,"Build This Once, Sell It to Every Local Business ($1,000/Mo Clients)",111464,1542,134
Ugx9fJXRyZPMhYNiWlJ4AaABAg,YIGs1aRruQU,@BabyStewieGriffin,This video is 5 years late,0,2026-09-20T01:39:07Z,Neil Patel,Other,"Build This Once, Sell It to Every Local Business ($1,000/Mo Clients)",111464,1542,134
UgwikkKOwH8_LjX-ltB4AaABAg,YIGs1aRruQU,@mike2010143,With this logic Poverty will be eliminated by 2026 Dec 31st.,0,2026-09-21T05:58:32Z,Neil Patel,Other,"Build This Once, Sell It to Every Local Business ($1,000/Mo Clients)",111464,1542,134
UgysyYOBZuez2Mkuwnp4AaABAg,YIGs1aRruQU,@unknownboy6060,Neil is also a grifter.,1,2026-09-15T14:23:45Z,Neil Patel,Other,"Build This Once, Sell It to Every Local Business ($1,000/Mo Clients)",111464,1542,134
UgxMHqOJMn_1BLELy0N4AaABAg,YIGs1aRruQU,@rickdeckardbladerunner2049,Do real websites with real SEO and add chat agents.  Skip the crappy AI slop.,1,2026-09-16T08:47:32Z,Neil Patel,Other,"Build This Once, Sell It to Every Local Business ($1,000/Mo Clients)",111464,1542,134
UgxbCgjawXf8usBTm_J4AaABAg,YIGs1aRruQU,@dannykeegan,"Talking like he's discovered some revolutionary new tactic, whilst businesses across the world have been getting hammered with speed to lead offers for the past 18 months+
But who cares when the main goal is to shill you GHL ref link 🙄",0,2026-09-30T02:24:45Z,Neil Patel,Other,"Build This Once, Sell It to Every Local Business ($1,000/Mo Clients)",111464,1542,134
UgyupL5x4vWQneFK8s14AaABAg,YIGs1aRruQU,@JaridOrgeron,"NGL this is pretty hard to watch. Completely flat emotion, you already know he’s not running an agency doing this. Worse yet you can see he’s reading the teleprompter. Come on guys….and I’m a GHL affiliate. This is rough.",0,2026-09-23T10:47:33Z,Neil Patel,Other,"Build This Once, Sell It to Every Local Business ($1,000/Mo Clients)",111464,1542,134
UgxmjwHL9mgS-kGSYqx4AaABAg,YIGs1aRruQU,@msadraei,Oh no Neil you fell into GHL hole for affiliate dollars too? Come on man expected a bit more from you! There are much better tools for this out there,4,2026-09-12T22:16:24Z,Neil Patel,Other,"Build This Once, Sell It to Every Local Business ($1,000/Mo Clients)",111464,1542,134
UgwsaIgcdv0Wkb_JjXF4AaABAg,YIGs1aRruQU,@Travis4x4,"This business model is saturated af your competing with 5,000+ agencies selling the same exact thing to these businesses owners.. they heard all of this crap before",1,2026-09-23T04:23:00Z,Neil Patel,Other,"Build This Once, Sell It to Every Local Business ($1,000/Mo Clients)",111464,1542,134
Ugw_E44SV6lYle2Rrj54AaABAg,YIGs1aRruQU,@GoFlowUp,What a shame. Making people sign up for high level just so you can put affiliate commission in your pocket. And also knowing that it's not that easy and very saturated.,0,2026-09-16T22:15:16Z,Neil Patel,Other,"Build This Once, Sell It to Every Local Business ($1,000/Mo Clients)",111464,1542,134
UgyHmWIga7u_cdF1IcN4AaABAg,YIGs1aRruQU,@egreens-mësëtARR2178,"Neil this is $traight money 🔥🎉🛫✨ amazing benefits , opportunities thank you for the access to this build , powerful , clear .",0,2026-09-09T03:08:50Z,Neil Patel,Other,"Build This Once, Sell It to Every Local Business ($1,000/Mo Clients)",111464,1542,134
UgwzgFX434D7Zs5g0op4AaABAg,YIGs1aRruQU,@kakayrao,"Hey Viewers, I can help you get clients by my system, I am running system where I am sending your personalized product demos to your every prospect dm's by email marketing. If you have some kinda product service and need clients, let's talk",2,2026-09-12T23:15:49Z,Neil Patel,Other,"Build This Once, Sell It to Every Local Business ($1,000/Mo Clients)",111464,1542,134
UgzPgtzS-KUQFl163Yl4AaABAg,YIGs1aRruQU,@aboodbf2609,🤍,0,2026-09-09T09:32:12Z,Neil Patel,Other,"Build This Once, Sell It to Every Local Business ($1,000/Mo Clients)",111464,1542,134
Ugy3aWVGHwzBU5SMyid4AaABAg,y3vnFozXouE,@Anthropora,Great video thank for sharing this secret with us! I've been saying the same thing and people thought I was crazy. Human content has more value!,5,2026-09-16T09:38:56Z,Neil Patel,Other,Google Watermarks Your AI Content. Here's the 20-Minute Fix,100589,1700,153
Ugx7Ub8TyczOkb4UdOp4AaABAg,y3vnFozXouE,@김인숙-n1b9j,"Clear, calm, and useful. Really helpful, thank you.",1,2026-09-18T22:20:00Z,Neil Patel,Other,Google Watermarks Your AI Content. Here's the 20-Minute Fix,100589,1700,153
UgyChpxYh3b1krJGOW54AaABAg,y3vnFozXouE,@grasshopperweb,"damnit, I was hoping no one else had figured this out yet 😅",9,2026-09-10T17:47:55Z,Neil Patel,Other,Google Watermarks Your AI Content. Here's the 20-Minute Fix,100589,1700,153
Ugyf7ZsCUAOCuPcw8MJ4AaABAg,y3vnFozXouE,@henryreinders3031,"I use AI generated content as a draft, and a way to get the ideas and good structure on the page... and as you say, edit it to make it personal... that said using the right model makes a huge difference in the results, and not always the highest most capable one - it can actually overthink things and create rubbish content.",7,2026-09-11T06:29:57Z,Neil Patel,Other,Google Watermarks Your AI Content. Here's the 20-Minute Fix,100589,1700,153
Ugz72PdP4LCzMiF5jGl4AaABAg,y3vnFozXouE,@drlepora1,"Keeping the same two hours even with AI just aiming higher, that mindset shift is the whole game.",0,2026-09-14T07:06:06Z,Neil Patel,Other,Google Watermarks Your AI Content. Here's the 20-Minute Fix,100589,1700,153
Ugx_cqFQS4PDk1V-Btl4AaABAg,y3vnFozXouE,@SoufianeSabiri,All my content is written manually but doesn't rank on Google... they don't care about us...,21,2026-09-10T20:34:00Z,Neil Patel,Other,Google Watermarks Your AI Content. Here's the 20-Minute Fix,100589,1700,153
Ugx4VgwivWHFjEe0Qbd4AaABAg,y3vnFozXouE,@dasanc-x4e,"Intuitively the results make a lot of sense. Proponents of AI would use their model of choice to get an answer. They’re searching because they want real human content. AI haters want human content too, and might go out of their way to avoid AI articles.

Pretty surprising to me that it’s a coin toss for people to detect AI versus human. The 400% traffic disparity is also pretty surprising.",0,2026-09-10T18:49:11Z,Neil Patel,Other,Google Watermarks Your AI Content. Here's the 20-Minute Fix,100589,1700,153
UgyCkPL7x_ghsMLURk54AaABAg,y3vnFozXouE,@RichardGaskin,"I'm not sure what the problem is. If you're proud of the efficiency of content production with modern tools, wouldn't the confirmation from watermarking be a plus? 

If someone's not proud of using the tools they choose, why choose them?",1,2026-09-11T07:36:59Z,Neil Patel,Other,Google Watermarks Your AI Content. Here's the 20-Minute Fix,100589,1700,153
UgyYPUUNj7_pm33sRvB4AaABAg,y3vnFozXouE,@MrR0bJ,This makes me hopeful,0,2026-09-24T21:22:28Z,Neil Patel,Other,Google Watermarks Your AI Content. Here's the 20-Minute Fix,100589,1700,153
UgwhPg8N5SGSce6V-Nd4AaABAg,y3vnFozXouE,@incountrytales,"How many audio effects should we add?
Yes.",1,2026-09-12T14:02:25Z,Neil Patel,Other,Google Watermarks Your AI Content. Here's the 20-Minute Fix,100589,1700,153
Ugx7NbLLg-AkuMVgXg94AaABAg,y3vnFozXouE,@evolutionclouds,"I’m glad I came across this video.
I am a bookkeeper with a technical mind but I am also an educator.
Whilst I love writing technical content, I find marketing these days more and more confusing (albeit fascinating)
The pressure of using AI is also massive (and you really have to wonder why)
So I started to explore it, but for me the one thing it wasn’t really doing was saving that much time when creating content.
When I write a blog article for my website, as I normally write more “technical” content I don’t need AI to give me content ideas.
I still do my research (as I still need to learn the ins and outs of what I am writing to then service my clients)
I still structure the article 
When it comes to writing is when I get AI to help me.
- sometimes I write the content and asks AI to review it and give suggestions on how to make it “better”. I still never copy AI suggestions, I always “mesh” AI suggested content with my own.
Other times I have an idea on how to present the content but I ask AI to draft it for me (I always ask for multiple options)
I then take the various option drafts and put together by adding my own. Then get AI to review my output and once the final piece of content is always a mesh between my work and AI assistance.
I thought it was because I was old school and couldn’t let go of the control.
This video seems to have confirmed that this approach is actually the right one!",0,2026-09-30T00:12:58Z,Neil Patel,Other,Google Watermarks Your AI Content. Here's the 20-Minute Fix,100589,1700,153
UgypvcttS4orgDjiY4t4AaABAg,y3vnFozXouE,@olegkalinkin6877,This video was so AI written/edited it hurts. Why is my chatgpt using Neil as a sockpuppet.,1,2026-09-12T00:37:11Z,Neil Patel,Other,Google Watermarks Your AI Content. Here's the 20-Minute Fix,100589,1700,153
UgxyA3t5MEcMmkxHRep4AaABAg,y3vnFozXouE,@DavidQuaid,"""we saw a 500% increase in ranking"" - prove that that didn't really happen..... I'l wait",2,2026-09-10T15:40:38Z,Neil Patel,Other,Google Watermarks Your AI Content. Here's the 20-Minute Fix,100589,1700,153
Ugz-CDdrNsirafPNodd4AaABAg,y3vnFozXouE,@DavidQuaid,But most importantly - I would absolutely love to check the pages vs the human ones plesae - as I'm 1000% sure I can find a different problem,5,2026-09-10T15:51:01Z,Neil Patel,Other,Google Watermarks Your AI Content. Here's the 20-Minute Fix,100589,1700,153
UgzyQ2C-wVr3v2nbunZ4AaABAg,y3vnFozXouE,@BrianFrenchinternet-marketing,"No one is going to spend an hour on an article. The entire business model collapses. You can inject your bio and a few additional facts in your prompt. But we don't even know if any ""facts"" you add are relevant. They need to be new facts. Clients should be providing these on a regular basis.",1,2026-09-10T22:12:57Z,Neil Patel,Other,Google Watermarks Your AI Content. Here's the 20-Minute Fix,100589,1700,153
UgxsB7oWVBUhn5vhgkJ4AaABAg,y3vnFozXouE,@JenniferLancasterwriter,"I love editing my Answerthepublic articles, as the time taken per article, to research, write, edit - down from 3 hours to 20 minutes. Put in your own phrases!",0,2026-09-11T21:25:14Z,Neil Patel,Other,Google Watermarks Your AI Content. Here's the 20-Minute Fix,100589,1700,153
Ugx0r_uGjh2vq1hAkuF4AaABAg,y3vnFozXouE,@amritpalsingh1753,Means in end human mind wins over ai writing ?,0,2026-09-16T18:00:31Z,Neil Patel,Other,Google Watermarks Your AI Content. Here's the 20-Minute Fix,100589,1700,153
Ugwp_kUnGEyDJCZt-Px4AaABAg,y3vnFozXouE,@estabi,"At 8:59, Losser? I'm sure even the most basic LLM would have caught your spelling mistake 😉",2,2026-09-10T16:27:38Z,Neil Patel,Other,Google Watermarks Your AI Content. Here's the 20-Minute Fix,100589,1700,153
UgxuAhvyKs9BAVj7_al4AaABAg,y3vnFozXouE,@drivemoney417,"Bold statement saying nobody else has tested this. That is factually incorrect. I know a lot of people testing this across social media, blogs and commercial sites. We have been doing it for 4 years. People just don't talk about it because letting others create slop that doesn't perform is a competitive edge.",24,2026-09-10T14:43:22Z,Neil Patel,Other,Google Watermarks Your AI Content. Here's the 20-Minute Fix,100589,1700,153
UgyC-D5dGui3o1OgOKN4AaABAg,y3vnFozXouE,@ronaldbrumwell8414,Does this include product descriptions,0,2026-09-18T10:23:24Z,Neil Patel,Other,Google Watermarks Your AI Content. Here's the 20-Minute Fix,100589,1700,153
UgzTmDj_zcDPFj378hZ4AaABAg,y3vnFozXouE,@Mamira09,"Interesting, so how is your tool answer the public...fixing this as it sends to WordPress and social media?",0,2026-09-11T04:20:34Z,Neil Patel,Other,Google Watermarks Your AI Content. Here's the 20-Minute Fix,100589,1700,153
UgyyOSMO-XA2nEk1zfd4AaABAg,y3vnFozXouE,@yurivanlonkhuijzen4466,Linkedin images only detect straight up ai output.. open photoshop.. save.. and its gone..,1,2026-09-20T17:27:03Z,Neil Patel,Other,Google Watermarks Your AI Content. Here's the 20-Minute Fix,100589,1700,153
Ugz_Iz7noUxdDkZioTd4AaABAg,y3vnFozXouE,@berserkerin1578,Ask gpt to draft and ask Claude to not humanize but feed it some author and ask it to write after their writing style. You not only go human but alsoget good writing(even humans can't tell it's ai and like reading it),14,2026-09-12T07:26:53Z,Neil Patel,Other,Google Watermarks Your AI Content. Here's the 20-Minute Fix,100589,1700,153
UgyNKJdjE-pDwPOK9TB4AaABAg,y3vnFozXouE,@iListAi,I done all with ai and my Google maps ranks also my website not yet but I get every day clients from ai search what I like and don’t like because people don’t look my website they call me right away while I want them in my funnel,0,2026-09-11T14:28:06Z,Neil Patel,Other,Google Watermarks Your AI Content. Here's the 20-Minute Fix,100589,1700,153
UgwPQGbZoBJzXfzstBd4AaABAg,y3vnFozXouE,@markschiralli,"The irony: despite the topic of this video, you're reading a script written by ChatGPT or Claude the whole way... so many typicaly turns of phrase in there. Too funny.",3,2026-09-13T13:03:58Z,Neil Patel,Other,Google Watermarks Your AI Content. Here's the 20-Minute Fix,100589,1700,153
Ugx80xe-V0kpdb0i17V4AaABAg,y3vnFozXouE,@DavidQuaid,"Where is the link to the study? What tools were used - this is impossible to 'eye ball"" - which SEOs over saw the methodology, who checked the results:?  Whats the control set? Claims are not evidence.......",3,2026-09-16T12:51:19Z,Neil Patel,Other,Google Watermarks Your AI Content. Here's the 20-Minute Fix,100589,1700,153
UgyFCXisGGxIZw6g9QZ4AaABAg,y3vnFozXouE,@AR-fb1nw,"My issue is, how can I properly balance the 2? If i make website with AI but do the writing myself would it be OK?",0,2026-09-22T16:46:48Z,Neil Patel,Other,Google Watermarks Your AI Content. Here's the 20-Minute Fix,100589,1700,153
Ugz6iOIQjSBNp67IkRV4AaABAg,y3vnFozXouE,@truefacts404,lol no,1,2026-09-10T14:43:33Z,Neil Patel,Other,Google Watermarks Your AI Content. Here's the 20-Minute Fix,100589,1700,153
Ugy9TZG4vttOccBjywZ4AaABAg,y3vnFozXouE,@Imbigdeal,Bro this thing on how to humanize have been said zillion times by others..,0,2026-09-10T17:08:32Z,Neil Patel,Other,Google Watermarks Your AI Content. Here's the 20-Minute Fix,100589,1700,153
Ugxe-cu_ewLZWvxVa_Z4AaABAg,y3vnFozXouE,@TechnicalIndiaA1,"Can anyone repeat or clarify point number 3 at 09:33 the full sentence or lines of point 3 spoken in the video from sounded or CC captions like ... AIP hedges...  delete all of it.. 
Thank you",2,2026-09-11T08:04:07Z,Neil Patel,Other,Google Watermarks Your AI Content. Here's the 20-Minute Fix,100589,1700,153
UgxH2PySr4SrZtAu6DV4AaABAg,y3vnFozXouE,@BrianKato,SynthID is just Google. Other companies (OpenAI and Claude) use C2PA... It's different and more widely adopted.,0,2026-09-19T01:32:16Z,Neil Patel,Other,Google Watermarks Your AI Content. Here's the 20-Minute Fix,100589,1700,153
UgynOgRvOuZpnNKsVIt4AaABAg,y3vnFozXouE,@mehdipooladi3164,"Thank you for this test, man. We really needed it",0,2026-09-10T14:04:18Z,Neil Patel,Other,Google Watermarks Your AI Content. Here's the 20-Minute Fix,100589,1700,153
UgxrPTaRzbtk9x4oj5x4AaABAg,y3vnFozXouE,@Veritatis.Cupitor,AND AI was used to write this script...,12,2026-09-11T17:05:46Z,Neil Patel,Other,Google Watermarks Your AI Content. Here's the 20-Minute Fix,100589,1700,153
UgwVEQNnE57cC5rI_2Z4AaABAg,y3vnFozXouE,@Nadir-Ul-Kaysar-Handsome-VA-US,There is a group of boys with syndicates that destroy an SEO expert's career completely and stay in the market like monopoly. What are your thoughts on this?,0,2026-09-20T23:34:44Z,Neil Patel,Other,Google Watermarks Your AI Content. Here's the 20-Minute Fix,100589,1700,153
Ugxdh9-cxlI4k8BdZRx4AaABAg,y3vnFozXouE,@DavidQuaid,How come my AI content on LinkeDIn performs super well - and its taken me to 250k impressions,0,2026-09-10T15:36:14Z,Neil Patel,Other,Google Watermarks Your AI Content. Here's the 20-Minute Fix,100589,1700,153
UgzEMLRMa1sBuxJ_H054AaABAg,y3vnFozXouE,@VGNitpicker,"Hmm, so after watching to the end, it doesn't look the digital ""watermark"" matters at all... it's the human footprint they are looking for.",0,2026-09-24T09:46:49Z,Neil Patel,Other,Google Watermarks Your AI Content. Here's the 20-Minute Fix,100589,1700,153
UgyNCVU0aR7qGuOCacJ4AaABAg,y3vnFozXouE,@EZTechTraining,"I had figured out quite a bit of this. But you really explained it well! Good video! And while I suspected AI content would not rank as well, nice to know it's been tested.",1,2026-09-10T19:49:42Z,Neil Patel,Other,Google Watermarks Your AI Content. Here's the 20-Minute Fix,100589,1700,153
UgwCnCXIXhHiQ_LATXx4AaABAg,y3vnFozXouE,@auro1986,same organisation also sells gemini and here you make an eleven minute video with a solution that nobody will apply,0,2026-09-10T13:49:35Z,Neil Patel,Other,Google Watermarks Your AI Content. Here's the 20-Minute Fix,100589,1700,153
UgwGEX1h6hZQrvpw_Bl4AaABAg,y3vnFozXouE,@JenniferMetro,Where's the link?,7,2026-09-10T13:40:53Z,Neil Patel,Other,Google Watermarks Your AI Content. Here's the 20-Minute Fix,100589,1700,153
Ugyn5Q_maaiGrdDRawp4AaABAg,y3vnFozXouE,@Djjdjayd,🔥,1,2026-09-10T18:17:05Z,Neil Patel,Other,Google Watermarks Your AI Content. Here's the 20-Minute Fix,100589,1700,153
UgxUAm72-BebbbrCyjR4AaABAg,y3vnFozXouE,@Enterventure,Please write the link,3,2026-09-10T16:18:04Z,Neil Patel,Other,Google Watermarks Your AI Content. Here's the 20-Minute Fix,100589,1700,153
Ugw00gtG0G2gyoHk5Qh4AaABAg,y3vnFozXouE,@DavidQuaid,"And then yuo created a false dichotomy saying ""google doesnt penalize AI contnet"" - thats not what they say - they say they dont care.... thats very different",0,2026-09-10T15:37:02Z,Neil Patel,Other,Google Watermarks Your AI Content. Here's the 20-Minute Fix,100589,1700,153
UgwMlegQHRuiNrWYakt4AaABAg,y3vnFozXouE,@super-humanizer,Use Superhumanizer to humanize AI text; you can humanize the full text or section-wise; that's what I will suggest.,0,2026-09-18T14:16:28Z,Neil Patel,Other,Google Watermarks Your AI Content. Here's the 20-Minute Fix,100589,1700,153
Ugwl6DwZBn5kLPJPYr14AaABAg,y3vnFozXouE,@webvator,"i had a blog for more than 8 years  with all content written manually by me and i would make 50$ a year, so would take me 2 years to make 100$ if lucky, in 2024 i started using ai, redesigned all website into ai content, in 6 months i made a total of over 5,000$. then now that blog cant earn even 5$  a month. Site pages are deindexed and traffic sometimes i get 10 people in a whole week. i miss the money i made in 2024 Nov - 2025 May.   wish i started earlier like 2022",0,2026-09-25T16:56:25Z,Neil Patel,Other,Google Watermarks Your AI Content. Here's the 20-Minute Fix,100589,1700,153
UgxJ0q_DDbvl4aFLIEp4AaABAg,y3vnFozXouE,@DavidQuaid,Wait are humans able to identify the AI contnet or not? this is super confusing,1,2026-09-10T15:35:27Z,Neil Patel,Other,Google Watermarks Your AI Content. Here's the 20-Minute Fix,100589,1700,153
UgzEDqrc6NY2fnA6qJl4AaABAg,y3vnFozXouE,@oathanrex,"CREATE A BETTER VERSION OF THE CLAIM


""Mass-producing unedited AI text fails in Google Search not because Google penalizes AI creation, but because generic text lacks original value. Content incorporating primary research, verifiable author expertise, fresh data, and concise editing consistently outperforms template-driven drafts. AI serves as an efficient tool for research and drafting, while human subject matter experts provide the necessary insights, experience, and critical verification to satisfy search quality guidelines.""
  
FINAL SCORE

Dimension                    Score /10
Factual accuracy                     4/10
Evidence quality                 3/10
Experimental methodology                 2/10
SEO accuracy                  6/10
Google claims                  3/10
Statistical credibility                 2/10
Practical usefulness                  7/10
Marketing exaggeration                  9/10",0,2026-09-15T11:29:11Z,Neil Patel,Other,Google Watermarks Your AI Content. Here's the 20-Minute Fix,100589,1700,153
UgwzCjw_FGPEJmoBp9t4AaABAg,y3vnFozXouE,@blazewebdesign,"Interesting data regarding the power of the human touch. And totally agree, AI is best used to supercharge our work, not cut time so we can churn out more 'airport announcement' generic AI content",1,2026-09-12T06:43:14Z,Neil Patel,Other,Google Watermarks Your AI Content. Here's the 20-Minute Fix,100589,1700,153
UgyW--ArfVZ6agu64Zx4AaABAg,y3vnFozXouE,@StaceyMayer,"Thank you again, Neil. When I care about my content being read, I come to you for insight. ❤ I founded my first domain in 1996. You've given me an advantage for years. ❤",1,2026-09-10T12:18:05Z,Neil Patel,Other,Google Watermarks Your AI Content. Here's the 20-Minute Fix,100589,1700,153
UgyANW4-QyceK_D8VEF4AaABAg,y3vnFozXouE,@Whatreally123,So why do we need AI then if the very companies providing it don't want us to use it?,3,2026-09-11T02:37:36Z,Neil Patel,Other,Google Watermarks Your AI Content. Here's the 20-Minute Fix,100589,1700,153
UgwW-keJe9gZ1fOaoTl4AaABAg,y3vnFozXouE,@pvillella74,"Your thesis statement is to have a human spend time refining AI generated content (which I agree with, wholeheartedly), yet your video is filled with AI errors, hallucinations, misspellings, and typos.  How about having a human actually refine the video before pushing publish?

Just two examples of MANY:

https://youtu.be/y3vnFozXouE?si=spA9HFCHXB3s2-lD&t=539
8:59
Loser spelled as Losser

https://youtu.be/y3vnFozXouE?si=Muete41rPQ40RR2D&t=609
10:09
Work spelled as Wok

These errors are in large print right on the video so pretty hard to miss.  These mistakes just highlight the fact that AI was heavily used to create your video without much human editing, without needing any fancy ""secret watermarking"" technology.

Despite the mistakes, I did enjoy this video and agree with the findings.  Just a bit of shame you aren't following your own advice.",1,2026-09-11T18:54:17Z,Neil Patel,Other,Google Watermarks Your AI Content. Here's the 20-Minute Fix,100589,1700,153
UgzT1JDk1Da-GsRwj6R4AaABAg,y3vnFozXouE,@shanehiggins4248,I don't think anybody cares that businesses use a I. And there's not a platform out there that penalizes you for using a I. They actually encourage it,1,2026-09-14T17:13:21Z,Neil Patel,Other,Google Watermarks Your AI Content. Here's the 20-Minute Fix,100589,1700,153
Ugzmi5rsmuLUl3ZgbaB4AaABAg,y3vnFozXouE,@HullioGQ,I guess just adding external links into my content helps it rank and stay indexed.,0,2026-09-11T18:57:49Z,Neil Patel,Other,Google Watermarks Your AI Content. Here's the 20-Minute Fix,100589,1700,153
UgxQgqopWZRkX1yXYkJ4AaABAg,y3vnFozXouE,@AirStreamHighways,I call it AI slop. Not interesting. The sameness is boring. Especially on YouTube videos.,1,2026-09-10T15:05:26Z,Neil Patel,Other,Google Watermarks Your AI Content. Here's the 20-Minute Fix,100589,1700,153
UgznK3kLmMfT0745rtV4AaABAg,y3vnFozXouE,@DJREXKNIGHTOFFICIAL,"So what ?
What is the point and value of AI if they can sell it 
But we the buyers can make money off it 
So Google suno Anthropic all watermark their out put 
So what?",0,2026-09-29T11:31:18Z,Neil Patel,Other,Google Watermarks Your AI Content. Here's the 20-Minute Fix,100589,1700,153
UgyIrwjRyRvVx9M5HNh4AaABAg,y3vnFozXouE,@marcbonavia2347,AI junk...,2,2026-09-10T12:44:58Z,Neil Patel,Other,Google Watermarks Your AI Content. Here's the 20-Minute Fix,100589,1700,153
UgxYI6i6sFcKN7vTe_d4AaABAg,y3vnFozXouE,@LebenOhneSorgen,"Thanks for the great video, Neil! Your explanation really made sense, and it was super easy to follow.",0,2026-09-12T11:54:40Z,Neil Patel,Other,Google Watermarks Your AI Content. Here's the 20-Minute Fix,100589,1700,153
UgxUj9mdhVmPU3Od2DR4AaABAg,y3vnFozXouE,@nataliewilkinson8347,Anyone can tell dude. It's so obvious.,1,2026-09-10T20:29:17Z,Neil Patel,Other,Google Watermarks Your AI Content. Here's the 20-Minute Fix,100589,1700,153
UgwP8cdhWEMpMyUJhX54AaABAg,y3vnFozXouE,@DavidQuaid,"I'm sorry - since when is google saying ""who said this and can we trust them"" - are ""journalists"" above making mistakes all of a sudden? this is bizarre - third party citations? c'mon - cn we squeeze more myths? How can Google know if an author has 1st hand experience? jesus - its sad to see this slip so deep in quality",1,2026-09-10T15:39:19Z,Neil Patel,Other,Google Watermarks Your AI Content. Here's the 20-Minute Fix,100589,1700,153
UgxUtzFWHOEldZJuIZt4AaABAg,y3vnFozXouE,@SteveHeywood-b8g,"You have a spelling error at 10:10. Should say 'works'.
😊",1,2026-09-11T02:15:10Z,Neil Patel,Other,Google Watermarks Your AI Content. Here's the 20-Minute Fix,100589,1700,153
UgxpmL9vqOi7gLSTtBB4AaABAg,y3vnFozXouE,@hiCarlosArias,You're talking about writing quality content not AI slop... Get your info correct.,0,2026-09-11T19:56:16Z,Neil Patel,Other,Google Watermarks Your AI Content. Here's the 20-Minute Fix,100589,1700,153
UgzG7dTDeIGqxtvHnpF4AaABAg,y3vnFozXouE,@pdworld3421,thats so funny because your script is ai generated or sounds it,0,2026-09-13T20:06:38Z,Neil Patel,Other,Google Watermarks Your AI Content. Here's the 20-Minute Fix,100589,1700,153
Ugy9-08S4xgrBuOSVA14AaABAg,y3vnFozXouE,@timwilson8913,Losser...😢,1,2026-09-12T07:49:18Z,Neil Patel,Other,Google Watermarks Your AI Content. Here's the 20-Minute Fix,100589,1700,153
UgwnOxLdjXSF5rcWB1V4AaABAg,y3vnFozXouE,@dowaqtkiroti,"Makes complete sense, I have seen it on my LinkedIn, but this is not the only thing what pushes the content, your content needs to be good not just good in your head.. 😆 

But now I wonder since the AI race is to wipe out the people in many ways why do they care about human intervention? Is it going to be more precious or just another lab test on us, which can change",0,2026-09-11T07:16:57Z,Neil Patel,Other,Google Watermarks Your AI Content. Here's the 20-Minute Fix,100589,1700,153
UgwmwfVgYTkc0mDwmMp4AaABAg,y3vnFozXouE,@wedoebe,Great info as always Neil!,0,2026-09-11T08:34:05Z,Neil Patel,Other,Google Watermarks Your AI Content. Here's the 20-Minute Fix,100589,1700,153
Ugz-5IBKC9Ja4CDnP554AaABAg,y3vnFozXouE,@DavidQuaid,So you're claiming Google will reward data that isn't on other pages ..... ffs,1,2026-09-10T15:41:14Z,Neil Patel,Other,Google Watermarks Your AI Content. Here's the 20-Minute Fix,100589,1700,153
UgxylwZrTg0v1Q0LyKd4AaABAg,y3vnFozXouE,@JpAmazingStories,thanks neil!,0,2026-09-12T22:52:59Z,Neil Patel,Other,Google Watermarks Your AI Content. Here's the 20-Minute Fix,100589,1700,153
UgyIeCKHD7wq3jHnzZh4AaABAg,y3vnFozXouE,@DavidQuaid,LOL - a real author - Google's isntant kryptonite.... Going to save so much time at the TSA - here's my author schema - please let me in,1,2026-09-10T15:41:51Z,Neil Patel,Other,Google Watermarks Your AI Content. Here's the 20-Minute Fix,100589,1700,153
UgxyavTB9YkKzuM2kGJ4AaABAg,y3vnFozXouE,@object85,"I actually canceled my Claud membership today. if you use AI ads, nobody wants to see it. The times that were in this generation is anti-AI if you’re trying to sell literature, give it away free.",0,2026-09-29T19:10:00Z,Neil Patel,Other,Google Watermarks Your AI Content. Here's the 20-Minute Fix,100589,1700,153
UgyQnXjCW1B1Och256N4AaABAg,y3vnFozXouE,@funTimesInTheSun,Every one will be using Ai articles eventually.,2,2026-09-10T21:29:30Z,Neil Patel,Other,Google Watermarks Your AI Content. Here's the 20-Minute Fix,100589,1700,153
UgyxGweTG9OeuFP6Q214AaABAg,y3vnFozXouE,@AffyBoy,"Pro writers have been writing SLOP for YEARS -- :)
AI content when researched and GATED and audited is 20* better than pro writers at volume -- Google has a LOSS OF TRAFFIC problem -- AI citation IS THE move forward --  simple ;)",1,2026-09-15T11:08:51Z,Neil Patel,Other,Google Watermarks Your AI Content. Here's the 20-Minute Fix,100589,1700,153
Ugyu2eTMO6B31hFhW7t4AaABAg,y3vnFozXouE,@Swagtastic225,This channel is so cringe,2,2026-09-14T16:13:47Z,Neil Patel,Other,Google Watermarks Your AI Content. Here's the 20-Minute Fix,100589,1700,153
UgzE0ASB4qwujXZh4x94AaABAg,y3vnFozXouE,@nathann6482,This video is complete slop,2,2026-09-10T23:09:41Z,Neil Patel,Other,Google Watermarks Your AI Content. Here's the 20-Minute Fix,100589,1700,153
UgyCytA6Qnyw2QNs2zt4AaABAg,y3vnFozXouE,@animatedreviewsdotcom,"Interesting but using AI for articles is a very different test than using it for standard, straight forward website pages.",0,2026-09-10T15:16:19Z,Neil Patel,Other,Google Watermarks Your AI Content. Here's the 20-Minute Fix,100589,1700,153
UgzAcSu7s-eKXg1_5AJ4AaABAg,y3vnFozXouE,@nc8645,You are a GOD! Thank you!,0,2026-09-11T00:31:35Z,Neil Patel,Other,Google Watermarks Your AI Content. Here's the 20-Minute Fix,100589,1700,153
Ugz2U6lnPnOFEJS5UmZ4AaABAg,y3vnFozXouE,@phillloyd2519,I suspect this is BS,1,2026-09-12T12:46:27Z,Neil Patel,Other,Google Watermarks Your AI Content. Here's the 20-Minute Fix,100589,1700,153
UgwrOYIzDRPAecQocQJ4AaABAg,bSEsLcoNp5E,@tulandadhania,First class advice Neil Bhai. Keep it up 💪🏽💯,5,2026-08-20T20:28:21Z,Neil Patel,Other,The Only Marketing Strategy You Need To Master This Year,36631,1051,41
UgypRg8ay_5Zx0INTPt4AaABAg,bSEsLcoNp5E,@carlgould,"The 'real proof beats good marketing' point is so underrated; specific, verifiable results will always outperform polished branding. I talk about this a lot in my own coaching work; the businesses that win are usually the ones willing to show their actual numbers instead of just claiming greatness.",1,2026-08-25T19:00:48Z,Neil Patel,Other,The Only Marketing Strategy You Need To Master This Year,36631,1051,41
Ugx-f88x2_eRuvRvg0h4AaABAg,bSEsLcoNp5E,@mutiso-muathime,Such a masterclass.Too much value!!,4,2026-08-21T11:10:48Z,Neil Patel,Other,The Only Marketing Strategy You Need To Master This Year,36631,1051,41
UgwEPZZld4fPKouVVzd4AaABAg,bSEsLcoNp5E,@Ovenfreshfoodsandbakery,I absolutely enjoyed watching this.I have taken notes and would implement the tips shared. Thanks.,5,2026-08-21T09:26:37Z,Neil Patel,Other,The Only Marketing Strategy You Need To Master This Year,36631,1051,41
UgwsYTZ610s9TgIf_Vt4AaABAg,bSEsLcoNp5E,@denise761,"Thank you Neil,  I am bringing you from the very beginning of Penhold's Pooper Scooper",2,2026-08-22T03:24:18Z,Neil Patel,Other,The Only Marketing Strategy You Need To Master This Year,36631,1051,41
Ugy8UMDJhmNMndG26D14AaABAg,bSEsLcoNp5E,@4theLowthoTV,"The real marketing advantage isn’t being everywhere, it’s mastering how to get found, trusted, and chosen by the right customers. 🔥",0,2026-08-30T16:53:00Z,Neil Patel,Other,The Only Marketing Strategy You Need To Master This Year,36631,1051,41
Ugz3cgOZH2NQPrpyUtJ4AaABAg,bSEsLcoNp5E,@JokerZoneart,Bro amazing,4,2026-08-21T07:16:00Z,Neil Patel,Other,The Only Marketing Strategy You Need To Master This Year,36631,1051,41
Ugx5XwukeItnUCRsWPF4AaABAg,bSEsLcoNp5E,@biglead_agency,"This one’s definitely worth watching .
Lots of useful stuff packed into one video.",1,2026-08-24T05:08:50Z,Neil Patel,Other,The Only Marketing Strategy You Need To Master This Year,36631,1051,41
UgwSAfHuiYXRm8sWLGZ4AaABAg,bSEsLcoNp5E,@SamandaDderiy,Everything is clear. Brief and clear. No water. Thank you),0,2026-09-16T11:25:19Z,Neil Patel,Other,The Only Marketing Strategy You Need To Master This Year,36631,1051,41
Ugynpgd7Iw8Nc8tW26l4AaABAg,bSEsLcoNp5E,@hi9branding,what you share is always valuable <3 thank you so much,2,2026-08-21T17:48:55Z,Neil Patel,Other,The Only Marketing Strategy You Need To Master This Year,36631,1051,41
UgzNusdH3HeN42gcrx54AaABAg,bSEsLcoNp5E,@brunoravallet,Great updates,2,2026-08-21T10:39:13Z,Neil Patel,Other,The Only Marketing Strategy You Need To Master This Year,36631,1051,41
UgytP5innEB3wfAV7KB4AaABAg,bSEsLcoNp5E,@sharadsankhwar,Finally you changed your background 😂,1,2026-08-23T06:01:29Z,Neil Patel,Other,The Only Marketing Strategy You Need To Master This Year,36631,1051,41
UgzOp1HLSIYENpqz1L14AaABAg,bSEsLcoNp5E,@marketingwkelly,Love your channel! Always valuable takeaways,0,2026-08-31T02:03:19Z,Neil Patel,Other,The Only Marketing Strategy You Need To Master This Year,36631,1051,41
Ugy-LXTgNAeI2XMP-lZ4AaABAg,bSEsLcoNp5E,@Harambewasright,Holy AI script batman,3,2026-08-21T15:06:57Z,Neil Patel,Other,The Only Marketing Strategy You Need To Master This Year,36631,1051,41
UgxVWfhvplM6MypImkF4AaABAg,bSEsLcoNp5E,@JeffHarrison1960,"As a digital marketer for local businesses for the past 16 years, your clear concise message here is like a treasure map with a huge ❌- thank Neil.",6,2026-08-21T12:42:31Z,Neil Patel,Other,The Only Marketing Strategy You Need To Master This Year,36631,1051,41
Ugwnfy8iNiE3nrfe8Xp4AaABAg,bSEsLcoNp5E,@JoshuaOmoleme,Who's the algorithm?  🤔,3,2026-08-22T10:19:06Z,Neil Patel,Other,The Only Marketing Strategy You Need To Master This Year,36631,1051,41
UgxlCop-26mU_mtkZMJ4AaABAg,bSEsLcoNp5E,@Ingeri,First,3,2026-08-20T18:51:21Z,Neil Patel,Other,The Only Marketing Strategy You Need To Master This Year,36631,1051,41
UgygoMzzLhiT0OrgUV54AaABAg,bSEsLcoNp5E,@Dukher19,"Me resulta sospechoso , como evitas a google cuando te referis a busquedas.",0,2026-09-01T08:45:08Z,Neil Patel,Other,The Only Marketing Strategy You Need To Master This Year,36631,1051,41
Ugwr2cPQ_9eoxxPH-CB4AaABAg,bSEsLcoNp5E,@digibysana26,📝💯,0,2026-08-25T17:36:31Z,Neil Patel,Other,The Only Marketing Strategy You Need To Master This Year,36631,1051,41
UgyFtYDohZJXsHOjiGV4AaABAg,bSEsLcoNp5E,@MichaelOpolskiComedy,"Neil is a grifter, why are you listening to him, all the info you need is free, just go ask A.I to give you the answers you seek vs someone trying to sell you their bullshit. People today fall for thus crap and its sad to watch. This guy is giving you free data and you think he's a genius LOL. If you rely on people like Neil, then you are not a person who takes their work serious. You can watch 10 video's and get 10 different ideas thrown at you, so who is right? Do your own research and testing vs relying on grifters who act like professionals.",1,2026-08-24T16:30:41Z,Neil Patel,Other,The Only Marketing Strategy You Need To Master This Year,36631,1051,41
Ugy-gBa5zv933FwXl494AaABAg,bSEsLcoNp5E,@LuisluigiTexas,You’re funny. A masteclass in a 10 min video. You are a joke,3,2026-08-21T00:28:33Z,Neil Patel,Other,The Only Marketing Strategy You Need To Master This Year,36631,1051,41
UgyLlOKYDXgXQmIxL2d4AaABAg,bSEsLcoNp5E,@kingofazkaban,Didn't understand anything,3,2026-08-21T02:03:07Z,Neil Patel,Other,The Only Marketing Strategy You Need To Master This Year,36631,1051,41
UgzzGpaIjMM_yzwoUtB4AaABAg,mFiPAVYZE8s,@biglead_agency,20 years of experience packed into 10 minutes. Definitely worth watching.,1,2026-09-03T10:17:56Z,Neil Patel,Other,20 Years of Marketing Knowledge in 10 Minutes,27284,491,26
Ugx7xbvE5n35ndJBtOl4AaABAg,mFiPAVYZE8s,@drlepora1,Putting proof right next to the claim instead of burying it at the bottom makes so much sense once you see it named,0,2026-09-02T12:44:11Z,Neil Patel,Other,20 Years of Marketing Knowledge in 10 Minutes,27284,491,26
UgxI5P8SoIuRRJ-oGG14AaABAg,mFiPAVYZE8s,@4theLowthoTV,"The difference between old and new marketing is huge—attention is no longer bought, it’s earned through valuable content. 🔥",0,2026-09-03T12:59:06Z,Neil Patel,Other,20 Years of Marketing Knowledge in 10 Minutes,27284,491,26
UgxZWoYOv3DQhLMTK0h4AaABAg,mFiPAVYZE8s,@fightbackfailure4941,Thanks Neil. Your contents are next level.,1,2026-09-02T12:06:47Z,Neil Patel,Other,20 Years of Marketing Knowledge in 10 Minutes,27284,491,26
UgzHPEjxcv7b2rtnzu14AaABAg,mFiPAVYZE8s,@realaarontran,"Clarity converts. If people don’t understand what you do within seconds, everything else on the page matters less.",1,2026-09-02T15:23:45Z,Neil Patel,Other,20 Years of Marketing Knowledge in 10 Minutes,27284,491,26
Ugz38mc4onRmPh650e94AaABAg,mFiPAVYZE8s,@jefiinhoosoares1550,Muito obrigado pelo conteudo ❤❤❤❤,0,2026-09-04T04:10:39Z,Neil Patel,Other,20 Years of Marketing Knowledge in 10 Minutes,27284,491,26
UgyFCQ_TPLhPcjIpr8V4AaABAg,mFiPAVYZE8s,@SPK-76,Countless job postings even do this and I leave the page confused as to actually know what the company does and what the job duties are.,1,2026-09-02T19:50:43Z,Neil Patel,Other,20 Years of Marketing Knowledge in 10 Minutes,27284,491,26
UgwCE3NUCGqtNE8WL9x4AaABAg,mFiPAVYZE8s,@DaneA-x3m,❤love your content neil❤,0,2026-09-20T04:44:07Z,Neil Patel,Other,20 Years of Marketing Knowledge in 10 Minutes,27284,491,26
Ugyt2cS2z5Q_wM7vVpF4AaABAg,mFiPAVYZE8s,@MeetAbubakar-e9g,Good Bro,0,2026-09-03T13:41:54Z,Neil Patel,Other,20 Years of Marketing Knowledge in 10 Minutes,27284,491,26
UgxHvgh3dwTSdwDFVkR4AaABAg,mFiPAVYZE8s,@KartikCreates-11,"Hey man, loved your content! As a thumbnail designer, I noticed that improving the text positioning, contrast, and face retouching could make your thumbnails stand out more and boost CTR—that,s what i can improve in your thumbnails, ///...",0,2026-09-03T07:02:17Z,Neil Patel,Other,20 Years of Marketing Knowledge in 10 Minutes,27284,491,26
UgxXFBX9Whe8oNc3AeN4AaABAg,mFiPAVYZE8s,@auro1986,bloody emotions of masses is what you know if and when you call yourself a marketing guru,0,2026-09-02T17:40:32Z,Neil Patel,Other,20 Years of Marketing Knowledge in 10 Minutes,27284,491,26
Ugx4Af7dl3_HTL3lLuJ4AaABAg,mFiPAVYZE8s,@SushilTrivedi-m2k,Senior and junior in d same level 😂,0,2026-09-20T17:05:14Z,Neil Patel,Other,20 Years of Marketing Knowledge in 10 Minutes,27284,491,26
UgwFn11-rO4pjr50brF4AaABAg,mFiPAVYZE8s,@krishapatel-y8e,I want a job online work remote Job please some can help find agood job in from india gujarat ahmedabad,0,2026-09-06T11:55:32Z,Neil Patel,Other,20 Years of Marketing Knowledge in 10 Minutes,27284,491,26
UgzH6p4Rd5qdOaz1BbZ4AaABAg,mFiPAVYZE8s,@olegprodan6452,reading Smart Broke Dumb Rich by Zor Veyl made me so angry at first. realizing how much time I lost just because I didnt know the rules. thank god I found this author.,51,2026-09-05T19:35:21Z,Neil Patel,Other,20 Years of Marketing Knowledge in 10 Minutes,27284,491,26
Ugy87vziqql8sFB4vyR4AaABAg,CIGrrt_mVxM,@MichaelForster-ed3xi,You putting this up for free is actually clutch - praise to you,2,2026-08-31T13:35:09Z,Neil Patel,Other,The NEW Google Strategy to Double Your Leads (FAST),21036,419,28
UgzE368VAFSJi3xJSAt4AaABAg,CIGrrt_mVxM,@XavierBradshaw,"Crisp, smart way of explaining, necessary and sufficient information. That was helpful. Thank you.",3,2026-08-28T17:22:43Z,Neil Patel,Other,The NEW Google Strategy to Double Your Leads (FAST),21036,419,28
UgwXFwN8I-gW8BTwvvh4AaABAg,CIGrrt_mVxM,@YulyaNazaruk,You putting this up for free is actually clutch - praise to you,0,2026-09-09T14:31:53Z,Neil Patel,Other,The NEW Google Strategy to Double Your Leads (FAST),21036,419,28
UgzBhVPwz5Fg3nouaY54AaABAg,CIGrrt_mVxM,@4theLowthoTV,SEO in 2026 is no longer just about ranking on Google. It’s about understanding your audience deeply and creating content that answers exactly what they’re searching for. 🔥,3,2026-08-30T16:52:11Z,Neil Patel,Other,The NEW Google Strategy to Double Your Leads (FAST),21036,419,28
UgwvmYAyS9dU0RlwpCZ4AaABAg,CIGrrt_mVxM,@MariahHuels,Everything is clear. Brief and clear. No water. Thank you),0,2026-09-28T06:01:08Z,Neil Patel,Other,The NEW Google Strategy to Double Your Leads (FAST),21036,419,28
Ugy6lM1wIFD9xdcHAyh4AaABAg,CIGrrt_mVxM,@curt-g8g,This deserves more views. You explained it better than most. Top notch.,0,2026-09-22T20:24:14Z,Neil Patel,Other,The NEW Google Strategy to Double Your Leads (FAST),21036,419,28
Ugz2AQbFSu7HUqjjtAp4AaABAg,CIGrrt_mVxM,@ogradyrealty9258,Really appreciate the information. Very well instructed.,1,2026-08-28T18:06:30Z,Neil Patel,Other,The NEW Google Strategy to Double Your Leads (FAST),21036,419,28
UgyP5IPauByEu6QUHJ94AaABAg,CIGrrt_mVxM,@VanessaAdamson-pi3hp,A good lecture that will benefit all who have followed this excellent explanation.,0,2026-09-06T08:13:15Z,Neil Patel,Other,The NEW Google Strategy to Double Your Leads (FAST),21036,419,28
UgwTcypDw0kfSr-LxOl4AaABAg,CIGrrt_mVxM,@YuliyaTarasevich,"Clear and understandable, I wish there was more information like this.",0,2026-09-05T10:30:27Z,Neil Patel,Other,The NEW Google Strategy to Double Your Leads (FAST),21036,419,28
UgxGHx3NFVLR0qJRacd4AaABAg,CIGrrt_mVxM,@createuroasis,For me this is something I learned through long tail keyword strategy years ago. Thanks for re-affirming the strategy,0,2026-09-19T01:51:28Z,Neil Patel,Other,The NEW Google Strategy to Double Your Leads (FAST),21036,419,28
UgwHXX3g1-eC4g9qw3V4AaABAg,CIGrrt_mVxM,@Daughterofkingpriam,Go Nikki!! 🎉 Totally agree and love this approach.,1,2026-09-04T16:07:21Z,Neil Patel,Other,The NEW Google Strategy to Double Your Leads (FAST),21036,419,28
UgyhxqpxmBfKQj328-x4AaABAg,CIGrrt_mVxM,@VladimirDanilov-tx2xi,Really clever explanation and no unnecessary verbiage! Respect! + subscription,1,2026-09-06T06:18:22Z,Neil Patel,Other,The NEW Google Strategy to Double Your Leads (FAST),21036,419,28
UgwLdBtCBqekgaD6Av14AaABAg,CIGrrt_mVxM,@NoemiKuhn-h5d,"Crisp, smart way of explaining, necessary and sufficient information. That was helpful. Thank you.",0,2026-09-30T06:56:50Z,Neil Patel,Other,The NEW Google Strategy to Double Your Leads (FAST),21036,419,28
UgzKXcZb8NXr3qB-MCJ4AaABAg,CIGrrt_mVxM,@JennifeGimson,Thank you for creating the video - likes Unequivocally !!!!,2,2026-09-01T06:42:27Z,Neil Patel,Other,The NEW Google Strategy to Double Your Leads (FAST),21036,419,28
UgxSQ9iGyhu_0bE_slh4AaABAg,CIGrrt_mVxM,@auro1986,new way is through same old computer hacking competitors website,0,2026-08-27T17:26:03Z,Neil Patel,Other,The NEW Google Strategy to Double Your Leads (FAST),21036,419,28
UgwRT_Lnn91NkfDk38V4AaABAg,CIGrrt_mVxM,@troyid1,So just basic common sense old school seo?,2,2026-08-27T12:47:36Z,Neil Patel,Other,The NEW Google Strategy to Double Your Leads (FAST),21036,419,28
Ugzt96gKLBzF_vhdgp54AaABAg,CIGrrt_mVxM,@JanŘehák-y7t,You just told me SEO is practically dead in a previous video and now you tell me how to effectively to SEO. I am confused.,0,2026-09-25T20:32:03Z,Neil Patel,Other,The NEW Google Strategy to Double Your Leads (FAST),21036,419,28
Ugwk7ycSMFR7HEnfXGx4AaABAg,CIGrrt_mVxM,@ToriksLV,FOMO,0,2026-08-27T12:14:01Z,Neil Patel,Other,The NEW Google Strategy to Double Your Leads (FAST),21036,419,28
Ugw55SfKDtpFM_fuXvF4AaABAg,CIGrrt_mVxM,@nikoviitala8159,"Good video, ruined with AI generated script :c",0,2026-08-28T08:45:03Z,Neil Patel,Other,The NEW Google Strategy to Double Your Leads (FAST),21036,419,28
Ugx_dKCTY16FUlnqA2l4AaABAg,CIGrrt_mVxM,@tinusg,"Future video ideas for Neil Patel:

""Football was just about chasing balls, in 2026 it's all about outscoring your competition.""
""Photography was just about colouring pixels, in 2026 it's all about creating visual value.""
""Youtube was just about filling minutes, in 2026 it's all about satisfying your audience .""

In other words, you can make entire videos by pretending professionals are stupid and that your take is not a mantra that has been repeated for decades now.",8,2026-08-27T14:11:00Z,Neil Patel,Other,The NEW Google Strategy to Double Your Leads (FAST),21036,419,28
Ugw2BGkh4i6aZxEEy1R4AaABAg,CIGrrt_mVxM,@MichaelFlynn0,why are the super wealthy searching ... they are the target. They don't need to do anything.... this does not make sense to me.,0,2026-08-27T14:41:14Z,Neil Patel,Other,The NEW Google Strategy to Double Your Leads (FAST),21036,419,28
Ugzq7fWW4MYAw36aWbF4AaABAg,CIGrrt_mVxM,@shahroozkhan4387,The downfall of Neil Patel after ai,0,2026-08-28T23:13:52Z,Neil Patel,Other,The NEW Google Strategy to Double Your Leads (FAST),21036,419,28
UgwtJy-Ua5GCHLrVp1B4AaABAg,CIGrrt_mVxM,@FrancisLee-jw6tw,Really clever explanation and no unnecessary verbiage! Respect! + subscription,0,2026-09-07T05:49:45Z,Neil Patel,Other,The NEW Google Strategy to Double Your Leads (FAST),21036,419,28
Ugzl2NicGv4LZ7FgSBN4AaABAg,JfPzIwWXues,@curt-g8g,"Honestly really useful. I learned more here than in a paid course. Thanks, genuinely.",3,2026-09-18T20:13:48Z,Neil Patel,Other,"AI Employees, Explained in 12 Minutes (For Business Owners, Not Coders)",12951,168,13
Ugwb54e60wfAZTB_x7d4AaABAg,JfPzIwWXues,@రాజేష్G,Thank you,3,2026-09-15T16:04:39Z,Neil Patel,Other,"AI Employees, Explained in 12 Minutes (For Business Owners, Not Coders)",12951,168,13
UgwEaZ49ZkQYoe8bvvp4AaABAg,JfPzIwWXues,@letsbox-p8b,Another shameless ad for GHL? What happen to you?,8,2026-09-16T04:37:05Z,Neil Patel,Other,"AI Employees, Explained in 12 Minutes (For Business Owners, Not Coders)",12951,168,13
Ugw4Dujl7q8Qsb0_7614AaABAg,JfPzIwWXues,@moneytalkscapital,The real test should be: “What happens when you don’t know?” That exposes a LOT of fake AI products.,1,2026-09-19T04:42:15Z,Neil Patel,Other,"AI Employees, Explained in 12 Minutes (For Business Owners, Not Coders)",12951,168,13
UgzDVUSIadxmiWqZUqV4AaABAg,JfPzIwWXues,@Swagtastic225,you guys should look up the time FTX sued this dude because his work was extremely slopply. he charged so much money just to basically do nothing and deliver no results. he probably does this alot Aswell. just scamming dumb corporations that don't wanna get embarrassed by suing him and showing their incompetence for choosing him,4,2026-09-17T03:21:27Z,Neil Patel,Other,"AI Employees, Explained in 12 Minutes (For Business Owners, Not Coders)",12951,168,13
Ugxvk3-Lci2zsoMs3mR4AaABAg,JfPzIwWXues,@omkarnatekar7603,Way your all videos look like some pramotion,0,2026-09-22T03:15:01Z,Neil Patel,Other,"AI Employees, Explained in 12 Minutes (For Business Owners, Not Coders)",12951,168,13
Ugyy1h3VBSMQYuygDwx4AaABAg,JfPzIwWXues,@kartikcreates7uo,"Hey man, loved your content! As a thumbnail designer, I noticed that improving the text positioning, contrast, and face retouching could make your thumbnails stand out more and boost CTR— where to  connect?",0,2026-09-16T10:24:26Z,Neil Patel,Other,"AI Employees, Explained in 12 Minutes (For Business Owners, Not Coders)",12951,168,13
UgyGOJHApM8f3vXX9y54AaABAg,JfPzIwWXues,@akash-chandradas,Thank you,3,2026-09-15T17:58:12Z,Neil Patel,Other,"AI Employees, Explained in 12 Minutes (For Business Owners, Not Coders)",12951,168,13
UgyUxtMLDjbaOHPOf-Z4AaABAg,iF_C9Ez7x6o,@DigitalProReview,this was an amazing live demonstartion. The key is the prompting.,1,2026-09-22T15:16:15Z,Neil Patel,Other,I Tried to Break My AI Receptionist (7 Real Calls),9804,127,12
UgwS6HrUK03ITzA8Ogx4AaABAg,iF_C9Ez7x6o,@brad-smith,"This is awesome Neil, we’ve been running this for the last few months and find upgrading our AI subscription inside to go high-level continues to improve it even more, but also improving our prompt. Thanks for the visual. Let’s make more videos like this.",0,2026-09-23T17:26:12Z,Neil Patel,Other,I Tried to Break My AI Receptionist (7 Real Calls),9804,127,12
UgxgnMJOAqn8vdx-4rl4AaABAg,iF_C9Ez7x6o,@aliashraf3621,"Great demo. Here’s the test I’d like to see: “I’m selling my house next Friday. The buyer’s inspection found a roof issue and the sale may fall through. Another roofer can inspect tomorrow, but I’d rather use you. I don’t need a quote yet — I need to know whether you can realistically get the work done before closing.”

The interesting test isn’t whether Rachel makes something up. It’s whether she recognises that repeating the normal booking process may be technically correct but commercially wrong — and knows when the value/urgency of the conversation warrants a human.",0,2026-09-25T19:30:25Z,Neil Patel,Other,I Tried to Break My AI Receptionist (7 Real Calls),9804,127,12
UgyVjykeP3PENyz7sVt4AaABAg,iF_C9Ez7x6o,@CamouflageWorld,"Fantastic, one ai machine handling critical queries that's awesome",0,2026-09-22T17:04:58Z,Neil Patel,Other,I Tried to Break My AI Receptionist (7 Real Calls),9804,127,12
Ugxrd5bshbDjzFcItSV4AaABAg,iF_C9Ez7x6o,@brawnybrainsabacus,Fablous,0,2026-09-23T12:54:04Z,Neil Patel,Other,I Tried to Break My AI Receptionist (7 Real Calls),9804,127,12
Ugxld-908lg7EXDrXiZ4AaABAg,iF_C9Ez7x6o,@cashreynolds,"Neil, what voice service or model did you use for Rachel? The latency and natural sound was amazing. I'd like to copy it inside my GHL.

Thank you!",0,2026-09-22T20:57:30Z,Neil Patel,Other,I Tried to Break My AI Receptionist (7 Real Calls),9804,127,12
UgzG3loYeQYJx2L9hYN4AaABAg,iF_C9Ez7x6o,@oldbiscuit2179,End Game for BPO company 😂,0,2026-09-23T13:51:16Z,Neil Patel,Other,I Tried to Break My AI Receptionist (7 Real Calls),9804,127,12
UgyyISKUvz1GXPBAP-B4AaABAg,iF_C9Ez7x6o,@ethanking4954,This is cool. 8:37  the ai talks to much here though,0,2026-09-22T16:16:12Z,Neil Patel,Other,I Tried to Break My AI Receptionist (7 Real Calls),9804,127,12
Ugzdwv7IjaTRWNashyJ4AaABAg,iF_C9Ez7x6o,@dandunphy537,How does it handle multi-line phone systems,0,2026-09-22T18:55:20Z,Neil Patel,Other,I Tried to Break My AI Receptionist (7 Real Calls),9804,127,12
UgxqVQbkn4lvWJ8Y0FF4AaABAg,iF_C9Ez7x6o,@hakemabdullah6952,"Saturated market, so instead people are selling the shovel now.",0,2026-09-24T15:59:54Z,Neil Patel,Other,I Tried to Break My AI Receptionist (7 Real Calls),9804,127,12
UgxJQ8VGtRzG0zUN06h4AaABAg,iF_C9Ez7x6o,@LeoDizonMendoza,"This is awesome, Pat! 🔥",1,2026-09-23T04:19:10Z,Neil Patel,Other,I Tried to Break My AI Receptionist (7 Real Calls),9804,127,12
UgzKaumN2EQ-sBp2QkR4AaABAg,yNMMtF3IWJs,@HaggisWildlifeFoundation,just build a water mark remover with ai,7,2026-09-03T19:50:42Z,Neil Patel,Other,Your AI Content Has a Secret Watermark Now #shorts,9695,310,22
UgwbudPYSoxGW0_JXmJ4AaABAg,yNMMtF3IWJs,@EricPeguero,This only affects those trying to hide the fact that they’re using AI. If you’re using AI and don’t care if people know then it doesn’t matter. Good information is good regardless of who writes it.,5,2026-09-04T00:10:56Z,Neil Patel,Other,Your AI Content Has a Secret Watermark Now #shorts,9695,310,22
UgxyrkGG2mgT5q_6HpV4AaABAg,yNMMtF3IWJs,@nnggvs,Neil lately is like those news channels who just love giving those bad news as breaking news over and over again 😂,0,2026-09-03T19:24:21Z,Neil Patel,Other,Your AI Content Has a Secret Watermark Now #shorts,9695,310,22
Ugzta7TrkrxhdTzT6jt4AaABAg,yNMMtF3IWJs,@bazigagaj,Thank you so very much for getting us informed! I appreciate you .❤,1,2026-09-04T02:48:36Z,Neil Patel,Other,Your AI Content Has a Secret Watermark Now #shorts,9695,310,22
UgysQa-FIScepASPLrt4AaABAg,yNMMtF3IWJs,@thedigitaldopeman,They are going to make you work for it 😅,0,2026-09-03T18:38:02Z,Neil Patel,Other,Your AI Content Has a Secret Watermark Now #shorts,9695,310,22
UgxZ3PUjOyThcMUU0HV4AaABAg,yNMMtF3IWJs,@Arif-ho5pc,Is it applicable to texts only? Or pictures and videos as well generated by AI for the purpose of marketing?,0,2026-09-03T18:14:48Z,Neil Patel,Other,Your AI Content Has a Secret Watermark Now #shorts,9695,310,22
UgxeTJbT3ZRJB9oLjIV4AaABAg,yNMMtF3IWJs,@kxzhixue,"advice are heavily exaggerated for dramatic marketing effect.

Neither regulatory bodies nor major search engines penalize content solely because it was generated or assisted by AI. Search engines rank content based on quality, depth, and helpfulness to the user, not whether an AI tool assisted in the writing process.",0,2026-09-04T13:01:15Z,Neil Patel,Other,Your AI Content Has a Secret Watermark Now #shorts,9695,310,22
UgyrBLojw2TUhot3kZt4AaABAg,yNMMtF3IWJs,@emekaudeogu,Will people really care if the content has a watermark if the helps solve their problem/s?,0,2026-09-05T11:19:18Z,Neil Patel,Other,Your AI Content Has a Secret Watermark Now #shorts,9695,310,22
Ugw0hRvij-FBUpoO4914AaABAg,yNMMtF3IWJs,@isabellascott4838,"What was. The reason this was done the reason this was done ?  I am trying to write monthly updates in real estate market reports - it took me forever before, even now I can’t be consistent.  I upload market data and ask Claude to summarize and it does calculations for me and summarizes the data.  So what is the purpose of AI  if we  can’t use it?",2,2026-09-03T18:19:34Z,Neil Patel,Other,Your AI Content Has a Secret Watermark Now #shorts,9695,310,22
Ugy2DnVfjdhd4XvdsNt4AaABAg,yNMMtF3IWJs,@nc8645,"Anthropic does say that AI contents, are not penalized other than the lazy content or AI just writing it.  However, if you input your expertise and experiences in the content, polish up grammar then Ai is not going to penalize????",0,2026-09-03T22:49:29Z,Neil Patel,Other,Your AI Content Has a Secret Watermark Now #shorts,9695,310,22
Ugx5EOP1_t0DpnhPExh4AaABAg,yNMMtF3IWJs,@AlexRendon1,We already knew it had to be a certain percentage of manual content created manually. But that's still debatable. But maybe if you stop using some of the Oligarch models then that percentage would not matter. Or could they detect that too? 😩😳😆,0,2026-09-04T01:50:24Z,Neil Patel,Other,Your AI Content Has a Secret Watermark Now #shorts,9695,310,22
UgxJgm8uyJ2AwEUUvIJ4AaABAg,yNMMtF3IWJs,@RicardoJames-CleaningGrowth,So what's the purpose of ai then.,3,2026-09-03T20:55:13Z,Neil Patel,Other,Your AI Content Has a Secret Watermark Now #shorts,9695,310,22
Ugz4hJklR-dvqgXsW4l4AaABAg,yNMMtF3IWJs,@AgendaThiago,"Watermark for text??  There is no way u could distinguished if done right


That's absurd",0,2026-09-04T16:27:55Z,Neil Patel,Other,Your AI Content Has a Secret Watermark Now #shorts,9695,310,22
Ugw_cUjrhk_wmbZYqV54AaABAg,yNMMtF3IWJs,@palmislandfinancial,😂 I am not a marketer I am a small business owner whose writing sucks. I'm not a copywriter. Wow. I am so sick of it all. The never ending hoops. Jump simba jump 🙄😒,1,2026-09-03T23:41:21Z,Neil Patel,Other,Your AI Content Has a Secret Watermark Now #shorts,9695,310,22
Ugxo7mszeD5EqIFT2y14AaABAg,yNMMtF3IWJs,@LisaLinenLady,I love you,0,2026-09-04T11:08:28Z,Neil Patel,Other,Your AI Content Has a Secret Watermark Now #shorts,9695,310,22
UgxVBMkJUoyyULekVS14AaABAg,yNMMtF3IWJs,@wentzel812,This is all a part of AI failing. Eventually we won't use it much at all.,1,2026-09-03T20:56:11Z,Neil Patel,Other,Your AI Content Has a Secret Watermark Now #shorts,9695,310,22
UgwVtmegYF2zaDuUB-V4AaABAg,yNMMtF3IWJs,@newmannewday,But AI content isn't being compensated.,0,2026-09-04T05:41:09Z,Neil Patel,Other,Your AI Content Has a Secret Watermark Now #shorts,9695,310,22
Ugwo08enkGT316Ruood4AaABAg,yNMMtF3IWJs,@carlisle108,What a pathetic video. Fails to explain how a watermark affects AI created content deployment.  And NOT celebrating having to do it manually.,0,2026-09-05T00:45:36Z,Neil Patel,Other,Your AI Content Has a Secret Watermark Now #shorts,9695,310,22
Ugw1WG7s73NKzdJlz_54AaABAg,D_TrKSabYCI,@drlepora1,Going from brand police to brand supply chain is the leadership shift so many organizations need.,0,2026-09-30T08:46:07Z,Neil Patel,Other,Why ChatGPT is Ignoring America's Biggest Chains,9317,99,10
UgwxwvAcs2YQ1ma3qEl4AaABAg,D_TrKSabYCI,@AshimPandoh,"The fact that you’ve managed to keep making marketing content for this long is honestly impressive 😂

With 2.6K+ videos, I’m curious do you ever go back through the old library looking for ideas that deserve a second life?",0,2026-09-28T15:56:38Z,Neil Patel,Other,Why ChatGPT is Ignoring America's Biggest Chains,9317,99,10
Ugw9aobwBWEKtkjmt-F4AaABAg,D_TrKSabYCI,@AlexAlex-w5m1z,"I'm the top in chatGPT in my local area in my niece. Customers started telling me this. I didn't do any SEO strategies that my competition did. I went against everything, focused on reviews, lots of proof and being the authority. Looking after your customers better, what a novel concept 😂",2,2026-09-24T12:41:20Z,Neil Patel,Other,Why ChatGPT is Ignoring America's Biggest Chains,9317,99,10
UgwtnCE3jn-kf_AyK9d4AaABAg,D_TrKSabYCI,@LeoDizonMendoza,"This video is interesting! Thanks, Neil!",0,2026-09-30T02:56:27Z,Neil Patel,Other,Why ChatGPT is Ignoring America's Biggest Chains,9317,99,10
UgyyGgTAO_LfVaXuoih4AaABAg,D_TrKSabYCI,@RustySEO,Hum... Interesting,0,2026-09-24T14:03:23Z,Neil Patel,Other,Why ChatGPT is Ignoring America's Biggest Chains,9317,99,10
UgzLgfBRYXvF57cbxBV4AaABAg,D_TrKSabYCI,@streetlogicpodcast-s6z,"You the dude that said to turn your social media into a  network platform,  what is it",0,2026-09-25T19:09:55Z,Neil Patel,Other,Why ChatGPT is Ignoring America's Biggest Chains,9317,99,10
UgzJoIDFNskiByK--fh4AaABAg,D_TrKSabYCI,@DekosDm,i love the dramatic music but also make me believe anything i hear and not think clearly about it.Its like it stops my concious mind.I would love no music videos i think they will become a trend soon.,1,2026-09-28T11:40:24Z,Neil Patel,Other,Why ChatGPT is Ignoring America's Biggest Chains,9317,99,10
Ugxpne_MjgcvGCzHIZJ4AaABAg,366r6g5_neI,@nnggvs,SEO Expert ❌️ Own Product Marketer ✅️😂,0,2026-09-27T18:53:56Z,Neil Patel,Other,5 Pages AI Loves to Cite #shorts,6202,277,7
UgyazDY6HE68rBTbxP54AaABAg,DqV9SnE2UOU,@Muhammadabdullahofficial3,Reddit? Lol,5,2026-08-22T20:44:43Z,Neil Patel,Other,5 Websites ChatGPT Trusts Most #shorts,4790,166,33
Ugyip9oCzNgvn9ATu094AaABAg,DqV9SnE2UOU,@ashishrawat7746,Cited,1,2026-08-22T19:12:40Z,Neil Patel,Other,5 Websites ChatGPT Trusts Most #shorts,4790,166,33
Ugy2hPJ04g2aLGNCHBh4AaABAg,DqV9SnE2UOU,@BARIKPENADEEKOR,CITED,0,2026-08-28T13:58:05Z,Neil Patel,Other,5 Websites ChatGPT Trusts Most #shorts,4790,166,33
UgwiVNj9nRD_fTAyTw94AaABAg,DqV9SnE2UOU,@pomelo-ibisadventures,Reddit dropped 86%,0,2026-08-26T13:02:19Z,Neil Patel,Other,5 Websites ChatGPT Trusts Most #shorts,4790,166,33
UgxVWBZlI_5i2SkxcD14AaABAg,DqV9SnE2UOU,@isaacclark8299,"Goes against your own counter advice re chatgpt turning off reddit. Shouldn't be published as ""new material.""",3,2026-08-22T21:52:27Z,Neil Patel,Other,5 Websites ChatGPT Trusts Most #shorts,4790,166,33
UgwdbbAGyppgItOqod14AaABAg,DqV9SnE2UOU,@EcomYogiG,cited,0,2026-08-23T11:00:10Z,Neil Patel,Other,5 Websites ChatGPT Trusts Most #shorts,4790,166,33
UgyqkoDTHTD_mWLbCsZ4AaABAg,DqV9SnE2UOU,@girl4632,"Reddit, I never trust that garbage",1,2026-08-23T06:20:27Z,Neil Patel,Other,5 Websites ChatGPT Trusts Most #shorts,4790,166,33
UgwLTp-RqINvFDKw2LB4AaABAg,DqV9SnE2UOU,@budgetbrudekjoler,"Wikipedia impossible ,reddit is no more actual",0,2026-08-23T10:45:47Z,Neil Patel,Other,5 Websites ChatGPT Trusts Most #shorts,4790,166,33
UgwA_xkBzM30bMczSW54AaABAg,DqV9SnE2UOU,@Dimarcog2,Wikipedia great old man the internet,0,2026-09-07T13:45:43Z,Neil Patel,Other,5 Websites ChatGPT Trusts Most #shorts,4790,166,33
UgwS161sSmCDhcMov8p4AaABAg,DqV9SnE2UOU,@wonderboy855,Cited,1,2026-08-22T19:58:00Z,Neil Patel,Other,5 Websites ChatGPT Trusts Most #shorts,4790,166,33
UgzOJ8uQsSdrof7nEMB4AaABAg,DqV9SnE2UOU,@MoneyMap,Cited,1,2026-08-22T21:21:44Z,Neil Patel,Other,5 Websites ChatGPT Trusts Most #shorts,4790,166,33
UgyX9bfJAVoTQNnU1NN4AaABAg,DqV9SnE2UOU,@RazorDevelopmentLLC,Cited,0,2026-08-22T22:18:29Z,Neil Patel,Other,5 Websites ChatGPT Trusts Most #shorts,4790,166,33
UgzRjkF7lFB7BOBms_F4AaABAg,DqV9SnE2UOU,@ram1rezmo1ses0,Cited,0,2026-08-23T03:40:02Z,Neil Patel,Other,5 Websites ChatGPT Trusts Most #shorts,4790,166,33
UgzPjSKFMUEuFgy951B4AaABAg,DqV9SnE2UOU,@joannacrews7294,Cited,0,2026-08-23T05:11:35Z,Neil Patel,Other,5 Websites ChatGPT Trusts Most #shorts,4790,166,33
Ugzxz3OF41CupuBE6Qh4AaABAg,DqV9SnE2UOU,@vinnynzuza,Cited,0,2026-08-23T05:13:25Z,Neil Patel,Other,5 Websites ChatGPT Trusts Most #shorts,4790,166,33
Ugxv9SY1ildLioW7dSF4AaABAg,DqV9SnE2UOU,@ChristianRivard9,Cited,0,2026-08-23T08:20:18Z,Neil Patel,Other,5 Websites ChatGPT Trusts Most #shorts,4790,166,33
UgzJE3TN49bRKc6gWE94AaABAg,DqV9SnE2UOU,@YogiMorjaria,Cited,0,2026-08-23T09:51:53Z,Neil Patel,Other,5 Websites ChatGPT Trusts Most #shorts,4790,166,33
Ugz0IVXFqtLhB2hupQJ4AaABAg,DqV9SnE2UOU,@TribesN,Cited,0,2026-08-23T10:36:47Z,Neil Patel,Other,5 Websites ChatGPT Trusts Most #shorts,4790,166,33
UgzlpxCAaKUanodf_BF4AaABAg,DqV9SnE2UOU,@neilmehta3629,Cited,0,2026-08-23T14:58:22Z,Neil Patel,Other,5 Websites ChatGPT Trusts Most #shorts,4790,166,33
Ugy9ZSEN27kOgGGuFsx4AaABAg,DqV9SnE2UOU,@RaquibB,Cited,0,2026-08-23T17:18:18Z,Neil Patel,Other,5 Websites ChatGPT Trusts Most #shorts,4790,166,33
UgxNvqFTlWHsjoT2wL54AaABAg,DqV9SnE2UOU,@Zest-City,Cited,0,2026-08-23T22:03:06Z,Neil Patel,Other,5 Websites ChatGPT Trusts Most #shorts,4790,166,33
UgxD5kGE2DIpwFJ9-_V4AaABAg,DqV9SnE2UOU,@marciowebber,Cited,0,2026-08-24T03:39:53Z,Neil Patel,Other,5 Websites ChatGPT Trusts Most #shorts,4790,166,33
UgxwDsP3wcJuE8s6qqV4AaABAg,DqV9SnE2UOU,@manmohanghatora,Cited,0,2026-08-24T07:04:06Z,Neil Patel,Other,5 Websites ChatGPT Trusts Most #shorts,4790,166,33
UgxihCoE8eBHeckaAf14AaABAg,DqV9SnE2UOU,@luissoares7151,Cited,0,2026-08-24T08:43:37Z,Neil Patel,Other,5 Websites ChatGPT Trusts Most #shorts,4790,166,33
Ugyxj2D1_RoccY_F-SJ4AaABAg,DqV9SnE2UOU,@doreenmccarthy9009,Cited,0,2026-08-24T22:39:37Z,Neil Patel,Other,5 Websites ChatGPT Trusts Most #shorts,4790,166,33
UgxGgZb5Xi0q7qWvlEd4AaABAg,DqV9SnE2UOU,@DrNoeNutrologo,Cited,0,2026-08-27T07:51:37Z,Neil Patel,Other,5 Websites ChatGPT Trusts Most #shorts,4790,166,33
UgwgMYLKErgAYLqaLIp4AaABAg,DqV9SnE2UOU,@OTCix,Cited,0,2026-08-27T13:28:34Z,Neil Patel,Other,5 Websites ChatGPT Trusts Most #shorts,4790,166,33
UgxUZ75lviTpGbHyAw14AaABAg,DqV9SnE2UOU,@essaivanipillay3527,Cited,0,2026-08-27T14:54:22Z,Neil Patel,Other,5 Websites ChatGPT Trusts Most #shorts,4790,166,33
Ugw6yop8AwW6xbZLKIt4AaABAg,DqV9SnE2UOU,@rgepiscopo,Cited,0,2026-08-28T04:26:30Z,Neil Patel,Other,5 Websites ChatGPT Trusts Most #shorts,4790,166,33
UgyOnqVe--IX0fJmbJB4AaABAg,DqV9SnE2UOU,@empowerstartorg,Cited,0,2026-08-28T09:22:20Z,Neil Patel,Other,5 Websites ChatGPT Trusts Most #shorts,4790,166,33
Ugxi5301wMUNtrJn4Dp4AaABAg,DqV9SnE2UOU,@Marinavallara,Cited,0,2026-08-28T18:24:49Z,Neil Patel,Other,5 Websites ChatGPT Trusts Most #shorts,4790,166,33
UgwDPQecIf_Qaie3FEB4AaABAg,DqV9SnE2UOU,@emekaudeogu,Cited,0,2026-08-28T21:44:06Z,Neil Patel,Other,5 Websites ChatGPT Trusts Most #shorts,4790,166,33
Ugx6IVxTEW0UGJSFySB4AaABAg,DqV9SnE2UOU,@jameljohnson4840,Cited,0,2026-09-05T21:09:45Z,Neil Patel,Other,5 Websites ChatGPT Trusts Most #shorts,4790,166,33
UgzTFI3fheMYObdqOb94AaABAg,Fr--abBx1dU,@imdarla10x,Thanks for sharing this.,0,2026-09-26T21:56:07Z,Neil Patel,Other,Stop Writing a Little About Everything #shorts,4571,145,1
UgwBd6w2maxBYOYXJPd4AaABAg,2qX4q_K2SGE,@TimmortalDevelopment,essentially Entity SEO,1,2026-09-17T19:21:52Z,Neil Patel,Other,Your Website Is Just 1 of 37 Signals Now #shorts,4527,184,4
UgwAfBif1-YYqkzHyut4AaABAg,2qX4q_K2SGE,@emekaudeogu,Saved,0,2026-09-18T13:41:03Z,Neil Patel,Other,Your Website Is Just 1 of 37 Signals Now #shorts,4527,184,4
Ugyh4RyobZQqGOU8_4B4AaABAg,2qX4q_K2SGE,@Serg_Skinner,"8 из 37, пойду плакать....",0,2026-09-17T22:49:18Z,Neil Patel,Other,Your Website Is Just 1 of 37 Signals Now #shorts,4527,184,4
UgxEnYaGSfOTWW1ktep4AaABAg,2qX4q_K2SGE,@waterfrontluxurygear,"Really? Across all 37, and you still might not get thrown up to the top. Are you trying to drive us crazy? Do you know how much work that is to try to make sure you're on all those 37 places? This is not just adding our name. Each one is a lot of work. Give us a break. Maybe it's time we just go back to the old-fashioned knock on the door, face-to-face. Or start exhibiting in trade shows, trying to get on the 37 is a nightmare.",0,2026-09-18T13:13:11Z,Neil Patel,Other,Your Website Is Just 1 of 37 Signals Now #shorts,4527,184,4
UgxYFyVL75Bg3YnVp8B4AaABAg,spPdWLcVAoU,@taxitrends,You're an extraordinary researcher on the internet marketing,0,2026-08-27T03:22:59Z,Neil Patel,Other,3 Ways To Get Found (Not Just Google) #shorts,4254,120,53
Ugx2x4ZzvTG86J50TbZ4AaABAg,spPdWLcVAoU,@alpanavijayaraghavan7938,Marketing!,0,2026-08-27T06:46:36Z,Neil Patel,Other,3 Ways To Get Found (Not Just Google) #shorts,4254,120,53
UgzqfgW026FvO4EWeq54AaABAg,spPdWLcVAoU,@ESYdotcom,marketing,1,2026-08-25T21:36:23Z,Neil Patel,Other,3 Ways To Get Found (Not Just Google) #shorts,4254,120,53
Ugy9_pUNmQkhn5p-QJd4AaABAg,spPdWLcVAoU,@BARIKPENADEEKOR,Marketing.,0,2026-08-26T16:26:05Z,Neil Patel,Other,3 Ways To Get Found (Not Just Google) #shorts,4254,120,53
UgxEUyH0T6APYlgORPB4AaABAg,spPdWLcVAoU,@isabellascott4838,Marketing,1,2026-08-25T18:30:47Z,Neil Patel,Other,3 Ways To Get Found (Not Just Google) #shorts,4254,120,53
UgwGItfgecsD29hZgBp4AaABAg,spPdWLcVAoU,@obaidul009,Marketing ❤,0,2026-08-26T15:25:16Z,Neil Patel,Other,3 Ways To Get Found (Not Just Google) #shorts,4254,120,53
Ugxp9guqZ-leVrMiS1F4AaABAg,spPdWLcVAoU,@EnriqueDelgadoLargaespada,Marketing,1,2026-08-25T18:32:28Z,Neil Patel,Other,3 Ways To Get Found (Not Just Google) #shorts,4254,120,53
Ugyow-FhJBPXj7Vd-VB4AaABAg,spPdWLcVAoU,@TAYLLORCOX,marketing,0,2026-08-26T05:52:04Z,Neil Patel,Other,3 Ways To Get Found (Not Just Google) #shorts,4254,120,53
Ugxu_uPpHM4pVbK6RAl4AaABAg,spPdWLcVAoU,@stevenmoreno6789,Marketing,1,2026-08-25T19:32:42Z,Neil Patel,Other,3 Ways To Get Found (Not Just Google) #shorts,4254,120,53
Ugxnp-Yo-GCGuFVShb94AaABAg,spPdWLcVAoU,@ctrade8837,marketing,0,2026-08-26T09:56:48Z,Neil Patel,Other,3 Ways To Get Found (Not Just Google) #shorts,4254,120,53
Ugz1AXwVSp_CtepAd_d4AaABAg,spPdWLcVAoU,@TonyMontana-bg6hm,Marketing,1,2026-08-25T19:54:55Z,Neil Patel,Other,3 Ways To Get Found (Not Just Google) #shorts,4254,120,53
UgxqSKJYLlSrlUfJbf14AaABAg,spPdWLcVAoU,@Todgley,marketing,0,2026-08-26T10:18:57Z,Neil Patel,Other,3 Ways To Get Found (Not Just Google) #shorts,4254,120,53
Ugz7wvEU9XjLwZitoUt4AaABAg,spPdWLcVAoU,@MoneyMap,Marketing,1,2026-08-25T20:48:58Z,Neil Patel,Other,3 Ways To Get Found (Not Just Google) #shorts,4254,120,53
Ugydpt53Mx0cTpIwqP54AaABAg,spPdWLcVAoU,@yasirayub544,marketing,0,2026-08-27T03:54:57Z,Neil Patel,Other,3 Ways To Get Found (Not Just Google) #shorts,4254,120,53
UgzT1I7-aXfBX0BtB194AaABAg,spPdWLcVAoU,@safa-19,Marketing,1,2026-08-25T21:02:32Z,Neil Patel,Other,3 Ways To Get Found (Not Just Google) #shorts,4254,120,53
UgwAXj7-jVZCB5Eq9C94AaABAg,spPdWLcVAoU,@mitjadolinsek1,marketing,0,2026-08-28T07:01:11Z,Neil Patel,Other,3 Ways To Get Found (Not Just Google) #shorts,4254,120,53
UgyQOYflh6P3E-F3SHp4AaABAg,spPdWLcVAoU,@jameljohnson4840,Marketing,1,2026-08-25T21:21:00Z,Neil Patel,Other,3 Ways To Get Found (Not Just Google) #shorts,4254,120,53
UgzgxhBDu1fx5yNBgul4AaABAg,spPdWLcVAoU,@rapunzelforhairextensions,Marketing,2,2026-08-25T21:32:03Z,Neil Patel,Other,3 Ways To Get Found (Not Just Google) #shorts,4254,120,53
UgypiOCWLpawNIDFv3h4AaABAg,spPdWLcVAoU,@nataliegarner3164,Marketing,1,2026-08-25T22:30:12Z,Neil Patel,Other,3 Ways To Get Found (Not Just Google) #shorts,4254,120,53
Ugy_Cyse9NM701mFMax4AaABAg,spPdWLcVAoU,@stephaniedlaroy,Marketing,1,2026-08-26T00:46:47Z,Neil Patel,Other,3 Ways To Get Found (Not Just Google) #shorts,4254,120,53
UgwSvSqvzodlT-fiDM94AaABAg,spPdWLcVAoU,@HomnathWagle-r5s,Marketing,0,2026-08-26T01:16:22Z,Neil Patel,Other,3 Ways To Get Found (Not Just Google) #shorts,4254,120,53
UgxFW2DSlzGIalNZAON4AaABAg,spPdWLcVAoU,@StaceyMayer,Marketing,0,2026-08-26T02:25:31Z,Neil Patel,Other,3 Ways To Get Found (Not Just Google) #shorts,4254,120,53
UgxpDl7lPj9lSXNSWkh4AaABAg,spPdWLcVAoU,@jenniferward6821,Marketing,0,2026-08-26T05:10:22Z,Neil Patel,Other,3 Ways To Get Found (Not Just Google) #shorts,4254,120,53
UgyiO5C4wGaBX2CG_Ih4AaABAg,spPdWLcVAoU,@sunilnayak3410,Marketing,0,2026-08-26T05:37:40Z,Neil Patel,Other,3 Ways To Get Found (Not Just Google) #shorts,4254,120,53
UgyVNjk-OJfRR88NzMJ4AaABAg,spPdWLcVAoU,@sameerlakhani_marketing,Marketing,0,2026-08-26T05:40:00Z,Neil Patel,Other,3 Ways To Get Found (Not Just Google) #shorts,4254,120,53
UgycC-mWviM8_Lv5Rop4AaABAg,spPdWLcVAoU,@ljanu,Marketing,0,2026-08-26T05:56:44Z,Neil Patel,Other,3 Ways To Get Found (Not Just Google) #shorts,4254,120,53
UgygGsi1mCmmzZvo9cp4AaABAg,spPdWLcVAoU,@ChristianRivard9,Marketing,0,2026-08-26T06:33:59Z,Neil Patel,Other,3 Ways To Get Found (Not Just Google) #shorts,4254,120,53
UgzF4shpYxeHwHJkuDV4AaABAg,spPdWLcVAoU,@SeniorsFitnessTech,Marketing,0,2026-08-26T07:16:31Z,Neil Patel,Other,3 Ways To Get Found (Not Just Google) #shorts,4254,120,53
Ugx_ktkI4AvqSr3ep014AaABAg,spPdWLcVAoU,@DaraghJordan,Marketing,0,2026-08-26T07:21:59Z,Neil Patel,Other,3 Ways To Get Found (Not Just Google) #shorts,4254,120,53
Ugx0csJyuODeqkCO9RJ4AaABAg,spPdWLcVAoU,@srinivasshastry7497,Marketing,0,2026-08-26T07:36:23Z,Neil Patel,Other,3 Ways To Get Found (Not Just Google) #shorts,4254,120,53
UgzpXwcWSajAVCkvewN4AaABAg,spPdWLcVAoU,@vaunmcaleer8313,Marketing,0,2026-08-26T07:58:10Z,Neil Patel,Other,3 Ways To Get Found (Not Just Google) #shorts,4254,120,53
Ugyz0wJaCTjRIt0wVKB4AaABAg,spPdWLcVAoU,@trendsandconcepts,Marketing,0,2026-08-26T08:54:34Z,Neil Patel,Other,3 Ways To Get Found (Not Just Google) #shorts,4254,120,53
Ugx4sZ-nh7TQqfWJ6Ph4AaABAg,spPdWLcVAoU,@robmurphy1558,Marketing,0,2026-08-26T09:23:08Z,Neil Patel,Other,3 Ways To Get Found (Not Just Google) #shorts,4254,120,53
Ugw1f5up43RSPQhc1wR4AaABAg,spPdWLcVAoU,@nyashacharowa9882,Marketing,0,2026-08-26T10:06:06Z,Neil Patel,Other,3 Ways To Get Found (Not Just Google) #shorts,4254,120,53
UgyBh0qaxg5xRn7FsOt4AaABAg,spPdWLcVAoU,@Siriva-Content,Marketing,0,2026-08-26T10:56:59Z,Neil Patel,Other,3 Ways To Get Found (Not Just Google) #shorts,4254,120,53
UgzSox2SFB-whUjhmAR4AaABAg,spPdWLcVAoU,@JiyooTheAdmired,Marketing,0,2026-08-26T12:00:01Z,Neil Patel,Other,3 Ways To Get Found (Not Just Google) #shorts,4254,120,53
Ugw5b_JWtvDN_e9_7sJ4AaABAg,spPdWLcVAoU,@energyandbalanceuk,Marketing,0,2026-08-26T12:03:18Z,Neil Patel,Other,3 Ways To Get Found (Not Just Google) #shorts,4254,120,53
Ugwre_MrvvGU1ZHO2954AaABAg,spPdWLcVAoU,@shasim77,Marketing,0,2026-08-26T12:41:29Z,Neil Patel,Other,3 Ways To Get Found (Not Just Google) #shorts,4254,120,53
UgwS34shNeQCBfgFMeR4AaABAg,spPdWLcVAoU,@Midohioforklift,Marketing,0,2026-08-26T13:19:48Z,Neil Patel,Other,3 Ways To Get Found (Not Just Google) #shorts,4254,120,53
UgwxFxq3CRSxu_9N_E94AaABAg,spPdWLcVAoU,@TAGR13,Marketing,0,2026-08-26T13:24:05Z,Neil Patel,Other,3 Ways To Get Found (Not Just Google) #shorts,4254,120,53
UgwnkLOTSxLGxDsr-ZV4AaABAg,spPdWLcVAoU,@vilasrathod2157,Marketing,0,2026-08-26T14:48:16Z,Neil Patel,Other,3 Ways To Get Found (Not Just Google) #shorts,4254,120,53
UgxrC1KpaykTkPYXFYd4AaABAg,spPdWLcVAoU,@sauravadhikari6754,Marketing,0,2026-08-26T17:09:45Z,Neil Patel,Other,3 Ways To Get Found (Not Just Google) #shorts,4254,120,53
UgwlX2WhVnQToD4cp314AaABAg,spPdWLcVAoU,@emekaudeogu,Marketing,0,2026-08-26T17:48:57Z,Neil Patel,Other,3 Ways To Get Found (Not Just Google) #shorts,4254,120,53
UgxvglYwYNi2G8_azOx4AaABAg,spPdWLcVAoU,@scotthunt7641,Marketing,0,2026-08-26T21:36:41Z,Neil Patel,Other,3 Ways To Get Found (Not Just Google) #shorts,4254,120,53
Ugw8HeE7u9-LGbUpvYR4AaABAg,spPdWLcVAoU,@mansour-fouad,Marketing,0,2026-08-27T00:03:04Z,Neil Patel,Other,3 Ways To Get Found (Not Just Google) #shorts,4254,120,53
UgxHXLyJN_FKOs9tCNN4AaABAg,spPdWLcVAoU,@bradshipwayproperty,Marketing,0,2026-08-27T00:51:47Z,Neil Patel,Other,3 Ways To Get Found (Not Just Google) #shorts,4254,120,53
UgxO8rYrVZqwzT4llXN4AaABAg,spPdWLcVAoU,@mireladelegeanu3245,Marketing,0,2026-08-27T04:25:50Z,Neil Patel,Other,3 Ways To Get Found (Not Just Google) #shorts,4254,120,53
UgxVmEwwVs2kp3EyDOd4AaABAg,spPdWLcVAoU,@BillionaireBoone,Marketing,0,2026-08-27T13:37:04Z,Neil Patel,Other,3 Ways To Get Found (Not Just Google) #shorts,4254,120,53
Ugznu7fIarbgCfUEqap4AaABAg,spPdWLcVAoU,@Sam-p2i2q,Marketing,0,2026-08-27T16:00:52Z,Neil Patel,Other,3 Ways To Get Found (Not Just Google) #shorts,4254,120,53
UgzaMJWAL45N0m2pIgN4AaABAg,spPdWLcVAoU,@jareedh,Marketing,0,2026-08-28T20:53:03Z,Neil Patel,Other,3 Ways To Get Found (Not Just Google) #shorts,4254,120,53
Ugws8cg7-a79lifK3Jh4AaABAg,spPdWLcVAoU,@noura5027_k2w,Marketing,0,2026-08-29T11:56:09Z,Neil Patel,Other,3 Ways To Get Found (Not Just Google) #shorts,4254,120,53
UgwU_iBxKSNksfCRfZt4AaABAg,spPdWLcVAoU,@Kamalsth1997,Marketing,0,2026-09-02T14:52:55Z,Neil Patel,Other,3 Ways To Get Found (Not Just Google) #shorts,4254,120,53
Ugw6Fz8JgxShHFwd2bR4AaABAg,spPdWLcVAoU,@RedactForce,Marketing,0,2026-09-23T11:13:33Z,Neil Patel,Other,3 Ways To Get Found (Not Just Google) #shorts,4254,120,53
Ugw5w6DBODvjc3ty0OB4AaABAg,XzakM_-uKzI,@quincysolano7651,This is good advice and timeless. Would be good 20 years ago. And this would be good 20 years from now.,1,2026-09-07T19:24:15Z,Neil Patel,Other,Start an Agency in 2026 (The Right Way) #shorts,4206,204,6
UgwB2PhYTBaHIXFN49x4AaABAg,XzakM_-uKzI,@IssBiz28,"Good words , Keep On Striving",0,2026-09-07T18:59:42Z,Neil Patel,Other,Start an Agency in 2026 (The Right Way) #shorts,4206,204,6
UgwUFbdNAnGWbvix1iZ4AaABAg,XzakM_-uKzI,@letsbox-p8b,You're doing ads now? The reason you're the only marketer I follow is exactly because you didn't do ads and try to pull shady tactics to trick people.,6,2026-09-07T18:22:51Z,Neil Patel,Other,Start an Agency in 2026 (The Right Way) #shorts,4206,204,6
Ugxy8zE4eeUsMjZBBjp4AaABAg,XzakM_-uKzI,@drvijay009,Can we get more details ?,0,2026-09-17T04:55:45Z,Neil Patel,Other,Start an Agency in 2026 (The Right Way) #shorts,4206,204,6
Ugw4C1lD1luOr_vBqPR4AaABAg,Cbd51UTxEVA,@leroysmith7809,I don't think backlinks will die. Everyone needs backlinks to build authority. AI Tools like ChatGPT and Gemini prefer citing authority websites first. And authority is built through backlinks. What is the future of this? Can you highlight about backlinks in detail.,1,2026-08-18T12:29:13Z,Neil Patel,Other,Backlinks Scored 1.9 Out of 5 #shorts,3922,106,3
UgxhZrJ2vj8_386x8Cd4AaABAg,Cbd51UTxEVA,@tighafongot,Well can you pls do a video whether if client redesigning their website help in AI visibility understand. Because some website are still outdated. So if updating and redesigning your website isa good. So it can catch up and compete with it competitors,1,2026-08-18T13:16:40Z,Neil Patel,Other,Backlinks Scored 1.9 Out of 5 #shorts,3922,106,3
UgwfcVBg00k6k8soX9l4AaABAg,Cbd51UTxEVA,@budgetbrudekjoler,Ja backlinks are about to dyiiiii,0,2026-08-23T10:36:42Z,Neil Patel,Other,Backlinks Scored 1.9 Out of 5 #shorts,3922,106,3
Ugyk4oeODe1A4fuxp0h4AaABAg,Kxt-Oklum3g,@IssBiz28,Good sharing every post !😊,0,2026-09-13T07:36:35Z,Neil Patel,Other,The Publishers Who Built Google Are Now Suing It #shorts,3839,111,5
UgxBWX6DKG-zOk8CfLV4AaABAg,Kxt-Oklum3g,@BloodyIron,The conversions may be higher quality but that doesn't mean Google isn't ripping the Internet off. It's Copyright infringement for Google to present the material of others like this.,0,2026-09-15T01:39:34Z,Neil Patel,Other,The Publishers Who Built Google Are Now Suing It #shorts,3839,111,5
UgxsuqizkFKovMLgYgF4AaABAg,Kxt-Oklum3g,@rokonranaa,💚💚💚💚,0,2026-09-12T18:59:15Z,Neil Patel,Other,The Publishers Who Built Google Are Now Suing It #shorts,3839,111,5
UgyPtnurrrhpiTPAFzV4AaABAg,Kxt-Oklum3g,@Sashi_08,"You said ""AA"" every time you meant AI.",0,2026-09-12T19:27:57Z,Neil Patel,Other,The Publishers Who Built Google Are Now Suing It #shorts,3839,111,5
UgwrBpoWecHJEhd4GGp4AaABAg,Kxt-Oklum3g,@tjsbbi,This just hands even more market control to Google. Google long abandoned any attempt to bring searchers the best results. Now it's paid promotions and legacy incumbents,0,2026-09-12T21:03:01Z,Neil Patel,Other,The Publishers Who Built Google Are Now Suing It #shorts,3839,111,5
Ugwphhr9eodQx5EOV5N4AaABAg,_c2Pd9s8DCc,@donbobo6083,ATP.,1,2026-08-24T09:09:55Z,Neil Patel,Other,These 5 Tactics Keep Me Ahead #shorts,3760,167,42
Ugw0TxFXb-JVue4g6RN4AaABAg,_c2Pd9s8DCc,@MfI-q4f,Tenks,0,2026-08-25T17:34:25Z,Neil Patel,Other,These 5 Tactics Keep Me Ahead #shorts,3760,167,42
Ugxo3Rk67WzG5azzGAh4AaABAg,_c2Pd9s8DCc,@jayajaythrive,ATP,1,2026-08-23T19:01:52Z,Neil Patel,Other,These 5 Tactics Keep Me Ahead #shorts,3760,167,42
UgyM4HZpoE5EIR49bjd4AaABAg,_c2Pd9s8DCc,@sophielittlegremlin,Love these tips,0,2026-08-23T20:36:50Z,Neil Patel,Other,These 5 Tactics Keep Me Ahead #shorts,3760,167,42
UgysEynbG9Tv4evrRSN4AaABAg,_c2Pd9s8DCc,@IssBiz28,Thats a cool facts,0,2026-08-24T02:41:58Z,Neil Patel,Other,These 5 Tactics Keep Me Ahead #shorts,3760,167,42
UgyjruRxhdL2J7Hg0eJ4AaABAg,_c2Pd9s8DCc,@brentplascencia9798,AtP,0,2026-08-23T18:29:20Z,Neil Patel,Other,These 5 Tactics Keep Me Ahead #shorts,3760,167,42
Ugw-lAPCBRRLn_4D0nZ4AaABAg,_c2Pd9s8DCc,@MarkoCovic,Atp,0,2026-08-23T22:43:49Z,Neil Patel,Other,These 5 Tactics Keep Me Ahead #shorts,3760,167,42
Ugwtb5UF40peRnpfHzR4AaABAg,_c2Pd9s8DCc,@ShahrukhPollob,atp,0,2026-08-23T20:06:07Z,Neil Patel,Other,These 5 Tactics Keep Me Ahead #shorts,3760,167,42
Ugyox7vyqaDOjFpnkEV4AaABAg,_c2Pd9s8DCc,@atulprasadgupta892,ATP,0,2026-08-24T01:42:12Z,Neil Patel,Other,These 5 Tactics Keep Me Ahead #shorts,3760,167,42
UgwNUF75Z8oTbkSLxxB4AaABAg,_c2Pd9s8DCc,@sameerlakhani_marketing,Atp,0,2026-08-24T04:34:24Z,Neil Patel,Other,These 5 Tactics Keep Me Ahead #shorts,3760,167,42
Ugy9YSF1ZpFnucBTZud4AaABAg,_c2Pd9s8DCc,@carlalend,atp,0,2026-08-24T23:13:35Z,Neil Patel,Other,These 5 Tactics Keep Me Ahead #shorts,3760,167,42
UgzLOqMmX9v4ThA29894AaABAg,_c2Pd9s8DCc,@James_Burgin,Atp,0,2026-08-24T07:03:32Z,Neil Patel,Other,These 5 Tactics Keep Me Ahead #shorts,3760,167,42
Ugy9PQXUu3HjrKDrmw14AaABAg,_c2Pd9s8DCc,@EcomYogiG,ATP,0,2026-08-24T07:12:08Z,Neil Patel,Other,These 5 Tactics Keep Me Ahead #shorts,3760,167,42
UgwXMZm0IoDoxPuyXn14AaABAg,_c2Pd9s8DCc,@Zest-City,Atp,0,2026-08-24T07:13:18Z,Neil Patel,Other,These 5 Tactics Keep Me Ahead #shorts,3760,167,42
UgwZnRrTYA9AfdA1jU14AaABAg,_c2Pd9s8DCc,@priyankgthakkar,ATP,0,2026-08-24T04:02:55Z,Neil Patel,Other,These 5 Tactics Keep Me Ahead #shorts,3760,167,42
UgxX16nWz1h0R4gQKMd4AaABAg,_c2Pd9s8DCc,@shiprasrivastava9293,Atp,0,2026-08-24T14:18:52Z,Neil Patel,Other,These 5 Tactics Keep Me Ahead #shorts,3760,167,42
UgyPkUyYTJhqvcLCl054AaABAg,_c2Pd9s8DCc,@TKINDUS_63,ATP,0,2026-08-24T07:25:44Z,Neil Patel,Other,These 5 Tactics Keep Me Ahead #shorts,3760,167,42
Ugy95uhWdEXmq17ueZd4AaABAg,_c2Pd9s8DCc,@Marketingwithmori,Atp,0,2026-08-25T17:08:17Z,Neil Patel,Other,These 5 Tactics Keep Me Ahead #shorts,3760,167,42
UgwpxeICMb5VdeWRjI14AaABAg,_c2Pd9s8DCc,@stephaniedlaroy,ATP,0,2026-08-24T08:17:56Z,Neil Patel,Other,These 5 Tactics Keep Me Ahead #shorts,3760,167,42
Ugy8fGt5EwhqUQ9igyx4AaABAg,_c2Pd9s8DCc,@MfI-q4f,Atp,0,2026-08-25T17:35:02Z,Neil Patel,Other,These 5 Tactics Keep Me Ahead #shorts,3760,167,42
Ugw9bml6UObL9gqDDAt4AaABAg,_c2Pd9s8DCc,@joycefourmile1619,ATP,0,2026-08-24T08:55:32Z,Neil Patel,Other,These 5 Tactics Keep Me Ahead #shorts,3760,167,42
Ugw5ajwhJDJIJ2AQYuB4AaABAg,_c2Pd9s8DCc,@MackstersTwins,ATP,0,2026-08-24T10:19:03Z,Neil Patel,Other,These 5 Tactics Keep Me Ahead #shorts,3760,167,42
UgzdSwuTtnEf1nShYRx4AaABAg,_c2Pd9s8DCc,@AIAnimBaazi,ATP,0,2026-08-24T12:32:19Z,Neil Patel,Other,These 5 Tactics Keep Me Ahead #shorts,3760,167,42
UgzyeymuiykD62BqHLx4AaABAg,_c2Pd9s8DCc,@Connys_Elternsupport,ATP,0,2026-08-24T15:34:30Z,Neil Patel,Other,These 5 Tactics Keep Me Ahead #shorts,3760,167,42
UgwM-Yf6ROGUWpKbKQF4AaABAg,_c2Pd9s8DCc,@user-vl8jv9fs5z,ATP,0,2026-08-24T16:54:36Z,Neil Patel,Other,These 5 Tactics Keep Me Ahead #shorts,3760,167,42
UgxIICwo0Nsk2Gq07ox4AaABAg,_c2Pd9s8DCc,@alfredneba2337,ATP,0,2026-08-24T16:56:34Z,Neil Patel,Other,These 5 Tactics Keep Me Ahead #shorts,3760,167,42
UgysuG7VdFp7sy-WoOJ4AaABAg,_c2Pd9s8DCc,@NishchalC,ATP,0,2026-08-24T17:09:46Z,Neil Patel,Other,These 5 Tactics Keep Me Ahead #shorts,3760,167,42
Ugz8IjHI03fUu43b_uJ4AaABAg,_c2Pd9s8DCc,@mathewkoshy8813,ATP,0,2026-08-24T18:13:18Z,Neil Patel,Other,These 5 Tactics Keep Me Ahead #shorts,3760,167,42
UgwjK_WPJFDxeysJzSl4AaABAg,_c2Pd9s8DCc,@stephensiyanga5543,ATP,0,2026-08-24T18:15:57Z,Neil Patel,Other,These 5 Tactics Keep Me Ahead #shorts,3760,167,42
UgyWi1B57Yze7F9Rtxh4AaABAg,_c2Pd9s8DCc,@SimoJaouadi,ATP,0,2026-08-24T18:17:15Z,Neil Patel,Other,These 5 Tactics Keep Me Ahead #shorts,3760,167,42
UgxvYVQGVh8VPf73flx4AaABAg,_c2Pd9s8DCc,@AlexanderLiendl,ATP,0,2026-08-24T21:16:05Z,Neil Patel,Other,These 5 Tactics Keep Me Ahead #shorts,3760,167,42
UgzzoIrdt5efal5RNDN4AaABAg,_c2Pd9s8DCc,@mansour-fouad,ATP,0,2026-08-24T23:59:49Z,Neil Patel,Other,These 5 Tactics Keep Me Ahead #shorts,3760,167,42
UgyHXgLIKmqucENpakh4AaABAg,_c2Pd9s8DCc,@Siriva-Content,ATP,0,2026-08-25T00:01:54Z,Neil Patel,Other,These 5 Tactics Keep Me Ahead #shorts,3760,167,42
UgxsmdVgBTHinzLspzp4AaABAg,_c2Pd9s8DCc,@michaelnorris469,ATP,0,2026-08-25T12:00:46Z,Neil Patel,Other,These 5 Tactics Keep Me Ahead #shorts,3760,167,42
UgxKVi_AZvU6BifBdNJ4AaABAg,_c2Pd9s8DCc,@MichaelEkundina,ATP,0,2026-08-25T12:10:07Z,Neil Patel,Other,These 5 Tactics Keep Me Ahead #shorts,3760,167,42
UgyjY03YCjT5Ex2tm2l4AaABAg,_c2Pd9s8DCc,@davidmkservicios,ATP,0,2026-08-25T19:45:52Z,Neil Patel,Other,These 5 Tactics Keep Me Ahead #shorts,3760,167,42
Ugwo7s0UrtVOWhN9ICd4AaABAg,_c2Pd9s8DCc,@KAson-s3f,ATP,0,2026-08-26T01:03:19Z,Neil Patel,Other,These 5 Tactics Keep Me Ahead #shorts,3760,167,42
UgzX6h_JXF4N3JTg-ud4AaABAg,_c2Pd9s8DCc,@ctrade8837,ATP,0,2026-08-26T04:35:49Z,Neil Patel,Other,These 5 Tactics Keep Me Ahead #shorts,3760,167,42
UgwziVWUL9yi5Ix85YF4AaABAg,_c2Pd9s8DCc,@ahmedsalah4065,ATP,0,2026-08-26T08:46:09Z,Neil Patel,Other,These 5 Tactics Keep Me Ahead #shorts,3760,167,42
UgwXLPsmpisEnTsrJYZ4AaABAg,_c2Pd9s8DCc,@bazigagaj,ATP,0,2026-08-27T09:44:11Z,Neil Patel,Other,These 5 Tactics Keep Me Ahead #shorts,3760,167,42
UgwJbLKGVKGmet71kRJ4AaABAg,_c2Pd9s8DCc,@rachelpirola4985,ATP,0,2026-08-28T07:43:01Z,Neil Patel,Other,These 5 Tactics Keep Me Ahead #shorts,3760,167,42
UgwPU11aabK4cjuzLUB4AaABAg,_c2Pd9s8DCc,@Kartik-s4z6v,ATP,0,2026-08-28T18:43:15Z,Neil Patel,Other,These 5 Tactics Keep Me Ahead #shorts,3760,167,42
UgyHEWi88-X265BI7hx4AaABAg,pfqflCgo8jw,@NURENI01,The body is bad but the engine is still available but few knows.,1,2026-09-06T18:16:43Z,Neil Patel,Other,$10M for a Bankrupt Airline's Inbox? #shorts,3640,106,2
UgxijkZpYC2uw0Oe_yB4AaABAg,pfqflCgo8jw,@MohitDigitech,Nice 🎉,1,2026-09-06T18:09:20Z,Neil Patel,Other,$10M for a Bankrupt Airline's Inbox? #shorts,3640,106,2
